<?xml version="1.0" encoding="UTF-8"?>
<gpx creator="https://gpx.studio" version="1.1" xmlns="http://www.topografix.com/GPX/1/1" xmlns:xsi="http://www.w3.org/2001/XMLSchema-instance" xsi:schemaLocation="http://www.topografix.com/GPX/1/1 http://www.topografix.com/GPX/1/1/gpx.xsd http://www.garmin.com/xmlschemas/GpxExtensions/v3 http://www.garmin.com/xmlschemas/GpxExtensionsv3.xsd http://www.garmin.com/xmlschemas/TrackPointExtension/v1 http://www.garmin.com/xmlschemas/TrackPointExtensionv1.xsd http://www.garmin.com/xmlschemas/PowerExtension/v1 http://www.garmin.com/xmlschemas/PowerExtensionv1.xsd http://www.topografix.com/GPX/gpx_style/0/2 http://www.topografix.com/GPX/gpx_style/0/2/gpx_style.xsd" xmlns:gpxtpx="http://www.garmin.com/xmlschemas/TrackPointExtension/v1" xmlns:gpxx="http://www.garmin.com/xmlschemas/GpxExtensions/v3" xmlns:gpxpx="http://www.garmin.com/xmlschemas/PowerExtension/v1" xmlns:gpx_style="http://www.topografix.com/GPX/gpx_style/0/2">
  <metadata>
    <name>benageber-backwards</name>
    <author>
      <name>gpx.studio</name>
      <link href="https://gpx.studio"/>
    </author>
  </metadata>
  <trk>
    <name>benageber-backwards</name>
    <trkseg>
      <trkpt lat="39.537147" lon="-1.441258">
        <ele>854.75</ele>
      </trkpt>
      <trkpt lat="39.537142" lon="-1.441282">
        <ele>855</ele>
      </trkpt>
      <trkpt lat="39.536796" lon="-1.440981">
        <ele>854</ele>
      </trkpt>
      <trkpt lat="39.536763" lon="-1.440963">
        <ele>854</ele>
      </trkpt>
      <trkpt lat="39.53662" lon="-1.440918">
        <ele>853.5</ele>
      </trkpt>
      <trkpt lat="39.536518" lon="-1.440895">
        <ele>853</ele>
      </trkpt>
      <trkpt lat="39.536451" lon="-1.440869">
        <ele>852.5</ele>
      </trkpt>
      <trkpt lat="39.536437" lon="-1.440846">
        <ele>852.5</ele>
      </trkpt>
      <trkpt lat="39.536475" lon="-1.440783">
        <ele>852.5</ele>
      </trkpt>
      <trkpt lat="39.536485" lon="-1.440745">
        <ele>852.5</ele>
      </trkpt>
      <trkpt lat="39.536486" lon="-1.440664">
        <ele>852</ele>
      </trkpt>
      <trkpt lat="39.536476" lon="-1.440625">
        <ele>851.75</ele>
      </trkpt>
      <trkpt lat="39.536442" lon="-1.440565">
        <ele>851.25</ele>
      </trkpt>
      <trkpt lat="39.536418" lon="-1.440543">
        <ele>851</ele>
      </trkpt>
      <trkpt lat="39.536364" lon="-1.440519">
        <ele>850.75</ele>
      </trkpt>
      <trkpt lat="39.536335" lon="-1.440518">
        <ele>850.5</ele>
      </trkpt>
      <trkpt lat="39.536262" lon="-1.440233">
        <ele>849</ele>
      </trkpt>
      <trkpt lat="39.536162" lon="-1.439868">
        <ele>847</ele>
      </trkpt>
      <trkpt lat="39.536222" lon="-1.439724">
        <ele>847</ele>
      </trkpt>
      <trkpt lat="39.536126" lon="-1.439633">
        <ele>846.25</ele>
      </trkpt>
      <trkpt lat="39.536018" lon="-1.439561">
        <ele>845.5</ele>
      </trkpt>
      <trkpt lat="39.535554" lon="-1.439252">
        <ele>844.25</ele>
      </trkpt>
      <trkpt lat="39.535322" lon="-1.439059">
        <ele>844.75</ele>
      </trkpt>
      <trkpt lat="39.535174" lon="-1.43889">
        <ele>845.25</ele>
      </trkpt>
      <trkpt lat="39.535011" lon="-1.438671">
        <ele>846</ele>
      </trkpt>
      <trkpt lat="39.534724" lon="-1.438274">
        <ele>846.75</ele>
      </trkpt>
      <trkpt lat="39.534662" lon="-1.438179">
        <ele>846.75</ele>
      </trkpt>
      <trkpt lat="39.534511" lon="-1.437969">
        <ele>847.25</ele>
      </trkpt>
      <trkpt lat="39.534399" lon="-1.437813">
        <ele>847.75</ele>
      </trkpt>
      <trkpt lat="39.534331" lon="-1.437718">
        <ele>848</ele>
      </trkpt>
      <trkpt lat="39.534253" lon="-1.437603">
        <ele>848.5</ele>
      </trkpt>
      <trkpt lat="39.534189" lon="-1.437512">
        <ele>848.75</ele>
      </trkpt>
      <trkpt lat="39.533966" lon="-1.437191">
        <ele>848.75</ele>
      </trkpt>
      <trkpt lat="39.533814" lon="-1.436977">
        <ele>849</ele>
      </trkpt>
      <trkpt lat="39.53353" lon="-1.436564">
        <ele>850</ele>
      </trkpt>
      <trkpt lat="39.533431" lon="-1.436425">
        <ele>850.25</ele>
      </trkpt>
      <trkpt lat="39.533286" lon="-1.436224">
        <ele>850.75</ele>
      </trkpt>
      <trkpt lat="39.5331" lon="-1.435967">
        <ele>850.25</ele>
      </trkpt>
      <trkpt lat="39.532777" lon="-1.435537">
        <ele>850.25</ele>
      </trkpt>
      <trkpt lat="39.532621" lon="-1.435375">
        <ele>850.25</ele>
      </trkpt>
      <trkpt lat="39.532486" lon="-1.435253">
        <ele>850.75</ele>
      </trkpt>
      <trkpt lat="39.532205" lon="-1.435039">
        <ele>851.25</ele>
      </trkpt>
      <trkpt lat="39.531937" lon="-1.434889">
        <ele>851.5</ele>
      </trkpt>
      <trkpt lat="39.531759" lon="-1.434811">
        <ele>851.25</ele>
      </trkpt>
      <trkpt lat="39.531553" lon="-1.434741">
        <ele>851.25</ele>
      </trkpt>
      <trkpt lat="39.531385" lon="-1.434701">
        <ele>851.25</ele>
      </trkpt>
      <trkpt lat="39.531199" lon="-1.434671">
        <ele>851.25</ele>
      </trkpt>
      <trkpt lat="39.531017" lon="-1.434657">
        <ele>851.25</ele>
      </trkpt>
      <trkpt lat="39.530818" lon="-1.434658">
        <ele>851.25</ele>
      </trkpt>
      <trkpt lat="39.530342" lon="-1.434712">
        <ele>853</ele>
      </trkpt>
      <trkpt lat="39.529886" lon="-1.434781">
        <ele>853.5</ele>
      </trkpt>
      <trkpt lat="39.529597" lon="-1.434802">
        <ele>852.75</ele>
      </trkpt>
      <trkpt lat="39.529268" lon="-1.434813">
        <ele>851.75</ele>
      </trkpt>
      <trkpt lat="39.529084" lon="-1.434806">
        <ele>851.75</ele>
      </trkpt>
      <trkpt lat="39.5287" lon="-1.434749">
        <ele>853.5</ele>
      </trkpt>
      <trkpt lat="39.528588" lon="-1.434755">
        <ele>853.75</ele>
      </trkpt>
      <trkpt lat="39.528427" lon="-1.434777">
        <ele>854.25</ele>
      </trkpt>
      <trkpt lat="39.528383" lon="-1.434811">
        <ele>854.25</ele>
      </trkpt>
      <trkpt lat="39.528334" lon="-1.434829">
        <ele>854.5</ele>
      </trkpt>
      <trkpt lat="39.528307" lon="-1.434832">
        <ele>854.5</ele>
      </trkpt>
      <trkpt lat="39.528243" lon="-1.43482">
        <ele>854.75</ele>
      </trkpt>
      <trkpt lat="39.528186" lon="-1.434782">
        <ele>855</ele>
      </trkpt>
      <trkpt lat="39.528141" lon="-1.434722">
        <ele>855.25</ele>
      </trkpt>
      <trkpt lat="39.528113" lon="-1.434646">
        <ele>855.5</ele>
      </trkpt>
      <trkpt lat="39.528027" lon="-1.434579">
        <ele>856</ele>
      </trkpt>
      <trkpt lat="39.527901" lon="-1.434503">
        <ele>856.5</ele>
      </trkpt>
      <trkpt lat="39.527769" lon="-1.43445">
        <ele>856.75</ele>
      </trkpt>
      <trkpt lat="39.527415" lon="-1.434307">
        <ele>857.75</ele>
      </trkpt>
      <trkpt lat="39.527258" lon="-1.434245">
        <ele>858.25</ele>
      </trkpt>
      <trkpt lat="39.527136" lon="-1.434244">
        <ele>858.5</ele>
      </trkpt>
      <trkpt lat="39.527036" lon="-1.434259">
        <ele>858.75</ele>
      </trkpt>
      <trkpt lat="39.526993" lon="-1.434302">
        <ele>858.75</ele>
      </trkpt>
      <trkpt lat="39.526941" lon="-1.434325">
        <ele>859</ele>
      </trkpt>
      <trkpt lat="39.526886" lon="-1.434325">
        <ele>859</ele>
      </trkpt>
      <trkpt lat="39.526834" lon="-1.434303">
        <ele>859.25</ele>
      </trkpt>
      <trkpt lat="39.526792" lon="-1.434263">
        <ele>859.5</ele>
      </trkpt>
      <trkpt lat="39.526761" lon="-1.434208">
        <ele>859.5</ele>
      </trkpt>
      <trkpt lat="39.526744" lon="-1.434143">
        <ele>859.75</ele>
      </trkpt>
      <trkpt lat="39.526744" lon="-1.434101">
        <ele>860</ele>
      </trkpt>
      <trkpt lat="39.526664" lon="-1.433947">
        <ele>861.25</ele>
      </trkpt>
      <trkpt lat="39.526613" lon="-1.43391">
        <ele>861.5</ele>
      </trkpt>
      <trkpt lat="39.526569" lon="-1.433905">
        <ele>861.75</ele>
      </trkpt>
      <trkpt lat="39.526366" lon="-1.433717">
        <ele>863</ele>
      </trkpt>
      <trkpt lat="39.526017" lon="-1.433377">
        <ele>864.2901450917814</ele>
      </trkpt>
      <trkpt lat="39.52566483197626" lon="-1.433014523366764">
        <ele>865.9446107636679</ele>
      </trkpt>
      <trkpt lat="39.525353539077685" lon="-1.4326941183492181">
        <ele>867.3915932254132</ele>
      </trkpt>
      <trkpt lat="39.524949381317256" lon="-1.4324385895189735">
        <ele>865.307966895263</ele>
      </trkpt>
      <trkpt lat="39.524545223556835" lon="-1.432183060688729">
        <ele>862.10763794682</ele>
      </trkpt>
      <trkpt lat="39.52414106579641" lon="-1.4319275318584843">
        <ele>858.723641233147</ele>
      </trkpt>
      <trkpt lat="39.523736908035985" lon="-1.4316720030282395">
        <ele>859.5817671214954</ele>
      </trkpt>
      <trkpt lat="39.52333275027556" lon="-1.431416474197995">
        <ele>859.669768467552</ele>
      </trkpt>
      <trkpt lat="39.522928592515136" lon="-1.4311609453677503">
        <ele>858.9233549443784</ele>
      </trkpt>
      <trkpt lat="39.52252443475471" lon="-1.4309054165375057">
        <ele>858.9266627809732</ele>
      </trkpt>
      <trkpt lat="39.522120276994286" lon="-1.430649887707261">
        <ele>858.2642540416648</ele>
      </trkpt>
      <trkpt lat="39.52171611923386" lon="-1.4303943588770165">
        <ele>855.9604338973771</ele>
      </trkpt>
      <trkpt lat="39.52138149388787" lon="-1.4301827919306334">
        <ele>856.1445382691688</ele>
      </trkpt>
      <trkpt lat="39.52093195648805" lon="-1.4301964131409652">
        <ele>859.2818556845665</ele>
      </trkpt>
      <trkpt lat="39.52048241908822" lon="-1.4302100343512971">
        <ele>860.1335239558499</ele>
      </trkpt>
      <trkpt lat="39.520032881688394" lon="-1.430223655561629">
        <ele>858.7510788938915</ele>
      </trkpt>
      <trkpt lat="39.51958334428857" lon="-1.4302372767719609">
        <ele>856.3171603763997</ele>
      </trkpt>
      <trkpt lat="39.51918167317018" lon="-1.430249447609782">
        <ele>856.1490298616865</ele>
      </trkpt>
      <trkpt lat="39.51878918897635" lon="-1.429965006678829">
        <ele>856.866867520707</ele>
      </trkpt>
      <trkpt lat="39.51839670478251" lon="-1.4296805657478757">
        <ele>854.0761150559047</ele>
      </trkpt>
      <trkpt lat="39.51800422058868" lon="-1.4293961248169227">
        <ele>853.898430079921</ele>
      </trkpt>
      <trkpt lat="39.51761173639485" lon="-1.4291116838859694">
        <ele>855.7588920735255</ele>
      </trkpt>
      <trkpt lat="39.51721925220101" lon="-1.4288272429550164">
        <ele>856.397046802986</ele>
      </trkpt>
      <trkpt lat="39.51682676800718" lon="-1.4285428020240631">
        <ele>856.7753502374102</ele>
      </trkpt>
      <trkpt lat="39.51643428381334" lon="-1.42825836109311">
        <ele>855.6319142798433</ele>
      </trkpt>
      <trkpt lat="39.51604179961951" lon="-1.4279739201621569">
        <ele>853.2210471118062</ele>
      </trkpt>
      <trkpt lat="39.51564931542568" lon="-1.4276894792312038">
        <ele>850.4973134036413</ele>
      </trkpt>
      <trkpt lat="39.51525683123184" lon="-1.4274050383002506">
        <ele>849.1280000956733</ele>
      </trkpt>
      <trkpt lat="39.51486434703801" lon="-1.4271205973692975">
        <ele>850.9179830811456</ele>
      </trkpt>
      <trkpt lat="39.514471862844175" lon="-1.4268361564383445">
        <ele>855.8635443165156</ele>
      </trkpt>
      <trkpt lat="39.51407937865034" lon="-1.4265517155073912">
        <ele>854.4947916534232</ele>
      </trkpt>
      <trkpt lat="39.513686894456505" lon="-1.4262672745764382">
        <ele>849.912374595344</ele>
      </trkpt>
      <trkpt lat="39.51329441026267" lon="-1.425982833645485">
        <ele>844.1276753377413</ele>
      </trkpt>
      <trkpt lat="39.512901926068835" lon="-1.425698392714532">
        <ele>843.2930057098579</ele>
      </trkpt>
      <trkpt lat="39.512509441875004" lon="-1.4254139517835787">
        <ele>842.674586889897</ele>
      </trkpt>
      <trkpt lat="39.51218761196819" lon="-1.42518071538899">
        <ele>842.2004838454494</ele>
      </trkpt>
      <trkpt lat="39.51178161089043" lon="-1.4249301977242423">
        <ele>843.5390131069615</ele>
      </trkpt>
      <trkpt lat="39.51137560981268" lon="-1.4246796800594947">
        <ele>841.1968291884763</ele>
      </trkpt>
      <trkpt lat="39.510969608734925" lon="-1.424429162394747">
        <ele>841.4177199921987</ele>
      </trkpt>
      <trkpt lat="39.51056360765717" lon="-1.4241786447299993">
        <ele>842.5673816299594</ele>
      </trkpt>
      <trkpt lat="39.51015760657941" lon="-1.4239281270652517">
        <ele>844.6104674480861</ele>
      </trkpt>
      <trkpt lat="39.50975160550166" lon="-1.4236776094005041">
        <ele>845.1110002535007</ele>
      </trkpt>
      <trkpt lat="39.509345604423906" lon="-1.4234270917357565">
        <ele>846.7920366868332</ele>
      </trkpt>
      <trkpt lat="39.50893960334615" lon="-1.4231765740710087">
        <ele>849.8888750692702</ele>
      </trkpt>
      <trkpt lat="39.50853360226839" lon="-1.4229260564062611">
        <ele>851.0691667283197</ele>
      </trkpt>
      <trkpt lat="39.508127601190644" lon="-1.4226755387415135">
        <ele>854.5450181797319</ele>
      </trkpt>
      <trkpt lat="39.50772160011289" lon="-1.422425021076766">
        <ele>855.7797945612723</ele>
      </trkpt>
      <trkpt lat="39.50731559903513" lon="-1.4221745034120183">
        <ele>856.0236289648205</ele>
      </trkpt>
      <trkpt lat="39.50690959795738" lon="-1.4219239857472705">
        <ele>849.5730028254357</ele>
      </trkpt>
      <trkpt lat="39.506503596879625" lon="-1.421673468082523">
        <ele>844.9129446492074</ele>
      </trkpt>
      <trkpt lat="39.50609759580187" lon="-1.4214229504177753">
        <ele>839.5429561296779</ele>
      </trkpt>
      <trkpt lat="39.505754971720364" lon="-1.4212115387011863">
        <ele>836.9028031203899</ele>
      </trkpt>
      <trkpt lat="39.50571027547394" lon="-1.4206316322354637">
        <ele>836.6378380813055</ele>
      </trkpt>
      <trkpt lat="39.50568347714608" lon="-1.4202839403185692">
        <ele>833.8495337552403</ele>
      </trkpt>
      <trkpt lat="39.50526012522915" lon="-1.4204803582961825">
        <ele>834.1281069194125</ele>
      </trkpt>
      <trkpt lat="39.50483677331222" lon="-1.4206767762737955">
        <ele>836.5736453933644</ele>
      </trkpt>
      <trkpt lat="39.50441342139529" lon="-1.4208731942514088">
        <ele>840.4839233833136</ele>
      </trkpt>
      <trkpt lat="39.5042561489044" lon="-1.4209461622559445">
        <ele>842.5397512910886</ele>
      </trkpt>
      <trkpt lat="39.504182766185366" lon="-1.4203711952573974">
        <ele>838.678376792528</ele>
      </trkpt>
      <trkpt lat="39.50413396380168" lon="-1.419988819673108">
        <ele>836.9770248842588</ele>
      </trkpt>
      <trkpt lat="39.503692496702214" lon="-1.4198780791774415">
        <ele>834.8893152864184</ele>
      </trkpt>
      <trkpt lat="39.50325102960275" lon="-1.419767338681775">
        <ele>835.0801701100555</ele>
      </trkpt>
      <trkpt lat="39.50280956250329" lon="-1.4196565981861085">
        <ele>835.4202679078805</ele>
      </trkpt>
      <trkpt lat="39.502368095403824" lon="-1.4195458576904418">
        <ele>833.746781963949</ele>
      </trkpt>
      <trkpt lat="39.501943263740685" lon="-1.4194392901364665">
        <ele>833.3112515918563</ele>
      </trkpt>
      <trkpt lat="39.50168805364735" lon="-1.4189594869146498">
        <ele>830.534500926942</ele>
      </trkpt>
      <trkpt lat="39.50143284355402" lon="-1.4184796836928333">
        <ele>830.4221925918474</ele>
      </trkpt>
      <trkpt lat="39.50143176265723" lon="-1.4184776515719477">
        <ele>830.4286999032096</ele>
      </trkpt>
      <trkpt lat="39.50098356612625" lon="-1.4184306706933054">
        <ele>830.2199629345215</ele>
      </trkpt>
      <trkpt lat="39.50053536959526" lon="-1.4183836898146631">
        <ele>829.5128943429336</ele>
      </trkpt>
      <trkpt lat="39.50014446102557" lon="-1.418342713977495">
        <ele>826.2243062180551</ele>
      </trkpt>
      <trkpt lat="39.500153" lon="-1.418332">
        <ele>828</ele>
      </trkpt>
      <trkpt lat="39.50009" lon="-1.418247">
        <ele>828</ele>
      </trkpt>
      <trkpt lat="39.499916" lon="-1.417918">
        <ele>828.75</ele>
      </trkpt>
      <trkpt lat="39.499792" lon="-1.417657">
        <ele>829.25</ele>
      </trkpt>
      <trkpt lat="39.499753" lon="-1.417572">
        <ele>829.5</ele>
      </trkpt>
      <trkpt lat="39.499705" lon="-1.417502">
        <ele>829.5</ele>
      </trkpt>
      <trkpt lat="39.499488" lon="-1.41722">
        <ele>828.75</ele>
      </trkpt>
      <trkpt lat="39.499378" lon="-1.417129">
        <ele>828</ele>
      </trkpt>
      <trkpt lat="39.499241" lon="-1.41696">
        <ele>827.5</ele>
      </trkpt>
      <trkpt lat="39.499205" lon="-1.416899">
        <ele>827.25</ele>
      </trkpt>
      <trkpt lat="39.498825" lon="-1.416244">
        <ele>826.5</ele>
      </trkpt>
      <trkpt lat="39.498678" lon="-1.416104">
        <ele>825.5</ele>
      </trkpt>
      <trkpt lat="39.498421" lon="-1.415807">
        <ele>823.75</ele>
      </trkpt>
      <trkpt lat="39.498354" lon="-1.415741">
        <ele>823.25</ele>
      </trkpt>
      <trkpt lat="39.498286" lon="-1.415713">
        <ele>823</ele>
      </trkpt>
      <trkpt lat="39.498189" lon="-1.415728">
        <ele>822.75</ele>
      </trkpt>
      <trkpt lat="39.497828" lon="-1.41593">
        <ele>821.75</ele>
      </trkpt>
      <trkpt lat="39.497596" lon="-1.416027">
        <ele>821</ele>
      </trkpt>
      <trkpt lat="39.497472" lon="-1.416056">
        <ele>821</ele>
      </trkpt>
      <trkpt lat="39.497228" lon="-1.416053">
        <ele>821</ele>
      </trkpt>
      <trkpt lat="39.497151" lon="-1.41604">
        <ele>821</ele>
      </trkpt>
      <trkpt lat="39.497074" lon="-1.416032">
        <ele>821</ele>
      </trkpt>
      <trkpt lat="39.496936" lon="-1.415994">
        <ele>821</ele>
      </trkpt>
      <trkpt lat="39.49682" lon="-1.415911">
        <ele>821</ele>
      </trkpt>
      <trkpt lat="39.496772" lon="-1.415887">
        <ele>821</ele>
      </trkpt>
      <trkpt lat="39.496735" lon="-1.415888">
        <ele>821</ele>
      </trkpt>
      <trkpt lat="39.496511" lon="-1.415482">
        <ele>820.5</ele>
      </trkpt>
      <trkpt lat="39.49636" lon="-1.414777">
        <ele>820.25</ele>
      </trkpt>
      <trkpt lat="39.496329" lon="-1.414567">
        <ele>820.25</ele>
      </trkpt>
      <trkpt lat="39.496321" lon="-1.414318">
        <ele>820.25</ele>
      </trkpt>
      <trkpt lat="39.49634" lon="-1.414192">
        <ele>819.75</ele>
      </trkpt>
      <trkpt lat="39.496373" lon="-1.413977">
        <ele>819.5</ele>
      </trkpt>
      <trkpt lat="39.496373" lon="-1.413889">
        <ele>819.25</ele>
      </trkpt>
      <trkpt lat="39.496292" lon="-1.413393">
        <ele>819.75</ele>
      </trkpt>
      <trkpt lat="39.496188" lon="-1.412604">
        <ele>818.5</ele>
      </trkpt>
      <trkpt lat="39.496143" lon="-1.412376">
        <ele>818</ele>
      </trkpt>
      <trkpt lat="39.496066" lon="-1.412204">
        <ele>817.75</ele>
      </trkpt>
      <trkpt lat="39.495721" lon="-1.411781">
        <ele>817</ele>
      </trkpt>
      <trkpt lat="39.495284" lon="-1.411142">
        <ele>819</ele>
      </trkpt>
      <trkpt lat="39.495199" lon="-1.410973">
        <ele>819.5</ele>
      </trkpt>
      <trkpt lat="39.495009" lon="-1.410461">
        <ele>819.5</ele>
      </trkpt>
      <trkpt lat="39.494891" lon="-1.410241">
        <ele>819.25</ele>
      </trkpt>
      <trkpt lat="39.494819" lon="-1.410037">
        <ele>818.75</ele>
      </trkpt>
      <trkpt lat="39.494717" lon="-1.409587">
        <ele>816.25</ele>
      </trkpt>
      <trkpt lat="39.494628" lon="-1.40934">
        <ele>815</ele>
      </trkpt>
      <trkpt lat="39.494611" lon="-1.40925">
        <ele>814.25</ele>
      </trkpt>
      <trkpt lat="39.494622" lon="-1.40916">
        <ele>813.75</ele>
      </trkpt>
      <trkpt lat="39.494669" lon="-1.408967">
        <ele>812.5</ele>
      </trkpt>
      <trkpt lat="39.494793" lon="-1.408133">
        <ele>808</ele>
      </trkpt>
      <trkpt lat="39.494824" lon="-1.407575">
        <ele>804.75</ele>
      </trkpt>
      <trkpt lat="39.494918" lon="-1.407175">
        <ele>803.75</ele>
      </trkpt>
      <trkpt lat="39.494924" lon="-1.406929">
        <ele>803.5</ele>
      </trkpt>
      <trkpt lat="39.494878" lon="-1.406403">
        <ele>802.5</ele>
      </trkpt>
      <trkpt lat="39.494735" lon="-1.405628">
        <ele>801.25</ele>
      </trkpt>
      <trkpt lat="39.494653" lon="-1.405121">
        <ele>802</ele>
      </trkpt>
      <trkpt lat="39.494512" lon="-1.403124">
        <ele>801</ele>
      </trkpt>
      <trkpt lat="39.49446" lon="-1.402827">
        <ele>801</ele>
      </trkpt>
      <trkpt lat="39.494338" lon="-1.40239">
        <ele>801</ele>
      </trkpt>
      <trkpt lat="39.494233" lon="-1.401894">
        <ele>801</ele>
      </trkpt>
      <trkpt lat="39.49405" lon="-1.401478">
        <ele>800.5</ele>
      </trkpt>
      <trkpt lat="39.49368" lon="-1.400435">
        <ele>798.75</ele>
      </trkpt>
      <trkpt lat="39.493591" lon="-1.400231">
        <ele>798.25</ele>
      </trkpt>
      <trkpt lat="39.4935" lon="-1.400067">
        <ele>798</ele>
      </trkpt>
      <trkpt lat="39.493463" lon="-1.399874">
        <ele>798</ele>
      </trkpt>
      <trkpt lat="39.493458" lon="-1.399711">
        <ele>797.75</ele>
      </trkpt>
      <trkpt lat="39.493438" lon="-1.399606">
        <ele>797.75</ele>
      </trkpt>
      <trkpt lat="39.493268" lon="-1.399016">
        <ele>797</ele>
      </trkpt>
      <trkpt lat="39.493179" lon="-1.398863">
        <ele>795.75</ele>
      </trkpt>
      <trkpt lat="39.492953" lon="-1.398622">
        <ele>793.25</ele>
      </trkpt>
      <trkpt lat="39.492862" lon="-1.398482">
        <ele>792.25</ele>
      </trkpt>
      <trkpt lat="39.492717" lon="-1.398008">
        <ele>789.5</ele>
      </trkpt>
      <trkpt lat="39.492682" lon="-1.397943">
        <ele>789</ele>
      </trkpt>
      <trkpt lat="39.492608" lon="-1.397839">
        <ele>788.5</ele>
      </trkpt>
      <trkpt lat="39.492494" lon="-1.397731">
        <ele>788.25</ele>
      </trkpt>
      <trkpt lat="39.492167" lon="-1.397506">
        <ele>786.75</ele>
      </trkpt>
      <trkpt lat="39.491945" lon="-1.397329">
        <ele>785.75</ele>
      </trkpt>
      <trkpt lat="39.491813" lon="-1.397197">
        <ele>785.5</ele>
      </trkpt>
      <trkpt lat="39.491749" lon="-1.397104">
        <ele>785.75</ele>
      </trkpt>
      <trkpt lat="39.491494" lon="-1.396693">
        <ele>785.5</ele>
      </trkpt>
      <trkpt lat="39.491395" lon="-1.396495">
        <ele>783.25</ele>
      </trkpt>
      <trkpt lat="39.491273" lon="-1.396159">
        <ele>780.75</ele>
      </trkpt>
      <trkpt lat="39.491132" lon="-1.395583">
        <ele>778.25</ele>
      </trkpt>
      <trkpt lat="39.490995" lon="-1.395328">
        <ele>777.5</ele>
      </trkpt>
      <trkpt lat="39.490885" lon="-1.39521">
        <ele>777.5</ele>
      </trkpt>
      <trkpt lat="39.490722" lon="-1.395119">
        <ele>777.75</ele>
      </trkpt>
      <trkpt lat="39.49054" lon="-1.395076">
        <ele>778</ele>
      </trkpt>
      <trkpt lat="39.490376" lon="-1.394966">
        <ele>778.5</ele>
      </trkpt>
      <trkpt lat="39.490281" lon="-1.394816">
        <ele>778.25</ele>
      </trkpt>
      <trkpt lat="39.490126" lon="-1.394639">
        <ele>778</ele>
      </trkpt>
      <trkpt lat="39.489884" lon="-1.394513">
        <ele>778.25</ele>
      </trkpt>
      <trkpt lat="39.489739" lon="-1.3944">
        <ele>778.25</ele>
      </trkpt>
      <trkpt lat="39.489581" lon="-1.394242">
        <ele>778</ele>
      </trkpt>
      <trkpt lat="39.48948" lon="-1.394159">
        <ele>778</ele>
      </trkpt>
      <trkpt lat="39.489312" lon="-1.394">
        <ele>778.25</ele>
      </trkpt>
      <trkpt lat="39.489256" lon="-1.393955">
        <ele>778.25</ele>
      </trkpt>
      <trkpt lat="39.489107" lon="-1.393855">
        <ele>778.75</ele>
      </trkpt>
      <trkpt lat="39.488859" lon="-1.393716">
        <ele>779.25</ele>
      </trkpt>
      <trkpt lat="39.488702" lon="-1.393614">
        <ele>779.5</ele>
      </trkpt>
      <trkpt lat="39.488656" lon="-1.393558">
        <ele>779.5</ele>
      </trkpt>
      <trkpt lat="39.488631" lon="-1.393515">
        <ele>779.5</ele>
      </trkpt>
      <trkpt lat="39.488594" lon="-1.393418">
        <ele>779.5</ele>
      </trkpt>
      <trkpt lat="39.488561" lon="-1.393316">
        <ele>779.25</ele>
      </trkpt>
      <trkpt lat="39.488544" lon="-1.393241">
        <ele>779</ele>
      </trkpt>
      <trkpt lat="39.488526" lon="-1.393145">
        <ele>778.5</ele>
      </trkpt>
      <trkpt lat="39.488503" lon="-1.392992">
        <ele>777.75</ele>
      </trkpt>
      <trkpt lat="39.488472" lon="-1.392925">
        <ele>777.25</ele>
      </trkpt>
      <trkpt lat="39.488431" lon="-1.392871">
        <ele>777</ele>
      </trkpt>
      <trkpt lat="39.488379" lon="-1.392836">
        <ele>777</ele>
      </trkpt>
      <trkpt lat="39.488317" lon="-1.392825">
        <ele>776.75</ele>
      </trkpt>
      <trkpt lat="39.488192" lon="-1.39278">
        <ele>776</ele>
      </trkpt>
      <trkpt lat="39.488128" lon="-1.392769">
        <ele>775.75</ele>
      </trkpt>
      <trkpt lat="39.48801" lon="-1.392766">
        <ele>775.25</ele>
      </trkpt>
      <trkpt lat="39.487905" lon="-1.39275">
        <ele>774.75</ele>
      </trkpt>
      <trkpt lat="39.487789" lon="-1.39275">
        <ele>774.25</ele>
      </trkpt>
      <trkpt lat="39.487648" lon="-1.392721">
        <ele>773.5</ele>
      </trkpt>
      <trkpt lat="39.487584" lon="-1.392721">
        <ele>773.25</ele>
      </trkpt>
      <trkpt lat="39.487422" lon="-1.392673">
        <ele>773</ele>
      </trkpt>
      <trkpt lat="39.487321" lon="-1.392635">
        <ele>773.5</ele>
      </trkpt>
      <trkpt lat="39.487143" lon="-1.392522">
        <ele>774</ele>
      </trkpt>
      <trkpt lat="39.487056" lon="-1.392477">
        <ele>774.5</ele>
      </trkpt>
      <trkpt lat="39.486776" lon="-1.392254">
        <ele>775.25</ele>
      </trkpt>
      <trkpt lat="39.486627" lon="-1.392092">
        <ele>775.25</ele>
      </trkpt>
      <trkpt lat="39.486607" lon="-1.392069">
        <ele>775.5</ele>
      </trkpt>
      <trkpt lat="39.486371" lon="-1.391691">
        <ele>775.25</ele>
      </trkpt>
      <trkpt lat="39.486038" lon="-1.391165">
        <ele>774</ele>
      </trkpt>
      <trkpt lat="39.48588" lon="-1.390929">
        <ele>772.75</ele>
      </trkpt>
      <trkpt lat="39.485526" lon="-1.390371">
        <ele>772.5</ele>
      </trkpt>
      <trkpt lat="39.485485" lon="-1.390288">
        <ele>772.5</ele>
      </trkpt>
      <trkpt lat="39.485446" lon="-1.390234">
        <ele>772.5</ele>
      </trkpt>
      <trkpt lat="39.485381" lon="-1.390181">
        <ele>772.5</ele>
      </trkpt>
      <trkpt lat="39.485234" lon="-1.390092">
        <ele>773</ele>
      </trkpt>
      <trkpt lat="39.48516" lon="-1.390057">
        <ele>773.25</ele>
      </trkpt>
      <trkpt lat="39.485061" lon="-1.390025">
        <ele>773.75</ele>
      </trkpt>
      <trkpt lat="39.484974" lon="-1.389985">
        <ele>773.75</ele>
      </trkpt>
      <trkpt lat="39.484905" lon="-1.389966">
        <ele>773</ele>
      </trkpt>
      <trkpt lat="39.48487" lon="-1.389964">
        <ele>773</ele>
      </trkpt>
      <trkpt lat="39.484827" lon="-1.389939">
        <ele>772.5</ele>
      </trkpt>
      <trkpt lat="39.48475" lon="-1.389934">
        <ele>772</ele>
      </trkpt>
      <trkpt lat="39.484707" lon="-1.389923">
        <ele>771.75</ele>
      </trkpt>
      <trkpt lat="39.484659" lon="-1.389897">
        <ele>771.5</ele>
      </trkpt>
      <trkpt lat="39.484528" lon="-1.389795">
        <ele>770.25</ele>
      </trkpt>
      <trkpt lat="39.484367" lon="-1.389717">
        <ele>769.5</ele>
      </trkpt>
      <trkpt lat="39.484297" lon="-1.38966">
        <ele>769</ele>
      </trkpt>
      <trkpt lat="39.484168" lon="-1.389486">
        <ele>768.25</ele>
      </trkpt>
      <trkpt lat="39.484106" lon="-1.389414">
        <ele>768</ele>
      </trkpt>
      <trkpt lat="39.48397" lon="-1.389328">
        <ele>768</ele>
      </trkpt>
      <trkpt lat="39.483876" lon="-1.389282">
        <ele>767.75</ele>
      </trkpt>
      <trkpt lat="39.483779" lon="-1.389245">
        <ele>767.75</ele>
      </trkpt>
      <trkpt lat="39.483632" lon="-1.389167">
        <ele>767.75</ele>
      </trkpt>
      <trkpt lat="39.48357" lon="-1.389146">
        <ele>767.75</ele>
      </trkpt>
      <trkpt lat="39.483529" lon="-1.389121">
        <ele>767.75</ele>
      </trkpt>
      <trkpt lat="39.483491" lon="-1.389108">
        <ele>767.75</ele>
      </trkpt>
      <trkpt lat="39.483257" lon="-1.388952">
        <ele>767</ele>
      </trkpt>
      <trkpt lat="39.482994" lon="-1.38874">
        <ele>766.5</ele>
      </trkpt>
      <trkpt lat="39.482866" lon="-1.38858">
        <ele>766.5</ele>
      </trkpt>
      <trkpt lat="39.482725" lon="-1.388368">
        <ele>766.25</ele>
      </trkpt>
      <trkpt lat="39.482454" lon="-1.388008">
        <ele>765</ele>
      </trkpt>
      <trkpt lat="39.482377" lon="-1.387853">
        <ele>764</ele>
      </trkpt>
      <trkpt lat="39.482129" lon="-1.387421">
        <ele>762</ele>
      </trkpt>
      <trkpt lat="39.4821" lon="-1.387351">
        <ele>761.75</ele>
      </trkpt>
      <trkpt lat="39.482063" lon="-1.387284">
        <ele>761.75</ele>
      </trkpt>
      <trkpt lat="39.48198" lon="-1.387072">
        <ele>761.75</ele>
      </trkpt>
      <trkpt lat="39.481939" lon="-1.3869">
        <ele>761.75</ele>
      </trkpt>
      <trkpt lat="39.481881" lon="-1.386683">
        <ele>762</ele>
      </trkpt>
      <trkpt lat="39.48185" lon="-1.386592">
        <ele>761.75</ele>
      </trkpt>
      <trkpt lat="39.4818" lon="-1.386485">
        <ele>761.25</ele>
      </trkpt>
      <trkpt lat="39.481734" lon="-1.386375">
        <ele>761</ele>
      </trkpt>
      <trkpt lat="39.481689" lon="-1.386232">
        <ele>760.25</ele>
      </trkpt>
      <trkpt lat="39.481632" lon="-1.386273">
        <ele>760.5</ele>
      </trkpt>
      <trkpt lat="39.481583" lon="-1.386297">
        <ele>760.5</ele>
      </trkpt>
      <trkpt lat="39.48144" lon="-1.386345">
        <ele>760</ele>
      </trkpt>
      <trkpt lat="39.480168" lon="-1.386523">
        <ele>752.75</ele>
      </trkpt>
      <trkpt lat="39.479975" lon="-1.386663">
        <ele>751.75</ele>
      </trkpt>
      <trkpt lat="39.479691" lon="-1.387031">
        <ele>750</ele>
      </trkpt>
      <trkpt lat="39.479647" lon="-1.387075">
        <ele>749.75</ele>
      </trkpt>
      <trkpt lat="39.479546" lon="-1.387134">
        <ele>749.5</ele>
      </trkpt>
      <trkpt lat="39.479483" lon="-1.387147">
        <ele>749.25</ele>
      </trkpt>
      <trkpt lat="39.479421" lon="-1.387142">
        <ele>749.25</ele>
      </trkpt>
      <trkpt lat="39.479125" lon="-1.38708">
        <ele>749</ele>
      </trkpt>
      <trkpt lat="39.479058" lon="-1.387081">
        <ele>749</ele>
      </trkpt>
      <trkpt lat="39.479009" lon="-1.387094">
        <ele>749.25</ele>
      </trkpt>
      <trkpt lat="39.479006" lon="-1.387039">
        <ele>749.25</ele>
      </trkpt>
      <trkpt lat="39.47898" lon="-1.386909">
        <ele>749</ele>
      </trkpt>
      <trkpt lat="39.478924" lon="-1.386774">
        <ele>749</ele>
      </trkpt>
      <trkpt lat="39.478683" lon="-1.386416">
        <ele>748.25</ele>
      </trkpt>
      <trkpt lat="39.478271" lon="-1.38571">
        <ele>747</ele>
      </trkpt>
      <trkpt lat="39.478145" lon="-1.385455">
        <ele>747</ele>
      </trkpt>
      <trkpt lat="39.477928" lon="-1.384931">
        <ele>747</ele>
      </trkpt>
      <trkpt lat="39.477762" lon="-1.384426">
        <ele>746.25</ele>
      </trkpt>
      <trkpt lat="39.477711" lon="-1.384305">
        <ele>746</ele>
      </trkpt>
      <trkpt lat="39.477605" lon="-1.384113">
        <ele>745.5</ele>
      </trkpt>
      <trkpt lat="39.477495" lon="-1.383966">
        <ele>745.25</ele>
      </trkpt>
      <trkpt lat="39.477495" lon="-1.383966">
        <ele>745.25</ele>
      </trkpt>
      <trkpt lat="39.476755" lon="-1.382967">
        <ele>743.75</ele>
      </trkpt>
      <trkpt lat="39.476661" lon="-1.382807">
        <ele>743.75</ele>
      </trkpt>
      <trkpt lat="39.476504" lon="-1.382244">
        <ele>742</ele>
      </trkpt>
      <trkpt lat="39.476152" lon="-1.381525">
        <ele>738.5</ele>
      </trkpt>
      <trkpt lat="39.476059" lon="-1.381321">
        <ele>738</ele>
      </trkpt>
      <trkpt lat="39.475906" lon="-1.381211">
        <ele>738</ele>
      </trkpt>
      <trkpt lat="39.475838" lon="-1.381162">
        <ele>738</ele>
      </trkpt>
      <trkpt lat="39.475767" lon="-1.381017">
        <ele>737.5</ele>
      </trkpt>
      <trkpt lat="39.47572" lon="-1.3809">
        <ele>737.25</ele>
      </trkpt>
      <trkpt lat="39.47571" lon="-1.380875">
        <ele>737.25</ele>
      </trkpt>
      <trkpt lat="39.475632" lon="-1.380832">
        <ele>737</ele>
      </trkpt>
      <trkpt lat="39.475424" lon="-1.380804">
        <ele>737</ele>
      </trkpt>
      <trkpt lat="39.475255" lon="-1.380689">
        <ele>736.25</ele>
      </trkpt>
      <trkpt lat="39.475202" lon="-1.380398">
        <ele>733.75</ele>
      </trkpt>
      <trkpt lat="39.47474" lon="-1.38009">
        <ele>731.25</ele>
      </trkpt>
      <trkpt lat="39.474658" lon="-1.379922">
        <ele>730</ele>
      </trkpt>
      <trkpt lat="39.474402" lon="-1.379391">
        <ele>725.5</ele>
      </trkpt>
      <trkpt lat="39.474205" lon="-1.378985">
        <ele>722.75</ele>
      </trkpt>
      <trkpt lat="39.474051" lon="-1.378752">
        <ele>722</ele>
      </trkpt>
      <trkpt lat="39.473851" lon="-1.378571">
        <ele>722</ele>
      </trkpt>
      <trkpt lat="39.473567" lon="-1.378569">
        <ele>722.25</ele>
      </trkpt>
      <trkpt lat="39.473059" lon="-1.378459">
        <ele>723</ele>
      </trkpt>
      <trkpt lat="39.471891" lon="-1.378267">
        <ele>725</ele>
      </trkpt>
      <trkpt lat="39.471412" lon="-1.37833">
        <ele>726.5</ele>
      </trkpt>
      <trkpt lat="39.470554" lon="-1.378413">
        <ele>730</ele>
      </trkpt>
      <trkpt lat="39.470295" lon="-1.37833">
        <ele>731</ele>
      </trkpt>
      <trkpt lat="39.469981" lon="-1.377892">
        <ele>731.5</ele>
      </trkpt>
      <trkpt lat="39.469641" lon="-1.37756">
        <ele>732.5</ele>
      </trkpt>
      <trkpt lat="39.469457" lon="-1.37745">
        <ele>733.5</ele>
      </trkpt>
      <trkpt lat="39.468813" lon="-1.376911">
        <ele>730.75</ele>
      </trkpt>
      <trkpt lat="39.468015" lon="-1.376788">
        <ele>728.25</ele>
      </trkpt>
      <trkpt lat="39.467611" lon="-1.376626">
        <ele>727</ele>
      </trkpt>
      <trkpt lat="39.467296" lon="-1.3762">
        <ele>727</ele>
      </trkpt>
      <trkpt lat="39.466757" lon="-1.375877">
        <ele>725.5</ele>
      </trkpt>
      <trkpt lat="39.466314" lon="-1.375741">
        <ele>725.25</ele>
      </trkpt>
      <trkpt lat="39.464352" lon="-1.374746">
        <ele>719.25</ele>
      </trkpt>
      <trkpt lat="39.464083" lon="-1.374203">
        <ele>716.5</ele>
      </trkpt>
      <trkpt lat="39.464038" lon="-1.373663">
        <ele>714.5</ele>
      </trkpt>
      <trkpt lat="39.463924" lon="-1.37354">
        <ele>713.75</ele>
      </trkpt>
      <trkpt lat="39.463829" lon="-1.373789">
        <ele>713.75</ele>
      </trkpt>
      <trkpt lat="39.463799" lon="-1.374339">
        <ele>715.25</ele>
      </trkpt>
      <trkpt lat="39.463979" lon="-1.375075">
        <ele>719.75</ele>
      </trkpt>
      <trkpt lat="39.463864" lon="-1.375285">
        <ele>719.75</ele>
      </trkpt>
      <trkpt lat="39.463381" lon="-1.375482">
        <ele>719.5</ele>
      </trkpt>
      <trkpt lat="39.462871" lon="-1.375938">
        <ele>723.5</ele>
      </trkpt>
      <trkpt lat="39.462422" lon="-1.375654">
        <ele>722</ele>
      </trkpt>
      <trkpt lat="39.461799" lon="-1.375541">
        <ele>724</ele>
      </trkpt>
      <trkpt lat="39.46129" lon="-1.375075">
        <ele>727</ele>
      </trkpt>
      <trkpt lat="39.460821" lon="-1.37461">
        <ele>732</ele>
      </trkpt>
      <trkpt lat="39.460566" lon="-1.374607">
        <ele>731.5</ele>
      </trkpt>
      <trkpt lat="39.460356" lon="-1.374389">
        <ele>730.5</ele>
      </trkpt>
      <trkpt lat="39.460119" lon="-1.373924">
        <ele>728.5</ele>
      </trkpt>
      <trkpt lat="39.45981" lon="-1.372932">
        <ele>724</ele>
      </trkpt>
      <trkpt lat="39.459466" lon="-1.372506">
        <ele>719.25</ele>
      </trkpt>
      <trkpt lat="39.459358" lon="-1.372215">
        <ele>717</ele>
      </trkpt>
      <trkpt lat="39.458974" lon="-1.369191">
        <ele>702.75</ele>
      </trkpt>
      <trkpt lat="39.458882" lon="-1.368966">
        <ele>701.75</ele>
      </trkpt>
      <trkpt lat="39.458615" lon="-1.368908">
        <ele>701.25</ele>
      </trkpt>
      <trkpt lat="39.458502" lon="-1.368803">
        <ele>700.75</ele>
      </trkpt>
      <trkpt lat="39.458221" lon="-1.367775">
        <ele>696.5</ele>
      </trkpt>
      <trkpt lat="39.458158" lon="-1.36684">
        <ele>693.25</ele>
      </trkpt>
      <trkpt lat="39.458111" lon="-1.366431">
        <ele>692.25</ele>
      </trkpt>
      <trkpt lat="39.457892" lon="-1.36556">
        <ele>689.75</ele>
      </trkpt>
      <trkpt lat="39.457714" lon="-1.365087">
        <ele>688.25</ele>
      </trkpt>
      <trkpt lat="39.45737" lon="-1.364511">
        <ele>688</ele>
      </trkpt>
      <trkpt lat="39.457295" lon="-1.364309">
        <ele>687.5</ele>
      </trkpt>
      <trkpt lat="39.457245" lon="-1.364033">
        <ele>686</ele>
      </trkpt>
      <trkpt lat="39.457332" lon="-1.363653">
        <ele>682.75</ele>
      </trkpt>
      <trkpt lat="39.45749" lon="-1.363516">
        <ele>681.75</ele>
      </trkpt>
      <trkpt lat="39.457749" lon="-1.36364">
        <ele>683</ele>
      </trkpt>
      <trkpt lat="39.457986" lon="-1.363817">
        <ele>683.75</ele>
      </trkpt>
      <trkpt lat="39.458206" lon="-1.364261">
        <ele>684.25</ele>
      </trkpt>
      <trkpt lat="39.45848" lon="-1.364513">
        <ele>685.25</ele>
      </trkpt>
      <trkpt lat="39.45867" lon="-1.364545">
        <ele>685.25</ele>
      </trkpt>
      <trkpt lat="39.458824" lon="-1.36441">
        <ele>685</ele>
      </trkpt>
      <trkpt lat="39.459019" lon="-1.363497">
        <ele>691.5</ele>
      </trkpt>
      <trkpt lat="39.459189" lon="-1.362832">
        <ele>695.25</ele>
      </trkpt>
      <trkpt lat="39.459296" lon="-1.362589">
        <ele>696.75</ele>
      </trkpt>
      <trkpt lat="39.459727" lon="-1.362247">
        <ele>703.5</ele>
      </trkpt>
      <trkpt lat="39.45998" lon="-1.361947">
        <ele>706.25</ele>
      </trkpt>
      <trkpt lat="39.460234" lon="-1.361516">
        <ele>706.25</ele>
      </trkpt>
      <trkpt lat="39.460361" lon="-1.361058">
        <ele>707</ele>
      </trkpt>
      <trkpt lat="39.460359" lon="-1.360534">
        <ele>707.5</ele>
      </trkpt>
      <trkpt lat="39.460429" lon="-1.360207">
        <ele>708.75</ele>
      </trkpt>
      <trkpt lat="39.460564" lon="-1.359931">
        <ele>710</ele>
      </trkpt>
      <trkpt lat="39.461169" lon="-1.359293">
        <ele>714</ele>
      </trkpt>
      <trkpt lat="39.461379" lon="-1.359122">
        <ele>715.25</ele>
      </trkpt>
      <trkpt lat="39.461464" lon="-1.358737">
        <ele>715.5</ele>
      </trkpt>
      <trkpt lat="39.461397" lon="-1.358434">
        <ele>714.25</ele>
      </trkpt>
      <trkpt lat="39.461017" lon="-1.357962">
        <ele>711.75</ele>
      </trkpt>
      <trkpt lat="39.460122" lon="-1.356404">
        <ele>713</ele>
      </trkpt>
      <trkpt lat="39.460025" lon="-1.356311">
        <ele>712.75</ele>
      </trkpt>
      <trkpt lat="39.459568" lon="-1.356165">
        <ele>712.25</ele>
      </trkpt>
      <trkpt lat="39.459448" lon="-1.356068">
        <ele>712.25</ele>
      </trkpt>
      <trkpt lat="39.459371" lon="-1.355781">
        <ele>712</ele>
      </trkpt>
      <trkpt lat="39.459281" lon="-1.354805">
        <ele>702.5</ele>
      </trkpt>
      <trkpt lat="39.459211" lon="-1.354702">
        <ele>701.5</ele>
      </trkpt>
      <trkpt lat="39.458847" lon="-1.354653">
        <ele>701.75</ele>
      </trkpt>
      <trkpt lat="39.458348" lon="-1.354313">
        <ele>700</ele>
      </trkpt>
      <trkpt lat="39.457233" lon="-1.353409">
        <ele>700.5</ele>
      </trkpt>
      <trkpt lat="39.456596" lon="-1.353176">
        <ele>699.5</ele>
      </trkpt>
      <trkpt lat="39.456008" lon="-1.352556">
        <ele>692</ele>
      </trkpt>
      <trkpt lat="39.455861" lon="-1.352326">
        <ele>690.75</ele>
      </trkpt>
      <trkpt lat="39.455798" lon="-1.352075">
        <ele>690.25</ele>
      </trkpt>
      <trkpt lat="39.455648" lon="-1.351748">
        <ele>689.25</ele>
      </trkpt>
      <trkpt lat="39.455536" lon="-1.351622">
        <ele>688.75</ele>
      </trkpt>
      <trkpt lat="39.455167" lon="-1.351347">
        <ele>687.75</ele>
      </trkpt>
      <trkpt lat="39.454987" lon="-1.351137">
        <ele>687.5</ele>
      </trkpt>
      <trkpt lat="39.454493" lon="-1.350329">
        <ele>683.75</ele>
      </trkpt>
      <trkpt lat="39.454286" lon="-1.350255">
        <ele>682.25</ele>
      </trkpt>
      <trkpt lat="39.453912" lon="-1.350213">
        <ele>680.25</ele>
      </trkpt>
      <trkpt lat="39.453642" lon="-1.350067">
        <ele>679.25</ele>
      </trkpt>
      <trkpt lat="39.453383" lon="-1.349757">
        <ele>677.75</ele>
      </trkpt>
      <trkpt lat="39.453089" lon="-1.349205">
        <ele>675.5</ele>
      </trkpt>
      <trkpt lat="39.45242" lon="-1.348407">
        <ele>672.5</ele>
      </trkpt>
      <trkpt lat="39.451884" lon="-1.347987">
        <ele>669.75</ele>
      </trkpt>
      <trkpt lat="39.451467" lon="-1.347447">
        <ele>667.75</ele>
      </trkpt>
      <trkpt lat="39.450816" lon="-1.346911">
        <ele>664</ele>
      </trkpt>
      <trkpt lat="39.450322" lon="-1.346578">
        <ele>660</ele>
      </trkpt>
      <trkpt lat="39.450052" lon="-1.346413">
        <ele>658.25</ele>
      </trkpt>
      <trkpt lat="39.44995" lon="-1.346287">
        <ele>657.5</ele>
      </trkpt>
      <trkpt lat="39.449441" lon="-1.345214">
        <ele>652</ele>
      </trkpt>
      <trkpt lat="39.449363" lon="-1.345078">
        <ele>651.25</ele>
      </trkpt>
      <trkpt lat="39.449166" lon="-1.344917">
        <ele>649.75</ele>
      </trkpt>
      <trkpt lat="39.448346" lon="-1.344452">
        <ele>645.75</ele>
      </trkpt>
      <trkpt lat="39.448051" lon="-1.344216">
        <ele>645.5</ele>
      </trkpt>
      <trkpt lat="39.447918" lon="-1.343889">
        <ele>645.25</ele>
      </trkpt>
      <trkpt lat="39.447923" lon="-1.343207">
        <ele>644</ele>
      </trkpt>
      <trkpt lat="39.447925" lon="-1.343127">
        <ele>644</ele>
      </trkpt>
      <trkpt lat="39.447917" lon="-1.342998">
        <ele>644</ele>
      </trkpt>
      <trkpt lat="39.447907" lon="-1.342947">
        <ele>644.25</ele>
      </trkpt>
      <trkpt lat="39.447855" lon="-1.342783">
        <ele>644.25</ele>
      </trkpt>
      <trkpt lat="39.447777" lon="-1.34262">
        <ele>644.25</ele>
      </trkpt>
      <trkpt lat="39.447497" lon="-1.342304">
        <ele>645.25</ele>
      </trkpt>
      <trkpt lat="39.447492" lon="-1.34209">
        <ele>646.75</ele>
      </trkpt>
      <trkpt lat="39.447713" lon="-1.341353">
        <ele>653</ele>
      </trkpt>
      <trkpt lat="39.447524" lon="-1.341261">
        <ele>653.25</ele>
      </trkpt>
      <trkpt lat="39.447426" lon="-1.341166">
        <ele>653.5</ele>
      </trkpt>
      <trkpt lat="39.447179" lon="-1.340881">
        <ele>654.25</ele>
      </trkpt>
      <trkpt lat="39.447144" lon="-1.340699">
        <ele>655</ele>
      </trkpt>
      <trkpt lat="39.447139" lon="-1.340464">
        <ele>656</ele>
      </trkpt>
      <trkpt lat="39.447092" lon="-1.340373">
        <ele>656</ele>
      </trkpt>
      <trkpt lat="39.446891" lon="-1.340084">
        <ele>655</ele>
      </trkpt>
      <trkpt lat="39.446756" lon="-1.340047">
        <ele>653.75</ele>
      </trkpt>
      <trkpt lat="39.446321" lon="-1.340099">
        <ele>648.75</ele>
      </trkpt>
      <trkpt lat="39.446081" lon="-1.340163">
        <ele>646</ele>
      </trkpt>
      <trkpt lat="39.445915" lon="-1.340158">
        <ele>644</ele>
      </trkpt>
      <trkpt lat="39.445528" lon="-1.340002">
        <ele>640.5</ele>
      </trkpt>
      <trkpt lat="39.445272" lon="-1.339788">
        <ele>639</ele>
      </trkpt>
      <trkpt lat="39.445295" lon="-1.339702">
        <ele>639.5</ele>
      </trkpt>
      <trkpt lat="39.445303" lon="-1.339624">
        <ele>640</ele>
      </trkpt>
      <trkpt lat="39.445282" lon="-1.339472">
        <ele>640.75</ele>
      </trkpt>
      <trkpt lat="39.444756" lon="-1.337425">
        <ele>646</ele>
      </trkpt>
      <trkpt lat="39.444727" lon="-1.337245">
        <ele>646</ele>
      </trkpt>
      <trkpt lat="39.444709" lon="-1.336524">
        <ele>647.25</ele>
      </trkpt>
      <trkpt lat="39.44468" lon="-1.336146">
        <ele>647.5</ele>
      </trkpt>
      <trkpt lat="39.444696" lon="-1.336038">
        <ele>648</ele>
      </trkpt>
      <trkpt lat="39.444721" lon="-1.335945">
        <ele>648.25</ele>
      </trkpt>
      <trkpt lat="39.444521" lon="-1.335608">
        <ele>646.75</ele>
      </trkpt>
      <trkpt lat="39.444394" lon="-1.33521">
        <ele>646.75</ele>
      </trkpt>
      <trkpt lat="39.444282" lon="-1.334932">
        <ele>646.75</ele>
      </trkpt>
      <trkpt lat="39.444146" lon="-1.334744">
        <ele>646.75</ele>
      </trkpt>
      <trkpt lat="39.443915" lon="-1.334557">
        <ele>646.5</ele>
      </trkpt>
      <trkpt lat="39.443762" lon="-1.334386">
        <ele>646.5</ele>
      </trkpt>
      <trkpt lat="39.443221" lon="-1.333196">
        <ele>648.25</ele>
      </trkpt>
      <trkpt lat="39.442837" lon="-1.3326">
        <ele>647.5</ele>
      </trkpt>
      <trkpt lat="39.442563" lon="-1.331995">
        <ele>649</ele>
      </trkpt>
      <trkpt lat="39.442423" lon="-1.331837">
        <ele>649</ele>
      </trkpt>
      <trkpt lat="39.441439" lon="-1.331181">
        <ele>646.75</ele>
      </trkpt>
      <trkpt lat="39.441306" lon="-1.331007">
        <ele>648</ele>
      </trkpt>
      <trkpt lat="39.441031" lon="-1.330102">
        <ele>652.25</ele>
      </trkpt>
      <trkpt lat="39.440935" lon="-1.330009">
        <ele>652.25</ele>
      </trkpt>
      <trkpt lat="39.440834" lon="-1.330006">
        <ele>651.75</ele>
      </trkpt>
      <trkpt lat="39.440177" lon="-1.330274">
        <ele>653</ele>
      </trkpt>
      <trkpt lat="39.440013" lon="-1.330286">
        <ele>653.5</ele>
      </trkpt>
      <trkpt lat="39.439679" lon="-1.33016">
        <ele>653</ele>
      </trkpt>
      <trkpt lat="39.439439" lon="-1.330099">
        <ele>652.5</ele>
      </trkpt>
      <trkpt lat="39.439195" lon="-1.330102">
        <ele>651.25</ele>
      </trkpt>
      <trkpt lat="39.439058" lon="-1.330001">
        <ele>651</ele>
      </trkpt>
      <trkpt lat="39.438182" lon="-1.328607">
        <ele>644.25</ele>
      </trkpt>
      <trkpt lat="39.437819" lon="-1.327596">
        <ele>641.5</ele>
      </trkpt>
      <trkpt lat="39.437806" lon="-1.327289">
        <ele>640</ele>
      </trkpt>
      <trkpt lat="39.437778" lon="-1.327103">
        <ele>638.75</ele>
      </trkpt>
      <trkpt lat="39.437695" lon="-1.326985">
        <ele>637.75</ele>
      </trkpt>
      <trkpt lat="39.437499" lon="-1.326901">
        <ele>636.5</ele>
      </trkpt>
      <trkpt lat="39.437393" lon="-1.326746">
        <ele>635.25</ele>
      </trkpt>
      <trkpt lat="39.437157" lon="-1.325771">
        <ele>633.5</ele>
      </trkpt>
      <trkpt lat="39.437048" lon="-1.325554">
        <ele>633.75</ele>
      </trkpt>
      <trkpt lat="39.436151" lon="-1.324546">
        <ele>638</ele>
      </trkpt>
      <trkpt lat="39.436023" lon="-1.324453">
        <ele>638.75</ele>
      </trkpt>
      <trkpt lat="39.435853" lon="-1.32441">
        <ele>638.75</ele>
      </trkpt>
      <trkpt lat="39.435695" lon="-1.324341">
        <ele>639.75</ele>
      </trkpt>
      <trkpt lat="39.435175" lon="-1.323864">
        <ele>643.75</ele>
      </trkpt>
      <trkpt lat="39.435043" lon="-1.323695">
        <ele>644</ele>
      </trkpt>
      <trkpt lat="39.434958" lon="-1.323432">
        <ele>643.75</ele>
      </trkpt>
      <trkpt lat="39.434888" lon="-1.323354">
        <ele>643.5</ele>
      </trkpt>
      <trkpt lat="39.434742" lon="-1.323293">
        <ele>642.75</ele>
      </trkpt>
      <trkpt lat="39.433938" lon="-1.323278">
        <ele>638.75</ele>
      </trkpt>
      <trkpt lat="39.433707" lon="-1.323239">
        <ele>636.75</ele>
      </trkpt>
      <trkpt lat="39.433051" lon="-1.322905">
        <ele>630.5</ele>
      </trkpt>
      <trkpt lat="39.432941" lon="-1.322804">
        <ele>629.5</ele>
      </trkpt>
      <trkpt lat="39.43291" lon="-1.322662">
        <ele>628.75</ele>
      </trkpt>
      <trkpt lat="39.432947" lon="-1.322344">
        <ele>628</ele>
      </trkpt>
      <trkpt lat="39.432931" lon="-1.321082">
        <ele>630</ele>
      </trkpt>
      <trkpt lat="39.432873" lon="-1.320926">
        <ele>630.5</ele>
      </trkpt>
      <trkpt lat="39.432764" lon="-1.320833">
        <ele>630.75</ele>
      </trkpt>
      <trkpt lat="39.43218" lon="-1.320614">
        <ele>629.5</ele>
      </trkpt>
      <trkpt lat="39.432075" lon="-1.320494">
        <ele>629</ele>
      </trkpt>
      <trkpt lat="39.432036" lon="-1.32035">
        <ele>629</ele>
      </trkpt>
      <trkpt lat="39.432044" lon="-1.319765">
        <ele>629.5</ele>
      </trkpt>
      <trkpt lat="39.43203" lon="-1.319555">
        <ele>629.75</ele>
      </trkpt>
      <trkpt lat="39.431934" lon="-1.319372">
        <ele>629.5</ele>
      </trkpt>
      <trkpt lat="39.431487" lon="-1.318844">
        <ele>630.25</ele>
      </trkpt>
      <trkpt lat="39.431368" lon="-1.318721">
        <ele>630.75</ele>
      </trkpt>
      <trkpt lat="39.431244" lon="-1.318666">
        <ele>631</ele>
      </trkpt>
      <trkpt lat="39.430973" lon="-1.318675">
        <ele>631</ele>
      </trkpt>
      <trkpt lat="39.430801" lon="-1.318649">
        <ele>630.75</ele>
      </trkpt>
      <trkpt lat="39.429956" lon="-1.318031">
        <ele>627.75</ele>
      </trkpt>
      <trkpt lat="39.429813" lon="-1.317895">
        <ele>627.5</ele>
      </trkpt>
      <trkpt lat="39.42904" lon="-1.316725">
        <ele>626.5</ele>
      </trkpt>
      <trkpt lat="39.428876" lon="-1.316576">
        <ele>625.75</ele>
      </trkpt>
      <trkpt lat="39.428163" lon="-1.316179">
        <ele>621.75</ele>
      </trkpt>
      <trkpt lat="39.42752" lon="-1.315476">
        <ele>618.5</ele>
      </trkpt>
      <trkpt lat="39.427362" lon="-1.315266">
        <ele>618.25</ele>
      </trkpt>
      <trkpt lat="39.427277" lon="-1.315024">
        <ele>618.5</ele>
      </trkpt>
      <trkpt lat="39.427249" lon="-1.314884">
        <ele>618.75</ele>
      </trkpt>
      <trkpt lat="39.427205" lon="-1.314669">
        <ele>618.75</ele>
      </trkpt>
      <trkpt lat="39.427113" lon="-1.314368">
        <ele>618.5</ele>
      </trkpt>
      <trkpt lat="39.426748" lon="-1.31358">
        <ele>617.25</ele>
      </trkpt>
      <trkpt lat="39.426639" lon="-1.313344">
        <ele>616.75</ele>
      </trkpt>
      <trkpt lat="39.426475" lon="-1.312949">
        <ele>616</ele>
      </trkpt>
      <trkpt lat="39.426448" lon="-1.312805">
        <ele>615.5</ele>
      </trkpt>
      <trkpt lat="39.426445" lon="-1.312659">
        <ele>615.25</ele>
      </trkpt>
      <trkpt lat="39.426502" lon="-1.312178">
        <ele>615.75</ele>
      </trkpt>
      <trkpt lat="39.426483" lon="-1.311855">
        <ele>615.75</ele>
      </trkpt>
      <trkpt lat="39.426392" lon="-1.31137">
        <ele>615.75</ele>
      </trkpt>
      <trkpt lat="39.426136" lon="-1.310854">
        <ele>615.25</ele>
      </trkpt>
      <trkpt lat="39.424784" lon="-1.308606">
        <ele>608.5</ele>
      </trkpt>
      <trkpt lat="39.424264" lon="-1.307741">
        <ele>607</ele>
      </trkpt>
      <trkpt lat="39.424077" lon="-1.307449">
        <ele>606.5</ele>
      </trkpt>
      <trkpt lat="39.42405" lon="-1.307404">
        <ele>606.5</ele>
      </trkpt>
      <trkpt lat="39.423622" lon="-1.306264">
        <ele>606</ele>
      </trkpt>
      <trkpt lat="39.423354" lon="-1.305554">
        <ele>605</ele>
      </trkpt>
      <trkpt lat="39.423284" lon="-1.305378">
        <ele>604.5</ele>
      </trkpt>
      <trkpt lat="39.42317" lon="-1.305068">
        <ele>604</ele>
      </trkpt>
      <trkpt lat="39.423094" lon="-1.304387">
        <ele>602</ele>
      </trkpt>
      <trkpt lat="39.423072" lon="-1.304019">
        <ele>600.25</ele>
      </trkpt>
      <trkpt lat="39.423107" lon="-1.303636">
        <ele>598</ele>
      </trkpt>
      <trkpt lat="39.42309" lon="-1.303455">
        <ele>596.75</ele>
      </trkpt>
      <trkpt lat="39.422984" lon="-1.303363">
        <ele>595.75</ele>
      </trkpt>
      <trkpt lat="39.422129" lon="-1.303231">
        <ele>592.25</ele>
      </trkpt>
      <trkpt lat="39.421778" lon="-1.30305">
        <ele>590.5</ele>
      </trkpt>
      <trkpt lat="39.42165" lon="-1.302928">
        <ele>590</ele>
      </trkpt>
      <trkpt lat="39.421646" lon="-1.302826">
        <ele>589.75</ele>
      </trkpt>
      <trkpt lat="39.421666" lon="-1.302531">
        <ele>589</ele>
      </trkpt>
      <trkpt lat="39.421642" lon="-1.302424">
        <ele>589.25</ele>
      </trkpt>
      <trkpt lat="39.42162" lon="-1.302389">
        <ele>589.25</ele>
      </trkpt>
      <trkpt lat="39.421368" lon="-1.30197">
        <ele>590</ele>
      </trkpt>
      <trkpt lat="39.421295" lon="-1.301699">
        <ele>590.5</ele>
      </trkpt>
      <trkpt lat="39.421214" lon="-1.300107">
        <ele>593.75</ele>
      </trkpt>
      <trkpt lat="39.421192" lon="-1.299924">
        <ele>593.75</ele>
      </trkpt>
      <trkpt lat="39.421256" lon="-1.29995">
        <ele>594</ele>
      </trkpt>
      <trkpt lat="39.421364" lon="-1.299914">
        <ele>594.25</ele>
      </trkpt>
      <trkpt lat="39.42143" lon="-1.299841">
        <ele>594.25</ele>
      </trkpt>
      <trkpt lat="39.421453" lon="-1.299701">
        <ele>594.5</ele>
      </trkpt>
      <trkpt lat="39.421406" lon="-1.299231">
        <ele>594.5</ele>
      </trkpt>
      <trkpt lat="39.42134" lon="-1.298793">
        <ele>596.75</ele>
      </trkpt>
      <trkpt lat="39.421364" lon="-1.298622">
        <ele>597.75</ele>
      </trkpt>
      <trkpt lat="39.42135" lon="-1.298457">
        <ele>598.75</ele>
      </trkpt>
      <trkpt lat="39.421185" lon="-1.298311">
        <ele>599.25</ele>
      </trkpt>
      <trkpt lat="39.421166" lon="-1.298232">
        <ele>599.5</ele>
      </trkpt>
      <trkpt lat="39.421213" lon="-1.298031">
        <ele>599.75</ele>
      </trkpt>
      <trkpt lat="39.421773" lon="-1.296244">
        <ele>602.5</ele>
      </trkpt>
      <trkpt lat="39.421805" lon="-1.29606">
        <ele>602.5</ele>
      </trkpt>
      <trkpt lat="39.421618" lon="-1.295874">
        <ele>602.75</ele>
      </trkpt>
      <trkpt lat="39.421503" lon="-1.295724">
        <ele>602.75</ele>
      </trkpt>
      <trkpt lat="39.421465" lon="-1.295666">
        <ele>602.75</ele>
      </trkpt>
      <trkpt lat="39.421265" lon="-1.295342">
        <ele>602.75</ele>
      </trkpt>
      <trkpt lat="39.421246" lon="-1.295313">
        <ele>602.75</ele>
      </trkpt>
      <trkpt lat="39.421279" lon="-1.294972">
        <ele>603</ele>
      </trkpt>
      <trkpt lat="39.421237" lon="-1.294898">
        <ele>603</ele>
      </trkpt>
      <trkpt lat="39.421039" lon="-1.294825">
        <ele>603</ele>
      </trkpt>
      <trkpt lat="39.420692" lon="-1.294586">
        <ele>602.75</ele>
      </trkpt>
      <trkpt lat="39.420713" lon="-1.294502">
        <ele>603</ele>
      </trkpt>
      <trkpt lat="39.420675" lon="-1.294408">
        <ele>603</ele>
      </trkpt>
      <trkpt lat="39.420574" lon="-1.294299">
        <ele>602.5</ele>
      </trkpt>
      <trkpt lat="39.420471" lon="-1.294217">
        <ele>602</ele>
      </trkpt>
      <trkpt lat="39.420217" lon="-1.294012">
        <ele>601</ele>
      </trkpt>
      <trkpt lat="39.420287" lon="-1.293562">
        <ele>601.75</ele>
      </trkpt>
      <trkpt lat="39.420355" lon="-1.29313">
        <ele>602.5</ele>
      </trkpt>
      <trkpt lat="39.420063" lon="-1.293056">
        <ele>601.75</ele>
      </trkpt>
      <trkpt lat="39.419325" lon="-1.292868">
        <ele>599.25</ele>
      </trkpt>
      <trkpt lat="39.419156" lon="-1.292856">
        <ele>598.5</ele>
      </trkpt>
      <trkpt lat="39.418874" lon="-1.292618">
        <ele>598.75</ele>
      </trkpt>
      <trkpt lat="39.418891" lon="-1.292451">
        <ele>599.25</ele>
      </trkpt>
      <trkpt lat="39.418834" lon="-1.292277">
        <ele>599.75</ele>
      </trkpt>
      <trkpt lat="39.418752" lon="-1.292086">
        <ele>600.25</ele>
      </trkpt>
      <trkpt lat="39.418726" lon="-1.292024">
        <ele>600.5</ele>
      </trkpt>
      <trkpt lat="39.418425" lon="-1.292246">
        <ele>599.25</ele>
      </trkpt>
      <trkpt lat="39.418214" lon="-1.292402">
        <ele>598</ele>
      </trkpt>
      <trkpt lat="39.417909" lon="-1.291732">
        <ele>599.5</ele>
      </trkpt>
      <trkpt lat="39.417796" lon="-1.29145">
        <ele>598.75</ele>
      </trkpt>
      <trkpt lat="39.417757" lon="-1.29133">
        <ele>598.5</ele>
      </trkpt>
      <trkpt lat="39.417735" lon="-1.291204">
        <ele>598.25</ele>
      </trkpt>
      <trkpt lat="39.417693" lon="-1.290977">
        <ele>597.5</ele>
      </trkpt>
      <trkpt lat="39.417675" lon="-1.290961">
        <ele>597.5</ele>
      </trkpt>
      <trkpt lat="39.417491" lon="-1.290803">
        <ele>596.75</ele>
      </trkpt>
      <trkpt lat="39.41738" lon="-1.290708">
        <ele>596.25</ele>
      </trkpt>
      <trkpt lat="39.41729" lon="-1.290631">
        <ele>596</ele>
      </trkpt>
      <trkpt lat="39.417162" lon="-1.290521">
        <ele>595.5</ele>
      </trkpt>
      <trkpt lat="39.4168" lon="-1.290214">
        <ele>594.5</ele>
      </trkpt>
      <trkpt lat="39.416754" lon="-1.290141">
        <ele>594.25</ele>
      </trkpt>
      <trkpt lat="39.416743" lon="-1.290054">
        <ele>594</ele>
      </trkpt>
      <trkpt lat="39.416772" lon="-1.289967">
        <ele>594</ele>
      </trkpt>
      <trkpt lat="39.416875" lon="-1.289755">
        <ele>594.25</ele>
      </trkpt>
      <trkpt lat="39.416886" lon="-1.289643">
        <ele>594.25</ele>
      </trkpt>
      <trkpt lat="39.416846" lon="-1.28955">
        <ele>594.5</ele>
      </trkpt>
      <trkpt lat="39.416613" lon="-1.289189">
        <ele>594.75</ele>
      </trkpt>
      <trkpt lat="39.416322" lon="-1.28861">
        <ele>595</ele>
      </trkpt>
      <trkpt lat="39.416133" lon="-1.288154">
        <ele>594.75</ele>
      </trkpt>
      <trkpt lat="39.416047" lon="-1.288007">
        <ele>595.25</ele>
      </trkpt>
      <trkpt lat="39.415969" lon="-1.287902">
        <ele>595.25</ele>
      </trkpt>
      <trkpt lat="39.415468" lon="-1.287687">
        <ele>596</ele>
      </trkpt>
      <trkpt lat="39.415329" lon="-1.287606">
        <ele>596.5</ele>
      </trkpt>
      <trkpt lat="39.415205" lon="-1.287513">
        <ele>597</ele>
      </trkpt>
      <trkpt lat="39.414882" lon="-1.287041">
        <ele>597.75</ele>
      </trkpt>
      <trkpt lat="39.414768" lon="-1.286959">
        <ele>597.5</ele>
      </trkpt>
      <trkpt lat="39.414568" lon="-1.286927">
        <ele>597</ele>
      </trkpt>
      <trkpt lat="39.414198" lon="-1.286953">
        <ele>596</ele>
      </trkpt>
      <trkpt lat="39.413933" lon="-1.286904">
        <ele>595</ele>
      </trkpt>
      <trkpt lat="39.413784" lon="-1.286813">
        <ele>594.5</ele>
      </trkpt>
      <trkpt lat="39.413693" lon="-1.286661">
        <ele>594.25</ele>
      </trkpt>
      <trkpt lat="39.413534" lon="-1.286182">
        <ele>593.5</ele>
      </trkpt>
      <trkpt lat="39.413249" lon="-1.284957">
        <ele>593.5</ele>
      </trkpt>
      <trkpt lat="39.413047" lon="-1.284377">
        <ele>594.25</ele>
      </trkpt>
      <trkpt lat="39.412957" lon="-1.284207">
        <ele>594</ele>
      </trkpt>
      <trkpt lat="39.412743" lon="-1.284006">
        <ele>592.5</ele>
      </trkpt>
      <trkpt lat="39.411978" lon="-1.283409">
        <ele>589.75</ele>
      </trkpt>
      <trkpt lat="39.411605" lon="-1.283157">
        <ele>589.5</ele>
      </trkpt>
      <trkpt lat="39.410116" lon="-1.281684">
        <ele>586.25</ele>
      </trkpt>
      <trkpt lat="39.409716" lon="-1.281235">
        <ele>586.5</ele>
      </trkpt>
      <trkpt lat="39.40909" lon="-1.280557">
        <ele>586.5</ele>
      </trkpt>
      <trkpt lat="39.408551" lon="-1.280023">
        <ele>587</ele>
      </trkpt>
      <trkpt lat="39.408416" lon="-1.279926">
        <ele>587</ele>
      </trkpt>
      <trkpt lat="39.408215" lon="-1.279821">
        <ele>586.5</ele>
      </trkpt>
      <trkpt lat="39.407529" lon="-1.279323">
        <ele>583.5</ele>
      </trkpt>
      <trkpt lat="39.407444" lon="-1.27925">
        <ele>582.75</ele>
      </trkpt>
      <trkpt lat="39.407346" lon="-1.279116">
        <ele>582.25</ele>
      </trkpt>
      <trkpt lat="39.407286" lon="-1.27894">
        <ele>581.75</ele>
      </trkpt>
      <trkpt lat="39.407254" lon="-1.278726">
        <ele>581.25</ele>
      </trkpt>
      <trkpt lat="39.407147" lon="-1.277725">
        <ele>582.75</ele>
      </trkpt>
      <trkpt lat="39.407088" lon="-1.277593">
        <ele>583</ele>
      </trkpt>
      <trkpt lat="39.406977" lon="-1.277501">
        <ele>582.75</ele>
      </trkpt>
      <trkpt lat="39.406641" lon="-1.277386">
        <ele>581.75</ele>
      </trkpt>
      <trkpt lat="39.406333" lon="-1.277324">
        <ele>580.75</ele>
      </trkpt>
      <trkpt lat="39.406097" lon="-1.277213">
        <ele>580.25</ele>
      </trkpt>
      <trkpt lat="39.405805" lon="-1.277033">
        <ele>579.5</ele>
      </trkpt>
      <trkpt lat="39.405726" lon="-1.27698">
        <ele>579</ele>
      </trkpt>
      <trkpt lat="39.405513" lon="-1.276816">
        <ele>578</ele>
      </trkpt>
      <trkpt lat="39.405413" lon="-1.276758">
        <ele>577.5</ele>
      </trkpt>
      <trkpt lat="39.404613" lon="-1.276461">
        <ele>572.75</ele>
      </trkpt>
      <trkpt lat="39.404479" lon="-1.276421">
        <ele>572.5</ele>
      </trkpt>
      <trkpt lat="39.404324" lon="-1.27642">
        <ele>571.75</ele>
      </trkpt>
      <trkpt lat="39.404115" lon="-1.276519">
        <ele>570.75</ele>
      </trkpt>
      <trkpt lat="39.40387" lon="-1.276633">
        <ele>568.75</ele>
      </trkpt>
      <trkpt lat="39.403699" lon="-1.276688">
        <ele>567.5</ele>
      </trkpt>
      <trkpt lat="39.403601" lon="-1.276222">
        <ele>567.75</ele>
      </trkpt>
      <trkpt lat="39.403555" lon="-1.276079">
        <ele>567.75</ele>
      </trkpt>
      <trkpt lat="39.403558" lon="-1.275725">
        <ele>568.25</ele>
      </trkpt>
      <trkpt lat="39.403579" lon="-1.27558">
        <ele>568.25</ele>
      </trkpt>
      <trkpt lat="39.403546" lon="-1.275483">
        <ele>568.25</ele>
      </trkpt>
      <trkpt lat="39.40344" lon="-1.275601">
        <ele>567.5</ele>
      </trkpt>
      <trkpt lat="39.403425" lon="-1.275618">
        <ele>567.5</ele>
      </trkpt>
      <trkpt lat="39.403244" lon="-1.275819">
        <ele>566</ele>
      </trkpt>
      <trkpt lat="39.403031" lon="-1.276203">
        <ele>562.5</ele>
      </trkpt>
      <trkpt lat="39.402962" lon="-1.276289">
        <ele>561.5</ele>
      </trkpt>
      <trkpt lat="39.402877" lon="-1.276359">
        <ele>560.25</ele>
      </trkpt>
      <trkpt lat="39.402307" lon="-1.276704">
        <ele>555.75</ele>
      </trkpt>
      <trkpt lat="39.402123" lon="-1.276815">
        <ele>556.5</ele>
      </trkpt>
      <trkpt lat="39.402009" lon="-1.276874">
        <ele>557</ele>
      </trkpt>
      <trkpt lat="39.401949" lon="-1.276877">
        <ele>557.25</ele>
      </trkpt>
      <trkpt lat="39.401882" lon="-1.276871">
        <ele>557.5</ele>
      </trkpt>
      <trkpt lat="39.401793" lon="-1.276836">
        <ele>557.75</ele>
      </trkpt>
      <trkpt lat="39.401692" lon="-1.276775">
        <ele>558</ele>
      </trkpt>
      <trkpt lat="39.400113" lon="-1.275386">
        <ele>558.75</ele>
      </trkpt>
      <trkpt lat="39.399622" lon="-1.275134">
        <ele>557.75</ele>
      </trkpt>
      <trkpt lat="39.39794" lon="-1.274293">
        <ele>553.75</ele>
      </trkpt>
      <trkpt lat="39.397711" lon="-1.274063">
        <ele>553.75</ele>
      </trkpt>
      <trkpt lat="39.397501" lon="-1.27381">
        <ele>553.25</ele>
      </trkpt>
      <trkpt lat="39.39725" lon="-1.27336">
        <ele>553.25</ele>
      </trkpt>
      <trkpt lat="39.396995" lon="-1.272903">
        <ele>554.75</ele>
      </trkpt>
      <trkpt lat="39.396874" lon="-1.272777">
        <ele>555.5</ele>
      </trkpt>
      <trkpt lat="39.396217" lon="-1.272445">
        <ele>558.75</ele>
      </trkpt>
      <trkpt lat="39.396143" lon="-1.272408">
        <ele>559.25</ele>
      </trkpt>
      <trkpt lat="39.39596" lon="-1.27243">
        <ele>560.75</ele>
      </trkpt>
      <trkpt lat="39.395939" lon="-1.272433">
        <ele>560.75</ele>
      </trkpt>
      <trkpt lat="39.395993" lon="-1.272587">
        <ele>561</ele>
      </trkpt>
      <trkpt lat="39.396004" lon="-1.272667">
        <ele>561.25</ele>
      </trkpt>
      <trkpt lat="39.395987" lon="-1.272766">
        <ele>561.75</ele>
      </trkpt>
      <trkpt lat="39.395961" lon="-1.272818">
        <ele>562.25</ele>
      </trkpt>
      <trkpt lat="39.395864" lon="-1.272941">
        <ele>563.25</ele>
      </trkpt>
      <trkpt lat="39.395802" lon="-1.273035">
        <ele>564</ele>
      </trkpt>
      <trkpt lat="39.395767" lon="-1.273105">
        <ele>564.75</ele>
      </trkpt>
      <trkpt lat="39.39571" lon="-1.273306">
        <ele>566.25</ele>
      </trkpt>
      <trkpt lat="39.395671" lon="-1.27341">
        <ele>567.25</ele>
      </trkpt>
      <trkpt lat="39.39571" lon="-1.273306">
        <ele>566.25</ele>
      </trkpt>
      <trkpt lat="39.395767" lon="-1.273105">
        <ele>564.75</ele>
      </trkpt>
      <trkpt lat="39.395802" lon="-1.273035">
        <ele>564</ele>
      </trkpt>
      <trkpt lat="39.395864" lon="-1.272941">
        <ele>563.25</ele>
      </trkpt>
      <trkpt lat="39.395961" lon="-1.272818">
        <ele>562.25</ele>
      </trkpt>
      <trkpt lat="39.395987" lon="-1.272766">
        <ele>561.75</ele>
      </trkpt>
      <trkpt lat="39.396004" lon="-1.272667">
        <ele>561.25</ele>
      </trkpt>
      <trkpt lat="39.395993" lon="-1.272587">
        <ele>561</ele>
      </trkpt>
      <trkpt lat="39.395939" lon="-1.272433">
        <ele>560.75</ele>
      </trkpt>
      <trkpt lat="39.395333" lon="-1.272558">
        <ele>564.25</ele>
      </trkpt>
      <trkpt lat="39.395049" lon="-1.272495">
        <ele>564.75</ele>
      </trkpt>
      <trkpt lat="39.394929" lon="-1.272397">
        <ele>565.25</ele>
      </trkpt>
      <trkpt lat="39.394754" lon="-1.272137">
        <ele>565.75</ele>
      </trkpt>
      <trkpt lat="39.394566" lon="-1.272004">
        <ele>566.75</ele>
      </trkpt>
      <trkpt lat="39.394253" lon="-1.271887">
        <ele>568.75</ele>
      </trkpt>
      <trkpt lat="39.39414" lon="-1.271775">
        <ele>569.25</ele>
      </trkpt>
      <trkpt lat="39.394061" lon="-1.271625">
        <ele>570</ele>
      </trkpt>
      <trkpt lat="39.393932" lon="-1.271278">
        <ele>570</ele>
      </trkpt>
      <trkpt lat="39.393785" lon="-1.271057">
        <ele>570.5</ele>
      </trkpt>
      <trkpt lat="39.393278" lon="-1.270609">
        <ele>573.25</ele>
      </trkpt>
      <trkpt lat="39.393089" lon="-1.270442">
        <ele>574.75</ele>
      </trkpt>
      <trkpt lat="39.392177" lon="-1.269987">
        <ele>583</ele>
      </trkpt>
      <trkpt lat="39.392079" lon="-1.269932">
        <ele>584.5</ele>
      </trkpt>
      <trkpt lat="39.391917" lon="-1.269764">
        <ele>586.75</ele>
      </trkpt>
      <trkpt lat="39.39185" lon="-1.269567">
        <ele>587.25</ele>
      </trkpt>
      <trkpt lat="39.391824" lon="-1.269194">
        <ele>587</ele>
      </trkpt>
      <trkpt lat="39.391749" lon="-1.26903">
        <ele>586.75</ele>
      </trkpt>
      <trkpt lat="39.391605" lon="-1.268948">
        <ele>587.25</ele>
      </trkpt>
      <trkpt lat="39.391276" lon="-1.268885">
        <ele>589.75</ele>
      </trkpt>
      <trkpt lat="39.391129" lon="-1.268774">
        <ele>590.5</ele>
      </trkpt>
      <trkpt lat="39.391017" lon="-1.268565">
        <ele>590.5</ele>
      </trkpt>
      <trkpt lat="39.390976" lon="-1.268267">
        <ele>589.75</ele>
      </trkpt>
      <trkpt lat="39.390905" lon="-1.268127">
        <ele>590</ele>
      </trkpt>
      <trkpt lat="39.390757" lon="-1.268058">
        <ele>591.25</ele>
      </trkpt>
      <trkpt lat="39.390496" lon="-1.268132">
        <ele>593.75</ele>
      </trkpt>
      <trkpt lat="39.390366" lon="-1.268068">
        <ele>594.75</ele>
      </trkpt>
      <trkpt lat="39.390158" lon="-1.267829">
        <ele>595.5</ele>
      </trkpt>
      <trkpt lat="39.390096" lon="-1.267635">
        <ele>595.5</ele>
      </trkpt>
      <trkpt lat="39.390124" lon="-1.267393">
        <ele>594.5</ele>
      </trkpt>
      <trkpt lat="39.390199" lon="-1.267207">
        <ele>593.25</ele>
      </trkpt>
      <trkpt lat="39.390191" lon="-1.267058">
        <ele>593.25</ele>
      </trkpt>
      <trkpt lat="39.390076" lon="-1.266897">
        <ele>594.25</ele>
      </trkpt>
      <trkpt lat="39.389576" lon="-1.266719">
        <ele>601</ele>
      </trkpt>
      <trkpt lat="39.389421" lon="-1.266529">
        <ele>603.5</ele>
      </trkpt>
      <trkpt lat="39.389129" lon="-1.265932">
        <ele>608.25</ele>
      </trkpt>
      <trkpt lat="39.389009" lon="-1.265827">
        <ele>609.5</ele>
      </trkpt>
      <trkpt lat="39.388764" lon="-1.265744">
        <ele>612</ele>
      </trkpt>
      <trkpt lat="39.388636" lon="-1.265587">
        <ele>612.5</ele>
      </trkpt>
      <trkpt lat="39.388566" lon="-1.265468">
        <ele>612.75</ele>
      </trkpt>
      <trkpt lat="39.388498" lon="-1.265352">
        <ele>612.75</ele>
      </trkpt>
      <trkpt lat="39.387895" lon="-1.264331">
        <ele>617</ele>
      </trkpt>
      <trkpt lat="39.387355" lon="-1.263816">
        <ele>619.25</ele>
      </trkpt>
      <trkpt lat="39.386913" lon="-1.263549">
        <ele>617.5</ele>
      </trkpt>
      <trkpt lat="39.386503" lon="-1.263354">
        <ele>615</ele>
      </trkpt>
      <trkpt lat="39.386291" lon="-1.263209">
        <ele>614.5</ele>
      </trkpt>
      <trkpt lat="39.385726" lon="-1.262575">
        <ele>613.25</ele>
      </trkpt>
      <trkpt lat="39.385503" lon="-1.262409">
        <ele>614.75</ele>
      </trkpt>
      <trkpt lat="39.385312" lon="-1.262266">
        <ele>616</ele>
      </trkpt>
      <trkpt lat="39.385007" lon="-1.262175">
        <ele>618.25</ele>
      </trkpt>
      <trkpt lat="39.38479" lon="-1.262141">
        <ele>619.5</ele>
      </trkpt>
      <trkpt lat="39.384728" lon="-1.262148">
        <ele>619.75</ele>
      </trkpt>
      <trkpt lat="39.384252" lon="-1.262313">
        <ele>624.75</ele>
      </trkpt>
      <trkpt lat="39.384095" lon="-1.262337">
        <ele>626.75</ele>
      </trkpt>
      <trkpt lat="39.383977" lon="-1.262317">
        <ele>628</ele>
      </trkpt>
      <trkpt lat="39.383321" lon="-1.262159">
        <ele>633.75</ele>
      </trkpt>
      <trkpt lat="39.383124" lon="-1.262175">
        <ele>636</ele>
      </trkpt>
      <trkpt lat="39.382879" lon="-1.262242">
        <ele>639.75</ele>
      </trkpt>
      <trkpt lat="39.382791" lon="-1.262237">
        <ele>640.5</ele>
      </trkpt>
      <trkpt lat="39.382728" lon="-1.262192">
        <ele>640</ele>
      </trkpt>
      <trkpt lat="39.382492" lon="-1.26197">
        <ele>637.5</ele>
      </trkpt>
      <trkpt lat="39.382415" lon="-1.261916">
        <ele>637</ele>
      </trkpt>
      <trkpt lat="39.382332" lon="-1.261894">
        <ele>637.25</ele>
      </trkpt>
      <trkpt lat="39.381894" lon="-1.26188">
        <ele>640.5</ele>
      </trkpt>
      <trkpt lat="39.38184" lon="-1.261873">
        <ele>640.75</ele>
      </trkpt>
      <trkpt lat="39.381775" lon="-1.261845">
        <ele>640.5</ele>
      </trkpt>
      <trkpt lat="39.381726" lon="-1.261816">
        <ele>640.25</ele>
      </trkpt>
      <trkpt lat="39.381325" lon="-1.261503">
        <ele>645.25</ele>
      </trkpt>
      <trkpt lat="39.381251" lon="-1.261437">
        <ele>647</ele>
      </trkpt>
      <trkpt lat="39.381181" lon="-1.26135">
        <ele>648.5</ele>
      </trkpt>
      <trkpt lat="39.381138" lon="-1.261227">
        <ele>649</ele>
      </trkpt>
      <trkpt lat="39.381077" lon="-1.260574">
        <ele>646.5</ele>
      </trkpt>
      <trkpt lat="39.381048" lon="-1.260404">
        <ele>645.75</ele>
      </trkpt>
      <trkpt lat="39.381015" lon="-1.260295">
        <ele>645.75</ele>
      </trkpt>
      <trkpt lat="39.380983" lon="-1.260215">
        <ele>645.75</ele>
      </trkpt>
      <trkpt lat="39.380951" lon="-1.260159">
        <ele>646</ele>
      </trkpt>
      <trkpt lat="39.380915" lon="-1.26011">
        <ele>646.25</ele>
      </trkpt>
      <trkpt lat="39.38077" lon="-1.259951">
        <ele>647.5</ele>
      </trkpt>
      <trkpt lat="39.380692" lon="-1.259841">
        <ele>648</ele>
      </trkpt>
      <trkpt lat="39.380579" lon="-1.259638">
        <ele>649</ele>
      </trkpt>
      <trkpt lat="39.380507" lon="-1.259459">
        <ele>650</ele>
      </trkpt>
      <trkpt lat="39.380473" lon="-1.259351">
        <ele>650.5</ele>
      </trkpt>
      <trkpt lat="39.380449" lon="-1.259242">
        <ele>650.75</ele>
      </trkpt>
      <trkpt lat="39.380439" lon="-1.259131">
        <ele>651</ele>
      </trkpt>
      <trkpt lat="39.38045" lon="-1.259014">
        <ele>651.25</ele>
      </trkpt>
      <trkpt lat="39.380478" lon="-1.258853">
        <ele>651.25</ele>
      </trkpt>
      <trkpt lat="39.380553" lon="-1.258644">
        <ele>651</ele>
      </trkpt>
      <trkpt lat="39.380568" lon="-1.258579">
        <ele>651.25</ele>
      </trkpt>
      <trkpt lat="39.380577" lon="-1.258503">
        <ele>651.5</ele>
      </trkpt>
      <trkpt lat="39.380574" lon="-1.258417">
        <ele>652</ele>
      </trkpt>
      <trkpt lat="39.38057" lon="-1.25831">
        <ele>652.5</ele>
      </trkpt>
      <trkpt lat="39.380555" lon="-1.258199">
        <ele>653.25</ele>
      </trkpt>
      <trkpt lat="39.380535" lon="-1.25813">
        <ele>653.75</ele>
      </trkpt>
      <trkpt lat="39.380484" lon="-1.258026">
        <ele>654.25</ele>
      </trkpt>
      <trkpt lat="39.380421" lon="-1.257926">
        <ele>654.5</ele>
      </trkpt>
      <trkpt lat="39.380306" lon="-1.257744">
        <ele>654.5</ele>
      </trkpt>
      <trkpt lat="39.380263" lon="-1.257643">
        <ele>654</ele>
      </trkpt>
      <trkpt lat="39.380236" lon="-1.25755">
        <ele>653.5</ele>
      </trkpt>
      <trkpt lat="39.38019" lon="-1.257242">
        <ele>652.25</ele>
      </trkpt>
      <trkpt lat="39.380177" lon="-1.257032">
        <ele>651.5</ele>
      </trkpt>
      <trkpt lat="39.380176" lon="-1.256884">
        <ele>651</ele>
      </trkpt>
      <trkpt lat="39.380225" lon="-1.256541">
        <ele>652</ele>
      </trkpt>
      <trkpt lat="39.38023" lon="-1.256425">
        <ele>652.5</ele>
      </trkpt>
      <trkpt lat="39.380222" lon="-1.256329">
        <ele>652.75</ele>
      </trkpt>
      <trkpt lat="39.380204" lon="-1.256242">
        <ele>652.75</ele>
      </trkpt>
      <trkpt lat="39.37986" lon="-1.255232">
        <ele>648.25</ele>
      </trkpt>
      <trkpt lat="39.379562" lon="-1.254362">
        <ele>644.5</ele>
      </trkpt>
      <trkpt lat="39.379535" lon="-1.254255">
        <ele>644.5</ele>
      </trkpt>
      <trkpt lat="39.379519" lon="-1.254096">
        <ele>644.25</ele>
      </trkpt>
      <trkpt lat="39.379511" lon="-1.253802">
        <ele>643.5</ele>
      </trkpt>
      <trkpt lat="39.379516" lon="-1.253563">
        <ele>643</ele>
      </trkpt>
      <trkpt lat="39.379513" lon="-1.253421">
        <ele>642.5</ele>
      </trkpt>
      <trkpt lat="39.379494" lon="-1.253317">
        <ele>642.5</ele>
      </trkpt>
      <trkpt lat="39.379463" lon="-1.253229">
        <ele>642.75</ele>
      </trkpt>
      <trkpt lat="39.379392" lon="-1.25311">
        <ele>643.25</ele>
      </trkpt>
      <trkpt lat="39.379253" lon="-1.252928">
        <ele>645</ele>
      </trkpt>
      <trkpt lat="39.379149" lon="-1.252695">
        <ele>646</ele>
      </trkpt>
      <trkpt lat="39.379049" lon="-1.252385">
        <ele>645.5</ele>
      </trkpt>
      <trkpt lat="39.378928" lon="-1.252195">
        <ele>645.25</ele>
      </trkpt>
      <trkpt lat="39.378384" lon="-1.251838">
        <ele>643.5</ele>
      </trkpt>
      <trkpt lat="39.377978" lon="-1.251729">
        <ele>641</ele>
      </trkpt>
      <trkpt lat="39.377786" lon="-1.251658">
        <ele>640</ele>
      </trkpt>
      <trkpt lat="39.377509" lon="-1.251543">
        <ele>638.5</ele>
      </trkpt>
      <trkpt lat="39.377428" lon="-1.25149">
        <ele>637.75</ele>
      </trkpt>
      <trkpt lat="39.377396" lon="-1.251461">
        <ele>637.75</ele>
      </trkpt>
      <trkpt lat="39.377355" lon="-1.251391">
        <ele>637.75</ele>
      </trkpt>
      <trkpt lat="39.377326" lon="-1.25131">
        <ele>638</ele>
      </trkpt>
      <trkpt lat="39.377266" lon="-1.251048">
        <ele>639.75</ele>
      </trkpt>
      <trkpt lat="39.37719" lon="-1.250668">
        <ele>639.25</ele>
      </trkpt>
      <trkpt lat="39.377012" lon="-1.250066">
        <ele>633</ele>
      </trkpt>
      <trkpt lat="39.376948" lon="-1.249879">
        <ele>631.75</ele>
      </trkpt>
      <trkpt lat="39.376901" lon="-1.249798">
        <ele>631.25</ele>
      </trkpt>
      <trkpt lat="39.376875" lon="-1.249765">
        <ele>631</ele>
      </trkpt>
      <trkpt lat="39.376844" lon="-1.249739">
        <ele>630.75</ele>
      </trkpt>
      <trkpt lat="39.376416" lon="-1.249482">
        <ele>629.5</ele>
      </trkpt>
      <trkpt lat="39.376343" lon="-1.249422">
        <ele>629.75</ele>
      </trkpt>
      <trkpt lat="39.376301" lon="-1.24937">
        <ele>630.25</ele>
      </trkpt>
      <trkpt lat="39.376264" lon="-1.249289">
        <ele>630.75</ele>
      </trkpt>
      <trkpt lat="39.376253" lon="-1.249226">
        <ele>631</ele>
      </trkpt>
      <trkpt lat="39.376262" lon="-1.249155">
        <ele>631.25</ele>
      </trkpt>
      <trkpt lat="39.376281" lon="-1.249086">
        <ele>630.75</ele>
      </trkpt>
      <trkpt lat="39.376318" lon="-1.249005">
        <ele>630.25</ele>
      </trkpt>
      <trkpt lat="39.376453" lon="-1.248755">
        <ele>627.5</ele>
      </trkpt>
      <trkpt lat="39.376472" lon="-1.248691">
        <ele>626.75</ele>
      </trkpt>
      <trkpt lat="39.376484" lon="-1.248588">
        <ele>625.75</ele>
      </trkpt>
      <trkpt lat="39.37647" lon="-1.248474">
        <ele>624.75</ele>
      </trkpt>
      <trkpt lat="39.376449" lon="-1.248424">
        <ele>624.5</ele>
      </trkpt>
      <trkpt lat="39.376402" lon="-1.24833">
        <ele>624.25</ele>
      </trkpt>
      <trkpt lat="39.376305" lon="-1.248192">
        <ele>624.25</ele>
      </trkpt>
      <trkpt lat="39.376224" lon="-1.248048">
        <ele>623.5</ele>
      </trkpt>
      <trkpt lat="39.376137" lon="-1.247911">
        <ele>623</ele>
      </trkpt>
      <trkpt lat="39.37607" lon="-1.247811">
        <ele>622.5</ele>
      </trkpt>
      <trkpt lat="39.375954" lon="-1.247683">
        <ele>622.25</ele>
      </trkpt>
      <trkpt lat="39.375887" lon="-1.247624">
        <ele>622</ele>
      </trkpt>
      <trkpt lat="39.3757" lon="-1.247508">
        <ele>620.25</ele>
      </trkpt>
      <trkpt lat="39.375573" lon="-1.24746">
        <ele>619.25</ele>
      </trkpt>
      <trkpt lat="39.375455" lon="-1.247434">
        <ele>618.5</ele>
      </trkpt>
      <trkpt lat="39.375449" lon="-1.247368">
        <ele>618.25</ele>
      </trkpt>
      <trkpt lat="39.375477" lon="-1.247289">
        <ele>617.75</ele>
      </trkpt>
      <trkpt lat="39.375784" lon="-1.24716">
        <ele>618.25</ele>
      </trkpt>
      <trkpt lat="39.376064" lon="-1.247009">
        <ele>616.25</ele>
      </trkpt>
      <trkpt lat="39.376097" lon="-1.246981">
        <ele>616</ele>
      </trkpt>
      <trkpt lat="39.37615" lon="-1.246918">
        <ele>615.25</ele>
      </trkpt>
      <trkpt lat="39.376276" lon="-1.246768">
        <ele>614.25</ele>
      </trkpt>
      <trkpt lat="39.376338" lon="-1.246607">
        <ele>613.5</ele>
      </trkpt>
      <trkpt lat="39.376403" lon="-1.246315">
        <ele>612.5</ele>
      </trkpt>
      <trkpt lat="39.376338" lon="-1.246607">
        <ele>613.5</ele>
      </trkpt>
      <trkpt lat="39.376276" lon="-1.246768">
        <ele>614.25</ele>
      </trkpt>
      <trkpt lat="39.37615" lon="-1.246918">
        <ele>615.25</ele>
      </trkpt>
      <trkpt lat="39.37614" lon="-1.246938">
        <ele>615.5</ele>
      </trkpt>
      <trkpt lat="39.376097" lon="-1.246981">
        <ele>616</ele>
      </trkpt>
      <trkpt lat="39.375738" lon="-1.247061">
        <ele>617.25</ele>
      </trkpt>
      <trkpt lat="39.375697" lon="-1.247042">
        <ele>617</ele>
      </trkpt>
      <trkpt lat="39.375594" lon="-1.24702">
        <ele>616.5</ele>
      </trkpt>
      <trkpt lat="39.375443" lon="-1.247004">
        <ele>615.75</ele>
      </trkpt>
      <trkpt lat="39.375338" lon="-1.247021">
        <ele>615.5</ele>
      </trkpt>
      <trkpt lat="39.375238" lon="-1.24705">
        <ele>615.25</ele>
      </trkpt>
      <trkpt lat="39.375177" lon="-1.247068">
        <ele>615</ele>
      </trkpt>
      <trkpt lat="39.375133" lon="-1.247098">
        <ele>615</ele>
      </trkpt>
      <trkpt lat="39.375095" lon="-1.247133">
        <ele>615</ele>
      </trkpt>
      <trkpt lat="39.375048" lon="-1.247195">
        <ele>615.25</ele>
      </trkpt>
      <trkpt lat="39.374986" lon="-1.247295">
        <ele>615.75</ele>
      </trkpt>
      <trkpt lat="39.37493" lon="-1.24742">
        <ele>616.5</ele>
      </trkpt>
      <trkpt lat="39.3749" lon="-1.247503">
        <ele>617</ele>
      </trkpt>
      <trkpt lat="39.374847" lon="-1.24769">
        <ele>618.75</ele>
      </trkpt>
      <trkpt lat="39.374806" lon="-1.247802">
        <ele>619.75</ele>
      </trkpt>
      <trkpt lat="39.374733" lon="-1.247975">
        <ele>620.75</ele>
      </trkpt>
      <trkpt lat="39.374601" lon="-1.248221">
        <ele>621.75</ele>
      </trkpt>
      <trkpt lat="39.374381" lon="-1.248053">
        <ele>619.75</ele>
      </trkpt>
      <trkpt lat="39.374325" lon="-1.248028">
        <ele>619.25</ele>
      </trkpt>
      <trkpt lat="39.374258" lon="-1.248013">
        <ele>619</ele>
      </trkpt>
      <trkpt lat="39.37396" lon="-1.247972">
        <ele>619</ele>
      </trkpt>
      <trkpt lat="39.373769" lon="-1.247911">
        <ele>619.75</ele>
      </trkpt>
      <trkpt lat="39.373752" lon="-1.247903">
        <ele>620</ele>
      </trkpt>
      <trkpt lat="39.373676" lon="-1.247871">
        <ele>620.25</ele>
      </trkpt>
      <trkpt lat="39.373617" lon="-1.247857">
        <ele>620.75</ele>
      </trkpt>
      <trkpt lat="39.37356" lon="-1.247864">
        <ele>620.75</ele>
      </trkpt>
      <trkpt lat="39.373511" lon="-1.247883">
        <ele>621</ele>
      </trkpt>
      <trkpt lat="39.373263" lon="-1.248071">
        <ele>620.25</ele>
      </trkpt>
      <trkpt lat="39.373197" lon="-1.248099">
        <ele>620.25</ele>
      </trkpt>
      <trkpt lat="39.372524" lon="-1.24828">
        <ele>619.75</ele>
      </trkpt>
      <trkpt lat="39.372391" lon="-1.248301">
        <ele>619</ele>
      </trkpt>
      <trkpt lat="39.372307" lon="-1.248289">
        <ele>618.75</ele>
      </trkpt>
      <trkpt lat="39.372224" lon="-1.248261">
        <ele>618.75</ele>
      </trkpt>
      <trkpt lat="39.371535" lon="-1.247783">
        <ele>619.25</ele>
      </trkpt>
      <trkpt lat="39.371498" lon="-1.247741">
        <ele>619.5</ele>
      </trkpt>
      <trkpt lat="39.371474" lon="-1.247676">
        <ele>620</ele>
      </trkpt>
      <trkpt lat="39.371454" lon="-1.247593">
        <ele>620.5</ele>
      </trkpt>
      <trkpt lat="39.371432" lon="-1.247449">
        <ele>620.5</ele>
      </trkpt>
      <trkpt lat="39.371399" lon="-1.247341">
        <ele>620</ele>
      </trkpt>
      <trkpt lat="39.371358" lon="-1.247245">
        <ele>619.25</ele>
      </trkpt>
      <trkpt lat="39.371176" lon="-1.246941">
        <ele>618</ele>
      </trkpt>
      <trkpt lat="39.371132" lon="-1.246888">
        <ele>617.75</ele>
      </trkpt>
      <trkpt lat="39.371003" lon="-1.246777">
        <ele>617.75</ele>
      </trkpt>
      <trkpt lat="39.370847" lon="-1.246706">
        <ele>618</ele>
      </trkpt>
      <trkpt lat="39.370752" lon="-1.246695">
        <ele>618.5</ele>
      </trkpt>
      <trkpt lat="39.370582" lon="-1.246689">
        <ele>619.5</ele>
      </trkpt>
      <trkpt lat="39.370529" lon="-1.246671">
        <ele>619.75</ele>
      </trkpt>
      <trkpt lat="39.370449" lon="-1.24663">
        <ele>619.75</ele>
      </trkpt>
      <trkpt lat="39.370194" lon="-1.246423">
        <ele>618</ele>
      </trkpt>
      <trkpt lat="39.370052" lon="-1.246291">
        <ele>616.75</ele>
      </trkpt>
      <trkpt lat="39.36996" lon="-1.246188">
        <ele>616</ele>
      </trkpt>
      <trkpt lat="39.369245" lon="-1.245184">
        <ele>609</ele>
      </trkpt>
      <trkpt lat="39.369202" lon="-1.245139">
        <ele>608.5</ele>
      </trkpt>
      <trkpt lat="39.369157" lon="-1.245114">
        <ele>608.5</ele>
      </trkpt>
      <trkpt lat="39.3691" lon="-1.2451">
        <ele>608</ele>
      </trkpt>
      <trkpt lat="39.369039" lon="-1.2451">
        <ele>607.5</ele>
      </trkpt>
      <trkpt lat="39.368973" lon="-1.245116">
        <ele>607.5</ele>
      </trkpt>
      <trkpt lat="39.368817" lon="-1.245176">
        <ele>607.5</ele>
      </trkpt>
      <trkpt lat="39.368784" lon="-1.245184">
        <ele>607.5</ele>
      </trkpt>
      <trkpt lat="39.368496" lon="-1.245196">
        <ele>606</ele>
      </trkpt>
      <trkpt lat="39.368433" lon="-1.245211">
        <ele>606</ele>
      </trkpt>
      <trkpt lat="39.368059" lon="-1.245334">
        <ele>606.5</ele>
      </trkpt>
      <trkpt lat="39.368008" lon="-1.245361">
        <ele>606.5</ele>
      </trkpt>
      <trkpt lat="39.367977" lon="-1.245392">
        <ele>606.75</ele>
      </trkpt>
      <trkpt lat="39.367934" lon="-1.245447">
        <ele>607</ele>
      </trkpt>
      <trkpt lat="39.367829" lon="-1.245675">
        <ele>608</ele>
      </trkpt>
      <trkpt lat="39.367765" lon="-1.245781">
        <ele>608</ele>
      </trkpt>
      <trkpt lat="39.367646" lon="-1.245917">
        <ele>607.5</ele>
      </trkpt>
      <trkpt lat="39.367389" lon="-1.246234">
        <ele>605.75</ele>
      </trkpt>
      <trkpt lat="39.36733" lon="-1.246318">
        <ele>605.75</ele>
      </trkpt>
      <trkpt lat="39.367297" lon="-1.246404">
        <ele>605.75</ele>
      </trkpt>
      <trkpt lat="39.367279" lon="-1.246506">
        <ele>606</ele>
      </trkpt>
      <trkpt lat="39.3673" lon="-1.246796">
        <ele>607.25</ele>
      </trkpt>
      <trkpt lat="39.367294" lon="-1.246918">
        <ele>607.5</ele>
      </trkpt>
      <trkpt lat="39.367261" lon="-1.247036">
        <ele>607.25</ele>
      </trkpt>
      <trkpt lat="39.367206" lon="-1.247134">
        <ele>606.75</ele>
      </trkpt>
      <trkpt lat="39.367131" lon="-1.247236">
        <ele>605.75</ele>
      </trkpt>
      <trkpt lat="39.367038" lon="-1.247338">
        <ele>604.5</ele>
      </trkpt>
      <trkpt lat="39.366925" lon="-1.247429">
        <ele>603</ele>
      </trkpt>
      <trkpt lat="39.366853" lon="-1.247475">
        <ele>601.75</ele>
      </trkpt>
      <trkpt lat="39.366792" lon="-1.247492">
        <ele>600.75</ele>
      </trkpt>
      <trkpt lat="39.366717" lon="-1.247499">
        <ele>599.75</ele>
      </trkpt>
      <trkpt lat="39.366633" lon="-1.247484">
        <ele>598.75</ele>
      </trkpt>
      <trkpt lat="39.366198" lon="-1.24736">
        <ele>597.5</ele>
      </trkpt>
      <trkpt lat="39.366017" lon="-1.247345">
        <ele>597</ele>
      </trkpt>
      <trkpt lat="39.365899" lon="-1.247309">
        <ele>596.5</ele>
      </trkpt>
      <trkpt lat="39.365797" lon="-1.247252">
        <ele>596.25</ele>
      </trkpt>
      <trkpt lat="39.365477" lon="-1.247019">
        <ele>597</ele>
      </trkpt>
      <trkpt lat="39.365403" lon="-1.246975">
        <ele>597.25</ele>
      </trkpt>
      <trkpt lat="39.365328" lon="-1.246946">
        <ele>597.25</ele>
      </trkpt>
      <trkpt lat="39.365174" lon="-1.24688">
        <ele>597.5</ele>
      </trkpt>
      <trkpt lat="39.365099" lon="-1.246824">
        <ele>597.25</ele>
      </trkpt>
      <trkpt lat="39.365034" lon="-1.246729">
        <ele>596.5</ele>
      </trkpt>
      <trkpt lat="39.364962" lon="-1.246562">
        <ele>596</ele>
      </trkpt>
      <trkpt lat="39.364865" lon="-1.246307">
        <ele>596</ele>
      </trkpt>
      <trkpt lat="39.364788" lon="-1.246144">
        <ele>595.75</ele>
      </trkpt>
      <trkpt lat="39.364715" lon="-1.246039">
        <ele>595.75</ele>
      </trkpt>
      <trkpt lat="39.364639" lon="-1.245951">
        <ele>596</ele>
      </trkpt>
      <trkpt lat="39.364579" lon="-1.245904">
        <ele>596.25</ele>
      </trkpt>
      <trkpt lat="39.364508" lon="-1.245866">
        <ele>596.5</ele>
      </trkpt>
      <trkpt lat="39.364409" lon="-1.245835">
        <ele>597.25</ele>
      </trkpt>
      <trkpt lat="39.364117" lon="-1.245815">
        <ele>600.75</ele>
      </trkpt>
      <trkpt lat="39.36403" lon="-1.245795">
        <ele>602</ele>
      </trkpt>
      <trkpt lat="39.363953" lon="-1.245749">
        <ele>603</ele>
      </trkpt>
      <trkpt lat="39.363888" lon="-1.245699">
        <ele>603.25</ele>
      </trkpt>
      <trkpt lat="39.363745" lon="-1.245528">
        <ele>603</ele>
      </trkpt>
      <trkpt lat="39.36371" lon="-1.245459">
        <ele>602.25</ele>
      </trkpt>
      <trkpt lat="39.363594" lon="-1.245043">
        <ele>596</ele>
      </trkpt>
      <trkpt lat="39.363551" lon="-1.244965">
        <ele>595</ele>
      </trkpt>
      <trkpt lat="39.363518" lon="-1.244924">
        <ele>595</ele>
      </trkpt>
      <trkpt lat="39.363472" lon="-1.244886">
        <ele>595</ele>
      </trkpt>
      <trkpt lat="39.363147" lon="-1.244725">
        <ele>595</ele>
      </trkpt>
      <trkpt lat="39.363071" lon="-1.244671">
        <ele>594.5</ele>
      </trkpt>
      <trkpt lat="39.363027" lon="-1.244629">
        <ele>594.25</ele>
      </trkpt>
      <trkpt lat="39.362923" lon="-1.244478">
        <ele>592.5</ele>
      </trkpt>
      <trkpt lat="39.362842" lon="-1.244415">
        <ele>592</ele>
      </trkpt>
      <trkpt lat="39.362738" lon="-1.244369">
        <ele>591.75</ele>
      </trkpt>
      <trkpt lat="39.36264" lon="-1.244355">
        <ele>592</ele>
      </trkpt>
      <trkpt lat="39.362508" lon="-1.244375">
        <ele>593</ele>
      </trkpt>
      <trkpt lat="39.362403" lon="-1.24441">
        <ele>592.75</ele>
      </trkpt>
      <trkpt lat="39.362296" lon="-1.244465">
        <ele>592.5</ele>
      </trkpt>
      <trkpt lat="39.362215" lon="-1.244527">
        <ele>592.25</ele>
      </trkpt>
      <trkpt lat="39.362072" lon="-1.244685">
        <ele>592.75</ele>
      </trkpt>
      <trkpt lat="39.361996" lon="-1.244815">
        <ele>593.5</ele>
      </trkpt>
      <trkpt lat="39.361663" lon="-1.245642">
        <ele>593.25</ele>
      </trkpt>
      <trkpt lat="39.361605" lon="-1.245768">
        <ele>593.25</ele>
      </trkpt>
      <trkpt lat="39.361531" lon="-1.245893">
        <ele>593</ele>
      </trkpt>
      <trkpt lat="39.361229" lon="-1.246348">
        <ele>592</ele>
      </trkpt>
      <trkpt lat="39.361187" lon="-1.246401">
        <ele>592</ele>
      </trkpt>
      <trkpt lat="39.361128" lon="-1.246436">
        <ele>592.25</ele>
      </trkpt>
      <trkpt lat="39.361076" lon="-1.246437">
        <ele>592.25</ele>
      </trkpt>
      <trkpt lat="39.360675" lon="-1.246218">
        <ele>591.25</ele>
      </trkpt>
      <trkpt lat="39.360599" lon="-1.246197">
        <ele>591</ele>
      </trkpt>
      <trkpt lat="39.360504" lon="-1.246189">
        <ele>591</ele>
      </trkpt>
      <trkpt lat="39.360444" lon="-1.246206">
        <ele>591.25</ele>
      </trkpt>
      <trkpt lat="39.360396" lon="-1.246236">
        <ele>591.25</ele>
      </trkpt>
      <trkpt lat="39.360347" lon="-1.246283">
        <ele>591.5</ele>
      </trkpt>
      <trkpt lat="39.360173" lon="-1.246501">
        <ele>592.5</ele>
      </trkpt>
      <trkpt lat="39.360126" lon="-1.246537">
        <ele>592.5</ele>
      </trkpt>
      <trkpt lat="39.360075" lon="-1.246555">
        <ele>592.5</ele>
      </trkpt>
      <trkpt lat="39.360007" lon="-1.246543">
        <ele>592.5</ele>
      </trkpt>
      <trkpt lat="39.359875" lon="-1.246499">
        <ele>593.75</ele>
      </trkpt>
      <trkpt lat="39.359797" lon="-1.24646">
        <ele>594.5</ele>
      </trkpt>
      <trkpt lat="39.359751" lon="-1.246406">
        <ele>595</ele>
      </trkpt>
      <trkpt lat="39.359726" lon="-1.246352">
        <ele>595</ele>
      </trkpt>
      <trkpt lat="39.35971" lon="-1.246202">
        <ele>595</ele>
      </trkpt>
      <trkpt lat="39.359709" lon="-1.245963">
        <ele>594.25</ele>
      </trkpt>
      <trkpt lat="39.359726" lon="-1.245664">
        <ele>592.75</ele>
      </trkpt>
      <trkpt lat="39.359727" lon="-1.245576">
        <ele>592.25</ele>
      </trkpt>
      <trkpt lat="39.359719" lon="-1.245512">
        <ele>591.75</ele>
      </trkpt>
      <trkpt lat="39.35961" lon="-1.245173">
        <ele>591.5</ele>
      </trkpt>
      <trkpt lat="39.359557" lon="-1.245045">
        <ele>591.5</ele>
      </trkpt>
      <trkpt lat="39.359508" lon="-1.244953">
        <ele>591.75</ele>
      </trkpt>
      <trkpt lat="39.359412" lon="-1.244802">
        <ele>592.5</ele>
      </trkpt>
      <trkpt lat="39.359181" lon="-1.244487">
        <ele>594.5</ele>
      </trkpt>
      <trkpt lat="39.359126" lon="-1.244425">
        <ele>594.5</ele>
      </trkpt>
      <trkpt lat="39.359077" lon="-1.244381">
        <ele>594.25</ele>
      </trkpt>
      <trkpt lat="39.359007" lon="-1.244333">
        <ele>594</ele>
      </trkpt>
      <trkpt lat="39.35891" lon="-1.244286">
        <ele>593.5</ele>
      </trkpt>
      <trkpt lat="39.358816" lon="-1.244246">
        <ele>593.25</ele>
      </trkpt>
      <trkpt lat="39.358605" lon="-1.244148">
        <ele>592</ele>
      </trkpt>
      <trkpt lat="39.358508" lon="-1.244114">
        <ele>591.75</ele>
      </trkpt>
      <trkpt lat="39.35845" lon="-1.244107">
        <ele>591.75</ele>
      </trkpt>
      <trkpt lat="39.358397" lon="-1.244116">
        <ele>591.75</ele>
      </trkpt>
      <trkpt lat="39.358287" lon="-1.244178">
        <ele>591.75</ele>
      </trkpt>
      <trkpt lat="39.358103" lon="-1.244349">
        <ele>593</ele>
      </trkpt>
      <trkpt lat="39.358055" lon="-1.24438">
        <ele>593.25</ele>
      </trkpt>
      <trkpt lat="39.357489" lon="-1.244594">
        <ele>593</ele>
      </trkpt>
      <trkpt lat="39.357407" lon="-1.244623">
        <ele>593.25</ele>
      </trkpt>
      <trkpt lat="39.357362" lon="-1.244631">
        <ele>593.5</ele>
      </trkpt>
      <trkpt lat="39.357293" lon="-1.244629">
        <ele>593.5</ele>
      </trkpt>
      <trkpt lat="39.357244" lon="-1.244616">
        <ele>593.5</ele>
      </trkpt>
      <trkpt lat="39.357204" lon="-1.244597">
        <ele>593.25</ele>
      </trkpt>
      <trkpt lat="39.357169" lon="-1.244567">
        <ele>593.25</ele>
      </trkpt>
      <trkpt lat="39.35705" lon="-1.244429">
        <ele>592.25</ele>
      </trkpt>
      <trkpt lat="39.357024" lon="-1.244412">
        <ele>592</ele>
      </trkpt>
      <trkpt lat="39.356987" lon="-1.244402">
        <ele>592</ele>
      </trkpt>
      <trkpt lat="39.356941" lon="-1.2444">
        <ele>592</ele>
      </trkpt>
      <trkpt lat="39.35622" lon="-1.244545">
        <ele>592</ele>
      </trkpt>
      <trkpt lat="39.356054" lon="-1.24461">
        <ele>591.75</ele>
      </trkpt>
      <trkpt lat="39.355986" lon="-1.244622">
        <ele>591.75</ele>
      </trkpt>
      <trkpt lat="39.355936" lon="-1.244614">
        <ele>591.5</ele>
      </trkpt>
      <trkpt lat="39.35584" lon="-1.244558">
        <ele>590.75</ele>
      </trkpt>
      <trkpt lat="39.355791" lon="-1.244488">
        <ele>591.25</ele>
      </trkpt>
      <trkpt lat="39.355597" lon="-1.243996">
        <ele>592.75</ele>
      </trkpt>
      <trkpt lat="39.35557" lon="-1.243885">
        <ele>592.75</ele>
      </trkpt>
      <trkpt lat="39.35554" lon="-1.243702">
        <ele>592</ele>
      </trkpt>
      <trkpt lat="39.355507" lon="-1.243429">
        <ele>591</ele>
      </trkpt>
      <trkpt lat="39.35549" lon="-1.243366">
        <ele>591.25</ele>
      </trkpt>
      <trkpt lat="39.355374" lon="-1.243054">
        <ele>592.75</ele>
      </trkpt>
      <trkpt lat="39.355354" lon="-1.242946">
        <ele>592.75</ele>
      </trkpt>
      <trkpt lat="39.355347" lon="-1.242852">
        <ele>592.5</ele>
      </trkpt>
      <trkpt lat="39.355355" lon="-1.242695">
        <ele>591.5</ele>
      </trkpt>
      <trkpt lat="39.355411" lon="-1.242329">
        <ele>589</ele>
      </trkpt>
      <trkpt lat="39.355416" lon="-1.242152">
        <ele>588.25</ele>
      </trkpt>
      <trkpt lat="39.355339" lon="-1.24145">
        <ele>587.25</ele>
      </trkpt>
      <trkpt lat="39.355312" lon="-1.241361">
        <ele>587.25</ele>
      </trkpt>
      <trkpt lat="39.355286" lon="-1.241298">
        <ele>587.25</ele>
      </trkpt>
      <trkpt lat="39.355249" lon="-1.241234">
        <ele>587.5</ele>
      </trkpt>
      <trkpt lat="39.355197" lon="-1.241166">
        <ele>587.75</ele>
      </trkpt>
      <trkpt lat="39.355135" lon="-1.241107">
        <ele>588.25</ele>
      </trkpt>
      <trkpt lat="39.355061" lon="-1.241051">
        <ele>589</ele>
      </trkpt>
      <trkpt lat="39.354651" lon="-1.240881">
        <ele>588.75</ele>
      </trkpt>
      <trkpt lat="39.354586" lon="-1.240871">
        <ele>588.75</ele>
      </trkpt>
      <trkpt lat="39.354512" lon="-1.240874">
        <ele>588.5</ele>
      </trkpt>
      <trkpt lat="39.354422" lon="-1.240866">
        <ele>588.5</ele>
      </trkpt>
      <trkpt lat="39.354339" lon="-1.240853">
        <ele>588.25</ele>
      </trkpt>
      <trkpt lat="39.353785" lon="-1.240662">
        <ele>587.5</ele>
      </trkpt>
      <trkpt lat="39.353727" lon="-1.240639">
        <ele>587.5</ele>
      </trkpt>
      <trkpt lat="39.353681" lon="-1.240607">
        <ele>587.5</ele>
      </trkpt>
      <trkpt lat="39.35363" lon="-1.240551">
        <ele>587.75</ele>
      </trkpt>
      <trkpt lat="39.353479" lon="-1.240334">
        <ele>588.25</ele>
      </trkpt>
      <trkpt lat="39.353429" lon="-1.240228">
        <ele>588.75</ele>
      </trkpt>
      <trkpt lat="39.353384" lon="-1.240098">
        <ele>589.25</ele>
      </trkpt>
      <trkpt lat="39.353298" lon="-1.239774">
        <ele>588.5</ele>
      </trkpt>
      <trkpt lat="39.35326" lon="-1.239511">
        <ele>587</ele>
      </trkpt>
      <trkpt lat="39.353225" lon="-1.239207">
        <ele>586</ele>
      </trkpt>
      <trkpt lat="39.353204" lon="-1.239089">
        <ele>585.25</ele>
      </trkpt>
      <trkpt lat="39.353173" lon="-1.238964">
        <ele>584.5</ele>
      </trkpt>
      <trkpt lat="39.353116" lon="-1.238795">
        <ele>583.25</ele>
      </trkpt>
      <trkpt lat="39.353035" lon="-1.238652">
        <ele>582.25</ele>
      </trkpt>
      <trkpt lat="39.352981" lon="-1.238586">
        <ele>581.75</ele>
      </trkpt>
      <trkpt lat="39.352872" lon="-1.238487">
        <ele>581</ele>
      </trkpt>
      <trkpt lat="39.352813" lon="-1.238443">
        <ele>580.75</ele>
      </trkpt>
      <trkpt lat="39.35243" lon="-1.238243">
        <ele>578.25</ele>
      </trkpt>
      <trkpt lat="39.352368" lon="-1.238218">
        <ele>577.25</ele>
      </trkpt>
      <trkpt lat="39.352249" lon="-1.238194">
        <ele>576</ele>
      </trkpt>
      <trkpt lat="39.352185" lon="-1.238197">
        <ele>575.25</ele>
      </trkpt>
      <trkpt lat="39.352094" lon="-1.238218">
        <ele>574.5</ele>
      </trkpt>
      <trkpt lat="39.351998" lon="-1.238289">
        <ele>574.25</ele>
      </trkpt>
      <trkpt lat="39.351894" lon="-1.238404">
        <ele>573.25</ele>
      </trkpt>
      <trkpt lat="39.351801" lon="-1.238553">
        <ele>571.75</ele>
      </trkpt>
      <trkpt lat="39.351774" lon="-1.238613">
        <ele>571</ele>
      </trkpt>
      <trkpt lat="39.351732" lon="-1.238784">
        <ele>569.75</ele>
      </trkpt>
      <trkpt lat="39.351726" lon="-1.23888">
        <ele>569.25</ele>
      </trkpt>
      <trkpt lat="39.351728" lon="-1.239002">
        <ele>569</ele>
      </trkpt>
      <trkpt lat="39.351732" lon="-1.239095">
        <ele>568.75</ele>
      </trkpt>
      <trkpt lat="39.351753" lon="-1.239287">
        <ele>567</ele>
      </trkpt>
      <trkpt lat="39.351802" lon="-1.239489">
        <ele>565</ele>
      </trkpt>
      <trkpt lat="39.352183" lon="-1.240409">
        <ele>562.5</ele>
      </trkpt>
      <trkpt lat="39.352239" lon="-1.240582">
        <ele>562</ele>
      </trkpt>
      <trkpt lat="39.352252" lon="-1.240658">
        <ele>561.5</ele>
      </trkpt>
      <trkpt lat="39.352258" lon="-1.240736">
        <ele>560.5</ele>
      </trkpt>
      <trkpt lat="39.352253" lon="-1.240823">
        <ele>559.25</ele>
      </trkpt>
      <trkpt lat="39.3522" lon="-1.241267">
        <ele>556.25</ele>
      </trkpt>
      <trkpt lat="39.352189" lon="-1.241454">
        <ele>555.5</ele>
      </trkpt>
      <trkpt lat="39.35219" lon="-1.241578">
        <ele>555.25</ele>
      </trkpt>
      <trkpt lat="39.352209" lon="-1.241782">
        <ele>555.75</ele>
      </trkpt>
      <trkpt lat="39.352279" lon="-1.242108">
        <ele>558</ele>
      </trkpt>
      <trkpt lat="39.352286" lon="-1.242177">
        <ele>558.25</ele>
      </trkpt>
      <trkpt lat="39.35228" lon="-1.242354">
        <ele>558</ele>
      </trkpt>
      <trkpt lat="39.35228" lon="-1.242502">
        <ele>558</ele>
      </trkpt>
      <trkpt lat="39.352298" lon="-1.242647">
        <ele>561</ele>
      </trkpt>
      <trkpt lat="39.352295" lon="-1.242706">
        <ele>562</ele>
      </trkpt>
      <trkpt lat="39.352278" lon="-1.242755">
        <ele>562.75</ele>
      </trkpt>
      <trkpt lat="39.352248" lon="-1.24278">
        <ele>562.75</ele>
      </trkpt>
      <trkpt lat="39.35221" lon="-1.242779">
        <ele>562.25</ele>
      </trkpt>
      <trkpt lat="39.352025" lon="-1.242692">
        <ele>557.5</ele>
      </trkpt>
      <trkpt lat="39.351968" lon="-1.242677">
        <ele>556.25</ele>
      </trkpt>
      <trkpt lat="39.351868" lon="-1.242694">
        <ele>555</ele>
      </trkpt>
      <trkpt lat="39.351672" lon="-1.242789">
        <ele>554.25</ele>
      </trkpt>
      <trkpt lat="39.351594" lon="-1.242811">
        <ele>554.25</ele>
      </trkpt>
      <trkpt lat="39.351531" lon="-1.242813">
        <ele>553.75</ele>
      </trkpt>
      <trkpt lat="39.351402" lon="-1.242787">
        <ele>552.25</ele>
      </trkpt>
      <trkpt lat="39.351092" lon="-1.242696">
        <ele>549.75</ele>
      </trkpt>
      <trkpt lat="39.350968" lon="-1.242673">
        <ele>549</ele>
      </trkpt>
      <trkpt lat="39.350895" lon="-1.242647">
        <ele>548.75</ele>
      </trkpt>
      <trkpt lat="39.350843" lon="-1.242607">
        <ele>548.75</ele>
      </trkpt>
      <trkpt lat="39.350775" lon="-1.24251">
        <ele>548.75</ele>
      </trkpt>
      <trkpt lat="39.350622" lon="-1.242241">
        <ele>543.75</ele>
      </trkpt>
      <trkpt lat="39.350544" lon="-1.24214">
        <ele>542.5</ele>
      </trkpt>
      <trkpt lat="39.350386" lon="-1.242014">
        <ele>541.75</ele>
      </trkpt>
      <trkpt lat="39.350345" lon="-1.241989">
        <ele>541.75</ele>
      </trkpt>
      <trkpt lat="39.349962" lon="-1.241851">
        <ele>544</ele>
      </trkpt>
      <trkpt lat="39.349888" lon="-1.241807">
        <ele>543.5</ele>
      </trkpt>
      <trkpt lat="39.349854" lon="-1.241769">
        <ele>543.25</ele>
      </trkpt>
      <trkpt lat="39.349816" lon="-1.241711">
        <ele>543</ele>
      </trkpt>
      <trkpt lat="39.349403" lon="-1.241035">
        <ele>533.25</ele>
      </trkpt>
      <trkpt lat="39.349318" lon="-1.240923">
        <ele>532.75</ele>
      </trkpt>
      <trkpt lat="39.349226" lon="-1.240839">
        <ele>533.25</ele>
      </trkpt>
      <trkpt lat="39.349181" lon="-1.240818">
        <ele>533.5</ele>
      </trkpt>
      <trkpt lat="39.349095" lon="-1.240814">
        <ele>532.25</ele>
      </trkpt>
      <trkpt lat="39.349055" lon="-1.240829">
        <ele>531.75</ele>
      </trkpt>
      <trkpt lat="39.349015" lon="-1.240864">
        <ele>531.25</ele>
      </trkpt>
      <trkpt lat="39.348985" lon="-1.240917">
        <ele>531</ele>
      </trkpt>
      <trkpt lat="39.348949" lon="-1.241001">
        <ele>530.75</ele>
      </trkpt>
      <trkpt lat="39.348891" lon="-1.241221">
        <ele>530.25</ele>
      </trkpt>
      <trkpt lat="39.348875" lon="-1.241302">
        <ele>530.25</ele>
      </trkpt>
      <trkpt lat="39.348874" lon="-1.241412">
        <ele>530.5</ele>
      </trkpt>
      <trkpt lat="39.348919" lon="-1.241609">
        <ele>532.5</ele>
      </trkpt>
      <trkpt lat="39.348921" lon="-1.241658">
        <ele>532.75</ele>
      </trkpt>
      <trkpt lat="39.348907" lon="-1.241721">
        <ele>532</ele>
      </trkpt>
      <trkpt lat="39.348887" lon="-1.24176">
        <ele>531.25</ele>
      </trkpt>
      <trkpt lat="39.348764" lon="-1.241918">
        <ele>526.5</ele>
      </trkpt>
      <trkpt lat="39.348718" lon="-1.242037">
        <ele>524.25</ele>
      </trkpt>
      <trkpt lat="39.348713" lon="-1.242094">
        <ele>523.75</ele>
      </trkpt>
      <trkpt lat="39.348837" lon="-1.242626">
        <ele>523</ele>
      </trkpt>
      <trkpt lat="39.348841" lon="-1.242681">
        <ele>522.5</ele>
      </trkpt>
      <trkpt lat="39.348827" lon="-1.242793">
        <ele>521</ele>
      </trkpt>
      <trkpt lat="39.348768" lon="-1.242977">
        <ele>517.75</ele>
      </trkpt>
      <trkpt lat="39.348755" lon="-1.243093">
        <ele>516.25</ele>
      </trkpt>
      <trkpt lat="39.348752" lon="-1.243341">
        <ele>513.75</ele>
      </trkpt>
      <trkpt lat="39.348739" lon="-1.243416">
        <ele>512.75</ele>
      </trkpt>
      <trkpt lat="39.348686" lon="-1.243512">
        <ele>511</ele>
      </trkpt>
      <trkpt lat="39.348582" lon="-1.243575">
        <ele>509.25</ele>
      </trkpt>
      <trkpt lat="39.348252" lon="-1.243563">
        <ele>505.75</ele>
      </trkpt>
      <trkpt lat="39.347864" lon="-1.243544">
        <ele>503</ele>
      </trkpt>
      <trkpt lat="39.347688" lon="-1.243566">
        <ele>501.75</ele>
      </trkpt>
      <trkpt lat="39.347604" lon="-1.243565">
        <ele>501.25</ele>
      </trkpt>
      <trkpt lat="39.34753" lon="-1.243546">
        <ele>500.75</ele>
      </trkpt>
      <trkpt lat="39.34722" lon="-1.243397">
        <ele>499.75</ele>
      </trkpt>
      <trkpt lat="39.347148" lon="-1.243371">
        <ele>499.25</ele>
      </trkpt>
      <trkpt lat="39.347086" lon="-1.243368">
        <ele>498.75</ele>
      </trkpt>
      <trkpt lat="39.346991" lon="-1.243395">
        <ele>498</ele>
      </trkpt>
      <trkpt lat="39.346926" lon="-1.243436">
        <ele>497.75</ele>
      </trkpt>
      <trkpt lat="39.346877" lon="-1.243483">
        <ele>497.25</ele>
      </trkpt>
      <trkpt lat="39.346811" lon="-1.243571">
        <ele>497</ele>
      </trkpt>
      <trkpt lat="39.346563" lon="-1.243986">
        <ele>496.5</ele>
      </trkpt>
      <trkpt lat="39.346513" lon="-1.244048">
        <ele>496.5</ele>
      </trkpt>
      <trkpt lat="39.346462" lon="-1.24409">
        <ele>496.5</ele>
      </trkpt>
      <trkpt lat="39.346425" lon="-1.244112">
        <ele>496.5</ele>
      </trkpt>
      <trkpt lat="39.34637" lon="-1.244127">
        <ele>496.75</ele>
      </trkpt>
      <trkpt lat="39.346168" lon="-1.244121">
        <ele>496.5</ele>
      </trkpt>
      <trkpt lat="39.346057" lon="-1.244159">
        <ele>496.75</ele>
      </trkpt>
      <trkpt lat="39.345989" lon="-1.244158">
        <ele>496.75</ele>
      </trkpt>
      <trkpt lat="39.34582" lon="-1.244105">
        <ele>495.75</ele>
      </trkpt>
      <trkpt lat="39.345778" lon="-1.244073">
        <ele>494.75</ele>
      </trkpt>
      <trkpt lat="39.345729" lon="-1.244021">
        <ele>493.5</ele>
      </trkpt>
      <trkpt lat="39.345627" lon="-1.243884">
        <ele>491</ele>
      </trkpt>
      <trkpt lat="39.345593" lon="-1.243857">
        <ele>490.25</ele>
      </trkpt>
      <trkpt lat="39.34552" lon="-1.24383">
        <ele>489.25</ele>
      </trkpt>
      <trkpt lat="39.345029" lon="-1.243702">
        <ele>484.75</ele>
      </trkpt>
      <trkpt lat="39.344907" lon="-1.243684">
        <ele>484.5</ele>
      </trkpt>
      <trkpt lat="39.344684" lon="-1.243685">
        <ele>484.75</ele>
      </trkpt>
      <trkpt lat="39.344622" lon="-1.243707">
        <ele>484.75</ele>
      </trkpt>
      <trkpt lat="39.34456" lon="-1.243747">
        <ele>484.75</ele>
      </trkpt>
      <trkpt lat="39.344498" lon="-1.243825">
        <ele>484.5</ele>
      </trkpt>
      <trkpt lat="39.344139" lon="-1.244174">
        <ele>483.75</ele>
      </trkpt>
      <trkpt lat="39.344081" lon="-1.244217">
        <ele>483</ele>
      </trkpt>
      <trkpt lat="39.344039" lon="-1.244238">
        <ele>482.75</ele>
      </trkpt>
      <trkpt lat="39.34365" lon="-1.24431">
        <ele>481</ele>
      </trkpt>
      <trkpt lat="39.343352" lon="-1.244349">
        <ele>480</ele>
      </trkpt>
      <trkpt lat="39.343304" lon="-1.244343">
        <ele>479.75</ele>
      </trkpt>
      <trkpt lat="39.343276" lon="-1.244334">
        <ele>479.5</ele>
      </trkpt>
      <trkpt lat="39.343173" lon="-1.244265">
        <ele>479</ele>
      </trkpt>
      <trkpt lat="39.343113" lon="-1.244241">
        <ele>478.5</ele>
      </trkpt>
      <trkpt lat="39.343065" lon="-1.244227">
        <ele>478.25</ele>
      </trkpt>
      <trkpt lat="39.342922" lon="-1.244212">
        <ele>476.75</ele>
      </trkpt>
      <trkpt lat="39.342838" lon="-1.244194">
        <ele>475.75</ele>
      </trkpt>
      <trkpt lat="39.342792" lon="-1.244165">
        <ele>475.25</ele>
      </trkpt>
      <trkpt lat="39.342752" lon="-1.244126">
        <ele>474.75</ele>
      </trkpt>
      <trkpt lat="39.342714" lon="-1.244076">
        <ele>474</ele>
      </trkpt>
      <trkpt lat="39.342589" lon="-1.243844">
        <ele>471.75</ele>
      </trkpt>
      <trkpt lat="39.342489" lon="-1.243689">
        <ele>470</ele>
      </trkpt>
      <trkpt lat="39.3422" lon="-1.243369">
        <ele>466.75</ele>
      </trkpt>
      <trkpt lat="39.342141" lon="-1.243322">
        <ele>466.25</ele>
      </trkpt>
      <trkpt lat="39.341992" lon="-1.243259">
        <ele>464.25</ele>
      </trkpt>
      <trkpt lat="39.341819" lon="-1.243238">
        <ele>463</ele>
      </trkpt>
      <trkpt lat="39.341716" lon="-1.243251">
        <ele>462.5</ele>
      </trkpt>
      <trkpt lat="39.340888" lon="-1.243475">
        <ele>455</ele>
      </trkpt>
      <trkpt lat="39.340497" lon="-1.243569">
        <ele>452.75</ele>
      </trkpt>
      <trkpt lat="39.340043" lon="-1.24365">
        <ele>450.25</ele>
      </trkpt>
      <trkpt lat="39.339465" lon="-1.243754">
        <ele>450.5</ele>
      </trkpt>
      <trkpt lat="39.339251" lon="-1.243784">
        <ele>450.5</ele>
      </trkpt>
      <trkpt lat="39.338998" lon="-1.243819">
        <ele>451</ele>
      </trkpt>
      <trkpt lat="39.338878" lon="-1.243848">
        <ele>451</ele>
      </trkpt>
      <trkpt lat="39.338802" lon="-1.243887">
        <ele>451</ele>
      </trkpt>
      <trkpt lat="39.338743" lon="-1.243944">
        <ele>450.5</ele>
      </trkpt>
      <trkpt lat="39.338702" lon="-1.244001">
        <ele>450.25</ele>
      </trkpt>
      <trkpt lat="39.338659" lon="-1.244078">
        <ele>449.5</ele>
      </trkpt>
      <trkpt lat="39.338614" lon="-1.244177">
        <ele>448.75</ele>
      </trkpt>
      <trkpt lat="39.338582" lon="-1.244291">
        <ele>448</ele>
      </trkpt>
      <trkpt lat="39.338535" lon="-1.244523">
        <ele>446.5</ele>
      </trkpt>
      <trkpt lat="39.338477" lon="-1.244736">
        <ele>445</ele>
      </trkpt>
      <trkpt lat="39.338399" lon="-1.244972">
        <ele>443.25</ele>
      </trkpt>
      <trkpt lat="39.338295" lon="-1.245249">
        <ele>442.5</ele>
      </trkpt>
      <trkpt lat="39.338252" lon="-1.245344">
        <ele>442.5</ele>
      </trkpt>
      <trkpt lat="39.338193" lon="-1.245434">
        <ele>442.5</ele>
      </trkpt>
      <trkpt lat="39.338053" lon="-1.245571">
        <ele>442.75</ele>
      </trkpt>
      <trkpt lat="39.337969" lon="-1.245689">
        <ele>442.5</ele>
      </trkpt>
      <trkpt lat="39.33794" lon="-1.245782">
        <ele>442</ele>
      </trkpt>
      <trkpt lat="39.337914" lon="-1.245905">
        <ele>441.25</ele>
      </trkpt>
      <trkpt lat="39.337883" lon="-1.246098">
        <ele>439.75</ele>
      </trkpt>
      <trkpt lat="39.337858" lon="-1.246461">
        <ele>436.5</ele>
      </trkpt>
      <trkpt lat="39.33784" lon="-1.246533">
        <ele>435.75</ele>
      </trkpt>
      <trkpt lat="39.337807" lon="-1.246587">
        <ele>435</ele>
      </trkpt>
      <trkpt lat="39.337767" lon="-1.24663">
        <ele>434.5</ele>
      </trkpt>
      <trkpt lat="39.337711" lon="-1.246674">
        <ele>434</ele>
      </trkpt>
      <trkpt lat="39.337668" lon="-1.246687">
        <ele>433.75</ele>
      </trkpt>
      <trkpt lat="39.337621" lon="-1.246686">
        <ele>433.5</ele>
      </trkpt>
      <trkpt lat="39.337436" lon="-1.246624">
        <ele>433.5</ele>
      </trkpt>
      <trkpt lat="39.33736" lon="-1.246607">
        <ele>434</ele>
      </trkpt>
      <trkpt lat="39.337303" lon="-1.246604">
        <ele>434.5</ele>
      </trkpt>
      <trkpt lat="39.33726" lon="-1.246607">
        <ele>434.5</ele>
      </trkpt>
      <trkpt lat="39.336957" lon="-1.246681">
        <ele>434.75</ele>
      </trkpt>
      <trkpt lat="39.336882" lon="-1.246728">
        <ele>434.75</ele>
      </trkpt>
      <trkpt lat="39.336815" lon="-1.246793">
        <ele>434.75</ele>
      </trkpt>
      <trkpt lat="39.336679" lon="-1.246957">
        <ele>433.75</ele>
      </trkpt>
      <trkpt lat="39.336551" lon="-1.247168">
        <ele>433</ele>
      </trkpt>
      <trkpt lat="39.336415" lon="-1.247421">
        <ele>432.25</ele>
      </trkpt>
      <trkpt lat="39.336363" lon="-1.247544">
        <ele>431.75</ele>
      </trkpt>
      <trkpt lat="39.336272" lon="-1.247826">
        <ele>430.75</ele>
      </trkpt>
      <trkpt lat="39.336221" lon="-1.247959">
        <ele>430.25</ele>
      </trkpt>
      <trkpt lat="39.336165" lon="-1.248071">
        <ele>429.5</ele>
      </trkpt>
      <trkpt lat="39.336094" lon="-1.248173">
        <ele>428.75</ele>
      </trkpt>
      <trkpt lat="39.335965" lon="-1.248293">
        <ele>427.5</ele>
      </trkpt>
      <trkpt lat="39.335896" lon="-1.248346">
        <ele>427</ele>
      </trkpt>
      <trkpt lat="39.335807" lon="-1.248395">
        <ele>427.5</ele>
      </trkpt>
      <trkpt lat="39.335713" lon="-1.248424">
        <ele>428.5</ele>
      </trkpt>
      <trkpt lat="39.335626" lon="-1.248442">
        <ele>429.25</ele>
      </trkpt>
      <trkpt lat="39.335236" lon="-1.248443">
        <ele>432.5</ele>
      </trkpt>
      <trkpt lat="39.335165" lon="-1.248459">
        <ele>433.25</ele>
      </trkpt>
      <trkpt lat="39.334888" lon="-1.248563">
        <ele>435.25</ele>
      </trkpt>
      <trkpt lat="39.334834" lon="-1.248577">
        <ele>435.25</ele>
      </trkpt>
      <trkpt lat="39.334745" lon="-1.248577">
        <ele>435.25</ele>
      </trkpt>
      <trkpt lat="39.334697" lon="-1.248564">
        <ele>435.25</ele>
      </trkpt>
      <trkpt lat="39.33439" lon="-1.248389">
        <ele>434.25</ele>
      </trkpt>
      <trkpt lat="39.33407" lon="-1.248236">
        <ele>435.75</ele>
      </trkpt>
      <trkpt lat="39.333815" lon="-1.248141">
        <ele>436.75</ele>
      </trkpt>
      <trkpt lat="39.333715" lon="-1.248121">
        <ele>436.75</ele>
      </trkpt>
      <trkpt lat="39.33333" lon="-1.248212">
        <ele>433</ele>
      </trkpt>
      <trkpt lat="39.333256" lon="-1.248226">
        <ele>433.5</ele>
      </trkpt>
      <trkpt lat="39.333134" lon="-1.24823">
        <ele>434.75</ele>
      </trkpt>
      <trkpt lat="39.333091" lon="-1.24824">
        <ele>435</ele>
      </trkpt>
      <trkpt lat="39.333041" lon="-1.248266">
        <ele>435</ele>
      </trkpt>
      <trkpt lat="39.332977" lon="-1.248318">
        <ele>434.5</ele>
      </trkpt>
      <trkpt lat="39.332825" lon="-1.248511">
        <ele>433.75</ele>
      </trkpt>
      <trkpt lat="39.33269" lon="-1.248698">
        <ele>431.75</ele>
      </trkpt>
      <trkpt lat="39.332575" lon="-1.248815">
        <ele>430</ele>
      </trkpt>
      <trkpt lat="39.332467" lon="-1.248871">
        <ele>429.25</ele>
      </trkpt>
      <trkpt lat="39.33229" lon="-1.248912">
        <ele>429.5</ele>
      </trkpt>
      <trkpt lat="39.332179" lon="-1.248932">
        <ele>429.75</ele>
      </trkpt>
      <trkpt lat="39.332127" lon="-1.248951">
        <ele>429.75</ele>
      </trkpt>
      <trkpt lat="39.331892" lon="-1.249062">
        <ele>428</ele>
      </trkpt>
      <trkpt lat="39.33177" lon="-1.249105">
        <ele>427.25</ele>
      </trkpt>
      <trkpt lat="39.331563" lon="-1.249153">
        <ele>428</ele>
      </trkpt>
      <trkpt lat="39.331414" lon="-1.249177">
        <ele>430</ele>
      </trkpt>
      <trkpt lat="39.331333" lon="-1.2492">
        <ele>431</ele>
      </trkpt>
      <trkpt lat="39.331215" lon="-1.249242">
        <ele>432.25</ele>
      </trkpt>
      <trkpt lat="39.33102" lon="-1.249332">
        <ele>433</ele>
      </trkpt>
      <trkpt lat="39.330897" lon="-1.249418">
        <ele>432.25</ele>
      </trkpt>
      <trkpt lat="39.330783" lon="-1.249521">
        <ele>429.75</ele>
      </trkpt>
      <trkpt lat="39.330699" lon="-1.249611">
        <ele>427.25</ele>
      </trkpt>
      <trkpt lat="39.330622" lon="-1.249715">
        <ele>424.25</ele>
      </trkpt>
      <trkpt lat="39.330539" lon="-1.249801">
        <ele>422</ele>
      </trkpt>
      <trkpt lat="39.33047" lon="-1.249856">
        <ele>420.5</ele>
      </trkpt>
      <trkpt lat="39.33032" lon="-1.24993">
        <ele>418.5</ele>
      </trkpt>
      <trkpt lat="39.330102" lon="-1.249999">
        <ele>416.75</ele>
      </trkpt>
      <trkpt lat="39.329952" lon="-1.250021">
        <ele>415.75</ele>
      </trkpt>
      <trkpt lat="39.329834" lon="-1.250025">
        <ele>413</ele>
      </trkpt>
      <trkpt lat="39.329714" lon="-1.250002">
        <ele>410</ele>
      </trkpt>
      <trkpt lat="39.329642" lon="-1.249976">
        <ele>408.75</ele>
      </trkpt>
      <trkpt lat="39.329464" lon="-1.249889">
        <ele>405.5</ele>
      </trkpt>
      <trkpt lat="39.329399" lon="-1.249838">
        <ele>404.25</ele>
      </trkpt>
      <trkpt lat="39.329364" lon="-1.249771">
        <ele>403.75</ele>
      </trkpt>
      <trkpt lat="39.329349" lon="-1.249672">
        <ele>404.25</ele>
      </trkpt>
      <trkpt lat="39.329428" lon="-1.248965">
        <ele>411.75</ele>
      </trkpt>
      <trkpt lat="39.329488" lon="-1.248607">
        <ele>413.5</ele>
      </trkpt>
      <trkpt lat="39.329558" lon="-1.248253">
        <ele>416.5</ele>
      </trkpt>
      <trkpt lat="39.329571" lon="-1.248101">
        <ele>417.5</ele>
      </trkpt>
      <trkpt lat="39.329568" lon="-1.248002">
        <ele>417.5</ele>
      </trkpt>
      <trkpt lat="39.329547" lon="-1.247846">
        <ele>416.75</ele>
      </trkpt>
      <trkpt lat="39.329515" lon="-1.247687">
        <ele>415</ele>
      </trkpt>
      <trkpt lat="39.329441" lon="-1.247374">
        <ele>413</ele>
      </trkpt>
      <trkpt lat="39.329397" lon="-1.247254">
        <ele>412.25</ele>
      </trkpt>
      <trkpt lat="39.329304" lon="-1.247084">
        <ele>409.25</ele>
      </trkpt>
      <trkpt lat="39.329144" lon="-1.246849">
        <ele>403.75</ele>
      </trkpt>
      <trkpt lat="39.329038" lon="-1.246703">
        <ele>402.75</ele>
      </trkpt>
      <trkpt lat="39.328941" lon="-1.246585">
        <ele>402.5</ele>
      </trkpt>
      <trkpt lat="39.328591" lon="-1.246293">
        <ele>398.25</ele>
      </trkpt>
      <trkpt lat="39.328414" lon="-1.246117">
        <ele>395.75</ele>
      </trkpt>
      <trkpt lat="39.328256" lon="-1.24599">
        <ele>394</ele>
      </trkpt>
      <trkpt lat="39.328138" lon="-1.245926">
        <ele>393</ele>
      </trkpt>
      <trkpt lat="39.327843" lon="-1.245787">
        <ele>390.5</ele>
      </trkpt>
      <trkpt lat="39.32773" lon="-1.245709">
        <ele>390.5</ele>
      </trkpt>
      <trkpt lat="39.327524" lon="-1.245585">
        <ele>389.25</ele>
      </trkpt>
      <trkpt lat="39.32727" lon="-1.24547">
        <ele>388.5</ele>
      </trkpt>
      <trkpt lat="39.327076" lon="-1.245371">
        <ele>387.5</ele>
      </trkpt>
      <trkpt lat="39.326686" lon="-1.245137">
        <ele>384</ele>
      </trkpt>
      <trkpt lat="39.326202" lon="-1.244826">
        <ele>385</ele>
      </trkpt>
      <trkpt lat="39.325827" lon="-1.244625">
        <ele>385.5</ele>
      </trkpt>
      <trkpt lat="39.325515" lon="-1.244425">
        <ele>387.5</ele>
      </trkpt>
      <trkpt lat="39.32536" lon="-1.244354">
        <ele>387.5</ele>
      </trkpt>
      <trkpt lat="39.325163" lon="-1.244289">
        <ele>386.75</ele>
      </trkpt>
      <trkpt lat="39.324854" lon="-1.244233">
        <ele>384.75</ele>
      </trkpt>
      <trkpt lat="39.324494" lon="-1.244147">
        <ele>383</ele>
      </trkpt>
      <trkpt lat="39.324151" lon="-1.24405">
        <ele>381.25</ele>
      </trkpt>
      <trkpt lat="39.323606" lon="-1.243869">
        <ele>379.25</ele>
      </trkpt>
      <trkpt lat="39.323527" lon="-1.243829">
        <ele>379</ele>
      </trkpt>
      <trkpt lat="39.323488" lon="-1.243803">
        <ele>378.75</ele>
      </trkpt>
      <trkpt lat="39.323402" lon="-1.243698">
        <ele>378.75</ele>
      </trkpt>
      <trkpt lat="39.323339" lon="-1.243587">
        <ele>378.75</ele>
      </trkpt>
      <trkpt lat="39.323285" lon="-1.243472">
        <ele>379</ele>
      </trkpt>
      <trkpt lat="39.323228" lon="-1.243329">
        <ele>379.5</ele>
      </trkpt>
      <trkpt lat="39.323156" lon="-1.243078">
        <ele>380.5</ele>
      </trkpt>
      <trkpt lat="39.323103" lon="-1.242837">
        <ele>381.25</ele>
      </trkpt>
      <trkpt lat="39.323052" lon="-1.242499">
        <ele>382.25</ele>
      </trkpt>
      <trkpt lat="39.32305" lon="-1.242438">
        <ele>382</ele>
      </trkpt>
      <trkpt lat="39.323071" lon="-1.242301">
        <ele>382</ele>
      </trkpt>
      <trkpt lat="39.323127" lon="-1.242163">
        <ele>382.25</ele>
      </trkpt>
      <trkpt lat="39.323374" lon="-1.241802">
        <ele>384</ele>
      </trkpt>
      <trkpt lat="39.323442" lon="-1.241661">
        <ele>384.25</ele>
      </trkpt>
      <trkpt lat="39.323494" lon="-1.241521">
        <ele>383.75</ele>
      </trkpt>
      <trkpt lat="39.323566" lon="-1.241299">
        <ele>383</ele>
      </trkpt>
      <trkpt lat="39.323661" lon="-1.241124">
        <ele>382.5</ele>
      </trkpt>
      <trkpt lat="39.323742" lon="-1.240997">
        <ele>382.25</ele>
      </trkpt>
      <trkpt lat="39.323809" lon="-1.240905">
        <ele>382</ele>
      </trkpt>
      <trkpt lat="39.323901" lon="-1.24081">
        <ele>382.25</ele>
      </trkpt>
      <trkpt lat="39.324147" lon="-1.24061">
        <ele>383.75</ele>
      </trkpt>
      <trkpt lat="39.324209" lon="-1.240533">
        <ele>384.25</ele>
      </trkpt>
      <trkpt lat="39.324243" lon="-1.240475">
        <ele>384.75</ele>
      </trkpt>
      <trkpt lat="39.324496" lon="-1.239915">
        <ele>388.75</ele>
      </trkpt>
      <trkpt lat="39.324574" lon="-1.239786">
        <ele>389.25</ele>
      </trkpt>
      <trkpt lat="39.324692" lon="-1.23957">
        <ele>389.5</ele>
      </trkpt>
      <trkpt lat="39.324849" lon="-1.239222">
        <ele>388</ele>
      </trkpt>
      <trkpt lat="39.325094" lon="-1.23863">
        <ele>387.75</ele>
      </trkpt>
      <trkpt lat="39.325328" lon="-1.238204">
        <ele>389.75</ele>
      </trkpt>
      <trkpt lat="39.325388" lon="-1.238079">
        <ele>390.5</ele>
      </trkpt>
      <trkpt lat="39.325436" lon="-1.237956">
        <ele>390.75</ele>
      </trkpt>
      <trkpt lat="39.325477" lon="-1.237818">
        <ele>390.75</ele>
      </trkpt>
      <trkpt lat="39.325583" lon="-1.237345">
        <ele>389.25</ele>
      </trkpt>
      <trkpt lat="39.325758" lon="-1.236565">
        <ele>385.25</ele>
      </trkpt>
      <trkpt lat="39.32581" lon="-1.236246">
        <ele>383.75</ele>
      </trkpt>
      <trkpt lat="39.325825" lon="-1.236149">
        <ele>383</ele>
      </trkpt>
      <trkpt lat="39.325829" lon="-1.236042">
        <ele>382.25</ele>
      </trkpt>
      <trkpt lat="39.325802" lon="-1.235722">
        <ele>380.75</ele>
      </trkpt>
      <trkpt lat="39.325683" lon="-1.235081">
        <ele>380.5</ele>
      </trkpt>
      <trkpt lat="39.325649" lon="-1.234858">
        <ele>380.5</ele>
      </trkpt>
      <trkpt lat="39.325637" lon="-1.234792">
        <ele>380.5</ele>
      </trkpt>
      <trkpt lat="39.325567" lon="-1.234407">
        <ele>380.25</ele>
      </trkpt>
      <trkpt lat="39.325527" lon="-1.234166">
        <ele>380</ele>
      </trkpt>
      <trkpt lat="39.325447" lon="-1.233465">
        <ele>381.75</ele>
      </trkpt>
      <trkpt lat="39.325439" lon="-1.233386">
        <ele>381.75</ele>
      </trkpt>
      <trkpt lat="39.325373" lon="-1.232997">
        <ele>384.5</ele>
      </trkpt>
      <trkpt lat="39.325176" lon="-1.232376">
        <ele>388.5</ele>
      </trkpt>
      <trkpt lat="39.324918" lon="-1.23176">
        <ele>392.25</ele>
      </trkpt>
      <trkpt lat="39.324855" lon="-1.231578">
        <ele>393.5</ele>
      </trkpt>
      <trkpt lat="39.324792" lon="-1.231203">
        <ele>397.25</ele>
      </trkpt>
      <trkpt lat="39.324818" lon="-1.230599">
        <ele>402.5</ele>
      </trkpt>
      <trkpt lat="39.324807" lon="-1.23007">
        <ele>405.25</ele>
      </trkpt>
      <trkpt lat="39.324589" lon="-1.229104">
        <ele>404</ele>
      </trkpt>
      <trkpt lat="39.324512" lon="-1.22868">
        <ele>403.75</ele>
      </trkpt>
      <trkpt lat="39.324219" lon="-1.227058">
        <ele>402.75</ele>
      </trkpt>
      <trkpt lat="39.324033" lon="-1.22624">
        <ele>403.5</ele>
      </trkpt>
      <trkpt lat="39.324023" lon="-1.225936">
        <ele>405</ele>
      </trkpt>
      <trkpt lat="39.324068" lon="-1.224822">
        <ele>401.5</ele>
      </trkpt>
      <trkpt lat="39.324046" lon="-1.224433">
        <ele>400</ele>
      </trkpt>
      <trkpt lat="39.324039" lon="-1.224017">
        <ele>399</ele>
      </trkpt>
      <trkpt lat="39.324038" lon="-1.223938">
        <ele>398.75</ele>
      </trkpt>
      <trkpt lat="39.324" lon="-1.22348">
        <ele>398</ele>
      </trkpt>
      <trkpt lat="39.323978" lon="-1.223057">
        <ele>397.75</ele>
      </trkpt>
      <trkpt lat="39.323979" lon="-1.22276">
        <ele>397.75</ele>
      </trkpt>
      <trkpt lat="39.324009" lon="-1.222332">
        <ele>397.75</ele>
      </trkpt>
      <trkpt lat="39.324008" lon="-1.221689">
        <ele>398</ele>
      </trkpt>
      <trkpt lat="39.323897" lon="-1.219722">
        <ele>389.5</ele>
      </trkpt>
      <trkpt lat="39.323894" lon="-1.219499">
        <ele>390</ele>
      </trkpt>
      <trkpt lat="39.323909" lon="-1.219373">
        <ele>390.5</ele>
      </trkpt>
      <trkpt lat="39.324043" lon="-1.219045">
        <ele>390.75</ele>
      </trkpt>
      <trkpt lat="39.324057" lon="-1.218818">
        <ele>390.75</ele>
      </trkpt>
      <trkpt lat="39.32406" lon="-1.218458">
        <ele>390.75</ele>
      </trkpt>
      <trkpt lat="39.324046" lon="-1.217905">
        <ele>390.5</ele>
      </trkpt>
      <trkpt lat="39.324098" lon="-1.21722">
        <ele>389.75</ele>
      </trkpt>
      <trkpt lat="39.324165" lon="-1.216786">
        <ele>388.25</ele>
      </trkpt>
      <trkpt lat="39.324197" lon="-1.216367">
        <ele>386.5</ele>
      </trkpt>
      <trkpt lat="39.324287" lon="-1.215512">
        <ele>381.75</ele>
      </trkpt>
      <trkpt lat="39.324366" lon="-1.215093">
        <ele>379.25</ele>
      </trkpt>
      <trkpt lat="39.324425" lon="-1.214681">
        <ele>377.25</ele>
      </trkpt>
      <trkpt lat="39.324466" lon="-1.214458">
        <ele>376.75</ele>
      </trkpt>
      <trkpt lat="39.324812" lon="-1.213506">
        <ele>375.5</ele>
      </trkpt>
      <trkpt lat="39.324902" lon="-1.21333">
        <ele>375.75</ele>
      </trkpt>
      <trkpt lat="39.325025" lon="-1.213164">
        <ele>375.75</ele>
      </trkpt>
      <trkpt lat="39.325222" lon="-1.212953">
        <ele>376.75</ele>
      </trkpt>
      <trkpt lat="39.32545" lon="-1.212647">
        <ele>376</ele>
      </trkpt>
      <trkpt lat="39.3256" lon="-1.212419">
        <ele>375</ele>
      </trkpt>
      <trkpt lat="39.326453" lon="-1.211474">
        <ele>381.75</ele>
      </trkpt>
      <trkpt lat="39.326559" lon="-1.211238">
        <ele>381.25</ele>
      </trkpt>
      <trkpt lat="39.326746" lon="-1.210713">
        <ele>377.5</ele>
      </trkpt>
      <trkpt lat="39.326893" lon="-1.210134">
        <ele>372.25</ele>
      </trkpt>
      <trkpt lat="39.327217" lon="-1.209244">
        <ele>367.75</ele>
      </trkpt>
      <trkpt lat="39.327346" lon="-1.208891">
        <ele>367.75</ele>
      </trkpt>
      <trkpt lat="39.32742" lon="-1.208623">
        <ele>367.75</ele>
      </trkpt>
      <trkpt lat="39.327456" lon="-1.208495">
        <ele>367.75</ele>
      </trkpt>
      <trkpt lat="39.327566" lon="-1.207949">
        <ele>368.25</ele>
      </trkpt>
      <trkpt lat="39.327561" lon="-1.207801">
        <ele>368</ele>
      </trkpt>
      <trkpt lat="39.32756" lon="-1.207756">
        <ele>368</ele>
      </trkpt>
      <trkpt lat="39.327459" lon="-1.207404">
        <ele>368.25</ele>
      </trkpt>
      <trkpt lat="39.327368" lon="-1.207168">
        <ele>368.75</ele>
      </trkpt>
      <trkpt lat="39.327291" lon="-1.206924">
        <ele>369.25</ele>
      </trkpt>
      <trkpt lat="39.32718" lon="-1.206506">
        <ele>370.75</ele>
      </trkpt>
      <trkpt lat="39.327082" lon="-1.206286">
        <ele>371.25</ele>
      </trkpt>
      <trkpt lat="39.326975" lon="-1.206099">
        <ele>371.75</ele>
      </trkpt>
      <trkpt lat="39.32658" lon="-1.205508">
        <ele>374.25</ele>
      </trkpt>
      <trkpt lat="39.326517" lon="-1.205433">
        <ele>374.5</ele>
      </trkpt>
      <trkpt lat="39.326116" lon="-1.205126">
        <ele>371.75</ele>
      </trkpt>
      <trkpt lat="39.325754" lon="-1.204818">
        <ele>370.25</ele>
      </trkpt>
      <trkpt lat="39.325509" lon="-1.204601">
        <ele>370.5</ele>
      </trkpt>
      <trkpt lat="39.325388" lon="-1.204454">
        <ele>370.25</ele>
      </trkpt>
      <trkpt lat="39.325329" lon="-1.204332">
        <ele>370.25</ele>
      </trkpt>
      <trkpt lat="39.32529" lon="-1.204192">
        <ele>370.25</ele>
      </trkpt>
      <trkpt lat="39.325283" lon="-1.204085">
        <ele>370.25</ele>
      </trkpt>
      <trkpt lat="39.325311" lon="-1.203396">
        <ele>370.25</ele>
      </trkpt>
      <trkpt lat="39.325302" lon="-1.203093">
        <ele>369.75</ele>
      </trkpt>
      <trkpt lat="39.325265" lon="-1.202906">
        <ele>369</ele>
      </trkpt>
      <trkpt lat="39.325213" lon="-1.202765">
        <ele>368.5</ele>
      </trkpt>
      <trkpt lat="39.325126" lon="-1.202645">
        <ele>367.75</ele>
      </trkpt>
      <trkpt lat="39.324845" lon="-1.202342">
        <ele>367.25</ele>
      </trkpt>
      <trkpt lat="39.324815" lon="-1.202302">
        <ele>367.5</ele>
      </trkpt>
      <trkpt lat="39.324804" lon="-1.202287">
        <ele>367.5</ele>
      </trkpt>
      <trkpt lat="39.324743" lon="-1.202251">
        <ele>367.5</ele>
      </trkpt>
      <trkpt lat="39.32466" lon="-1.202257">
        <ele>367.5</ele>
      </trkpt>
      <trkpt lat="39.324234" lon="-1.202474">
        <ele>367</ele>
      </trkpt>
      <trkpt lat="39.324" lon="-1.202505">
        <ele>366.75</ele>
      </trkpt>
      <trkpt lat="39.323321" lon="-1.202515">
        <ele>365.75</ele>
      </trkpt>
      <trkpt lat="39.323162" lon="-1.202487">
        <ele>366</ele>
      </trkpt>
      <trkpt lat="39.323083" lon="-1.202449">
        <ele>366.25</ele>
      </trkpt>
      <trkpt lat="39.322641" lon="-1.202102">
        <ele>369.75</ele>
      </trkpt>
      <trkpt lat="39.322288" lon="-1.201859">
        <ele>370.75</ele>
      </trkpt>
      <trkpt lat="39.322108" lon="-1.201718">
        <ele>370.25</ele>
      </trkpt>
      <trkpt lat="39.321714" lon="-1.201361">
        <ele>371.5</ele>
      </trkpt>
      <trkpt lat="39.321503" lon="-1.20123">
        <ele>372</ele>
      </trkpt>
      <trkpt lat="39.320719" lon="-1.200799">
        <ele>369.75</ele>
      </trkpt>
      <trkpt lat="39.319813" lon="-1.200454">
        <ele>367.5</ele>
      </trkpt>
      <trkpt lat="39.319461" lon="-1.200254">
        <ele>367.5</ele>
      </trkpt>
      <trkpt lat="39.318981" lon="-1.199952">
        <ele>367.25</ele>
      </trkpt>
      <trkpt lat="39.318564" lon="-1.199625">
        <ele>366.75</ele>
      </trkpt>
      <trkpt lat="39.317507" lon="-1.198645">
        <ele>368.75</ele>
      </trkpt>
      <trkpt lat="39.317361" lon="-1.198529">
        <ele>368.75</ele>
      </trkpt>
      <trkpt lat="39.316944" lon="-1.198319">
        <ele>367.75</ele>
      </trkpt>
      <trkpt lat="39.31684" lon="-1.198242">
        <ele>368</ele>
      </trkpt>
      <trkpt lat="39.316694" lon="-1.198117">
        <ele>368.5</ele>
      </trkpt>
      <trkpt lat="39.316566" lon="-1.197917">
        <ele>369.75</ele>
      </trkpt>
      <trkpt lat="39.316504" lon="-1.197785">
        <ele>370.5</ele>
      </trkpt>
      <trkpt lat="39.316473" lon="-1.197673">
        <ele>371.25</ele>
      </trkpt>
      <trkpt lat="39.316437" lon="-1.197435">
        <ele>372.5</ele>
      </trkpt>
      <trkpt lat="39.31642" lon="-1.197211">
        <ele>373</ele>
      </trkpt>
      <trkpt lat="39.316425" lon="-1.197011">
        <ele>373.75</ele>
      </trkpt>
      <trkpt lat="39.316459" lon="-1.196794">
        <ele>375</ele>
      </trkpt>
      <trkpt lat="39.316534" lon="-1.1966">
        <ele>376</ele>
      </trkpt>
      <trkpt lat="39.316777" lon="-1.196167">
        <ele>376.25</ele>
      </trkpt>
      <trkpt lat="39.316814" lon="-1.19607">
        <ele>376.25</ele>
      </trkpt>
      <trkpt lat="39.316832" lon="-1.195961">
        <ele>375.75</ele>
      </trkpt>
      <trkpt lat="39.316826" lon="-1.195815">
        <ele>374.75</ele>
      </trkpt>
      <trkpt lat="39.316799" lon="-1.195679">
        <ele>373.5</ele>
      </trkpt>
      <trkpt lat="39.31667" lon="-1.195258">
        <ele>369.5</ele>
      </trkpt>
      <trkpt lat="39.316679" lon="-1.195041">
        <ele>369.25</ele>
      </trkpt>
      <trkpt lat="39.316726" lon="-1.194829">
        <ele>369.75</ele>
      </trkpt>
      <trkpt lat="39.316963" lon="-1.194168">
        <ele>371.75</ele>
      </trkpt>
      <trkpt lat="39.317133" lon="-1.193624">
        <ele>372.75</ele>
      </trkpt>
      <trkpt lat="39.317182" lon="-1.193387">
        <ele>372.75</ele>
      </trkpt>
      <trkpt lat="39.31718" lon="-1.193273">
        <ele>372.75</ele>
      </trkpt>
      <trkpt lat="39.317162" lon="-1.19318">
        <ele>372.5</ele>
      </trkpt>
      <trkpt lat="39.317082" lon="-1.19297">
        <ele>371.75</ele>
      </trkpt>
      <trkpt lat="39.317007" lon="-1.192813">
        <ele>371</ele>
      </trkpt>
      <trkpt lat="39.316962" lon="-1.192658">
        <ele>370.75</ele>
      </trkpt>
      <trkpt lat="39.316916" lon="-1.192447">
        <ele>370.75</ele>
      </trkpt>
      <trkpt lat="39.316907" lon="-1.192199">
        <ele>371</ele>
      </trkpt>
      <trkpt lat="39.316753" lon="-1.191477">
        <ele>370.25</ele>
      </trkpt>
      <trkpt lat="39.316676" lon="-1.191282">
        <ele>369.5</ele>
      </trkpt>
      <trkpt lat="39.316541" lon="-1.191038">
        <ele>368.75</ele>
      </trkpt>
      <trkpt lat="39.316423" lon="-1.190675">
        <ele>368.25</ele>
      </trkpt>
      <trkpt lat="39.316398" lon="-1.19019">
        <ele>368</ele>
      </trkpt>
      <trkpt lat="39.316402" lon="-1.189718">
        <ele>368.5</ele>
      </trkpt>
      <trkpt lat="39.316314" lon="-1.188927">
        <ele>368.75</ele>
      </trkpt>
      <trkpt lat="39.316313" lon="-1.188369">
        <ele>368.25</ele>
      </trkpt>
      <trkpt lat="39.316161" lon="-1.187993">
        <ele>367</ele>
      </trkpt>
      <trkpt lat="39.316107" lon="-1.187755">
        <ele>366.25</ele>
      </trkpt>
      <trkpt lat="39.316057" lon="-1.187185">
        <ele>367</ele>
      </trkpt>
      <trkpt lat="39.31597" lon="-1.186762">
        <ele>368</ele>
      </trkpt>
      <trkpt lat="39.315423" lon="-1.185062">
        <ele>370.5</ele>
      </trkpt>
      <trkpt lat="39.315259" lon="-1.184079">
        <ele>371.5</ele>
      </trkpt>
      <trkpt lat="39.315157" lon="-1.183429">
        <ele>370.5</ele>
      </trkpt>
      <trkpt lat="39.315154" lon="-1.183037">
        <ele>370.75</ele>
      </trkpt>
      <trkpt lat="39.315176" lon="-1.182809">
        <ele>371</ele>
      </trkpt>
      <trkpt lat="39.315229" lon="-1.182485">
        <ele>371.75</ele>
      </trkpt>
      <trkpt lat="39.315216" lon="-1.18125">
        <ele>372</ele>
      </trkpt>
      <trkpt lat="39.315301" lon="-1.181084">
        <ele>372.5</ele>
      </trkpt>
      <trkpt lat="39.315363" lon="-1.180801">
        <ele>372.5</ele>
      </trkpt>
      <trkpt lat="39.315331" lon="-1.180645">
        <ele>372.75</ele>
      </trkpt>
      <trkpt lat="39.315199" lon="-1.180537">
        <ele>371.5</ele>
      </trkpt>
      <trkpt lat="39.315018" lon="-1.180357">
        <ele>369.75</ele>
      </trkpt>
      <trkpt lat="39.31498" lon="-1.180174">
        <ele>369.5</ele>
      </trkpt>
      <trkpt lat="39.314991" lon="-1.179727">
        <ele>370.5</ele>
      </trkpt>
      <trkpt lat="39.315061" lon="-1.179173">
        <ele>373</ele>
      </trkpt>
      <trkpt lat="39.31525" lon="-1.178488">
        <ele>373.5</ele>
      </trkpt>
      <trkpt lat="39.315146" lon="-1.177951">
        <ele>370.25</ele>
      </trkpt>
      <trkpt lat="39.315171" lon="-1.177653">
        <ele>370.25</ele>
      </trkpt>
      <trkpt lat="39.315241" lon="-1.177358">
        <ele>370.5</ele>
      </trkpt>
      <trkpt lat="39.315311" lon="-1.176732">
        <ele>369</ele>
      </trkpt>
      <trkpt lat="39.315292" lon="-1.176555">
        <ele>368.25</ele>
      </trkpt>
      <trkpt lat="39.315205" lon="-1.176256">
        <ele>366</ele>
      </trkpt>
      <trkpt lat="39.31522" lon="-1.176104">
        <ele>365.5</ele>
      </trkpt>
      <trkpt lat="39.315265" lon="-1.175996">
        <ele>365.5</ele>
      </trkpt>
      <trkpt lat="39.31539" lon="-1.175855">
        <ele>365.75</ele>
      </trkpt>
      <trkpt lat="39.315503" lon="-1.175752">
        <ele>366.25</ele>
      </trkpt>
      <trkpt lat="39.315599" lon="-1.175604">
        <ele>366</ele>
      </trkpt>
      <trkpt lat="39.315638" lon="-1.175556">
        <ele>366</ele>
      </trkpt>
      <trkpt lat="39.315906" lon="-1.175468">
        <ele>367.25</ele>
      </trkpt>
      <trkpt lat="39.315977" lon="-1.175408">
        <ele>368</ele>
      </trkpt>
      <trkpt lat="39.316069" lon="-1.175147">
        <ele>367</ele>
      </trkpt>
      <trkpt lat="39.316058" lon="-1.174547">
        <ele>366.75</ele>
      </trkpt>
      <trkpt lat="39.316041" lon="-1.174394">
        <ele>367</ele>
      </trkpt>
      <trkpt lat="39.315982" lon="-1.174309">
        <ele>367</ele>
      </trkpt>
      <trkpt lat="39.315922" lon="-1.174234">
        <ele>367</ele>
      </trkpt>
      <trkpt lat="39.315796" lon="-1.174185">
        <ele>366.75</ele>
      </trkpt>
      <trkpt lat="39.315254" lon="-1.174112">
        <ele>368.25</ele>
      </trkpt>
      <trkpt lat="39.31505" lon="-1.174029">
        <ele>369.5</ele>
      </trkpt>
      <trkpt lat="39.314929" lon="-1.173863">
        <ele>370.75</ele>
      </trkpt>
      <trkpt lat="39.314393" lon="-1.172692">
        <ele>376.25</ele>
      </trkpt>
      <trkpt lat="39.313958" lon="-1.17137">
        <ele>380.25</ele>
      </trkpt>
      <trkpt lat="39.314" lon="-1.17109">
        <ele>383.5</ele>
      </trkpt>
      <trkpt lat="39.313942" lon="-1.170942">
        <ele>382</ele>
      </trkpt>
      <trkpt lat="39.313904" lon="-1.170714">
        <ele>381.5</ele>
      </trkpt>
      <trkpt lat="39.313934" lon="-1.170597">
        <ele>383.25</ele>
      </trkpt>
      <trkpt lat="39.314094" lon="-1.170479">
        <ele>390</ele>
      </trkpt>
      <trkpt lat="39.314097" lon="-1.170345">
        <ele>390.5</ele>
      </trkpt>
      <trkpt lat="39.314" lon="-1.170262">
        <ele>387</ele>
      </trkpt>
      <trkpt lat="39.313814" lon="-1.170169">
        <ele>380.5</ele>
      </trkpt>
      <trkpt lat="39.313731" lon="-1.170045">
        <ele>378</ele>
      </trkpt>
      <trkpt lat="39.313688" lon="-1.169672">
        <ele>381.25</ele>
      </trkpt>
      <trkpt lat="39.313613" lon="-1.169385">
        <ele>382.25</ele>
      </trkpt>
      <trkpt lat="39.313453" lon="-1.169006">
        <ele>380.25</ele>
      </trkpt>
      <trkpt lat="39.313101" lon="-1.168619">
        <ele>375.25</ele>
      </trkpt>
      <trkpt lat="39.313085" lon="-1.168454">
        <ele>376.5</ele>
      </trkpt>
      <trkpt lat="39.312869" lon="-1.167943">
        <ele>377.25</ele>
      </trkpt>
      <trkpt lat="39.311454" lon="-1.166104">
        <ele>367.5</ele>
      </trkpt>
      <trkpt lat="39.310493" lon="-1.164565">
        <ele>372.25</ele>
      </trkpt>
      <trkpt lat="39.309454" lon="-1.163943">
        <ele>365.5</ele>
      </trkpt>
      <trkpt lat="39.30738" lon="-1.16257">
        <ele>361</ele>
      </trkpt>
      <trkpt lat="39.30676" lon="-1.161973">
        <ele>360.5</ele>
      </trkpt>
      <trkpt lat="39.305994" lon="-1.160655">
        <ele>360</ele>
      </trkpt>
      <trkpt lat="39.305596" lon="-1.159716">
        <ele>362.5</ele>
      </trkpt>
      <trkpt lat="39.305414" lon="-1.158274">
        <ele>364.75</ele>
      </trkpt>
      <trkpt lat="39.305369" lon="-1.157321">
        <ele>362.25</ele>
      </trkpt>
      <trkpt lat="39.305374" lon="-1.156545">
        <ele>362.5</ele>
      </trkpt>
      <trkpt lat="39.305473" lon="-1.155917">
        <ele>363.75</ele>
      </trkpt>
      <trkpt lat="39.305465" lon="-1.15554">
        <ele>364</ele>
      </trkpt>
      <trkpt lat="39.30543" lon="-1.154981">
        <ele>364.5</ele>
      </trkpt>
      <trkpt lat="39.305489" lon="-1.154788">
        <ele>364.5</ele>
      </trkpt>
      <trkpt lat="39.305665" lon="-1.153994">
        <ele>366</ele>
      </trkpt>
      <trkpt lat="39.305609" lon="-1.153646">
        <ele>364.5</ele>
      </trkpt>
      <trkpt lat="39.305414" lon="-1.152631">
        <ele>364.75</ele>
      </trkpt>
      <trkpt lat="39.305401" lon="-1.152248">
        <ele>366.75</ele>
      </trkpt>
      <trkpt lat="39.305276" lon="-1.151755">
        <ele>366</ele>
      </trkpt>
      <trkpt lat="39.305043" lon="-1.151127">
        <ele>365.5</ele>
      </trkpt>
      <trkpt lat="39.304929" lon="-1.150761">
        <ele>366.25</ele>
      </trkpt>
      <trkpt lat="39.304903" lon="-1.150468">
        <ele>366.75</ele>
      </trkpt>
      <trkpt lat="39.304835" lon="-1.150176">
        <ele>366.25</ele>
      </trkpt>
      <trkpt lat="39.304831" lon="-1.14978">
        <ele>366</ele>
      </trkpt>
      <trkpt lat="39.304899" lon="-1.149614">
        <ele>366.75</ele>
      </trkpt>
      <trkpt lat="39.304978" lon="-1.149366">
        <ele>367.25</ele>
      </trkpt>
      <trkpt lat="39.304952" lon="-1.148956">
        <ele>366.5</ele>
      </trkpt>
      <trkpt lat="39.30488" lon="-1.148638">
        <ele>365.5</ele>
      </trkpt>
      <trkpt lat="39.304816" lon="-1.148219">
        <ele>363.75</ele>
      </trkpt>
      <trkpt lat="39.304797" lon="-1.147814">
        <ele>362.5</ele>
      </trkpt>
      <trkpt lat="39.30486" lon="-1.146772">
        <ele>362.5</ele>
      </trkpt>
      <trkpt lat="39.304909" lon="-1.146444">
        <ele>361.75</ele>
      </trkpt>
      <trkpt lat="39.304937" lon="-1.146118">
        <ele>360.25</ele>
      </trkpt>
      <trkpt lat="39.304928" lon="-1.146046">
        <ele>359.75</ele>
      </trkpt>
      <trkpt lat="39.304903" lon="-1.145965">
        <ele>359.25</ele>
      </trkpt>
      <trkpt lat="39.304865" lon="-1.145905">
        <ele>358.5</ele>
      </trkpt>
      <trkpt lat="39.304665" lon="-1.14572">
        <ele>357.5</ele>
      </trkpt>
      <trkpt lat="39.304362" lon="-1.145501">
        <ele>356.5</ele>
      </trkpt>
      <trkpt lat="39.3037" lon="-1.145021">
        <ele>359</ele>
      </trkpt>
      <trkpt lat="39.303671" lon="-1.144989">
        <ele>359.25</ele>
      </trkpt>
      <trkpt lat="39.303671" lon="-1.144933">
        <ele>359.5</ele>
      </trkpt>
      <trkpt lat="39.30376" lon="-1.144648">
        <ele>359.75</ele>
      </trkpt>
      <trkpt lat="39.303768" lon="-1.144581">
        <ele>359.75</ele>
      </trkpt>
      <trkpt lat="39.303762" lon="-1.144519">
        <ele>360</ele>
      </trkpt>
      <trkpt lat="39.303704" lon="-1.144391">
        <ele>360.5</ele>
      </trkpt>
      <trkpt lat="39.303687" lon="-1.144377">
        <ele>360.75</ele>
      </trkpt>
      <trkpt lat="39.303444" lon="-1.144186">
        <ele>362.25</ele>
      </trkpt>
      <trkpt lat="39.303191" lon="-1.14385">
        <ele>364.25</ele>
      </trkpt>
      <trkpt lat="39.302708" lon="-1.142913">
        <ele>364</ele>
      </trkpt>
      <trkpt lat="39.302033" lon="-1.14178">
        <ele>364.75</ele>
      </trkpt>
      <trkpt lat="39.301714" lon="-1.141156">
        <ele>362</ele>
      </trkpt>
      <trkpt lat="39.301497" lon="-1.14068">
        <ele>364.25</ele>
      </trkpt>
      <trkpt lat="39.301332" lon="-1.140534">
        <ele>364.5</ele>
      </trkpt>
      <trkpt lat="39.301049" lon="-1.140333">
        <ele>364.75</ele>
      </trkpt>
      <trkpt lat="39.300772" lon="-1.140233">
        <ele>363.5</ele>
      </trkpt>
      <trkpt lat="39.300405" lon="-1.14015">
        <ele>360.25</ele>
      </trkpt>
      <trkpt lat="39.299971" lon="-1.140075">
        <ele>355.75</ele>
      </trkpt>
      <trkpt lat="39.299786" lon="-1.140002">
        <ele>355.5</ele>
      </trkpt>
      <trkpt lat="39.299561" lon="-1.13978">
        <ele>358.5</ele>
      </trkpt>
      <trkpt lat="39.299346" lon="-1.139597">
        <ele>359.5</ele>
      </trkpt>
      <trkpt lat="39.299242" lon="-1.139528">
        <ele>359.5</ele>
      </trkpt>
      <trkpt lat="39.299072" lon="-1.139343">
        <ele>360</ele>
      </trkpt>
      <trkpt lat="39.298876" lon="-1.139099">
        <ele>359.25</ele>
      </trkpt>
      <trkpt lat="39.298681" lon="-1.138803">
        <ele>358</ele>
      </trkpt>
      <trkpt lat="39.298389" lon="-1.138257">
        <ele>356</ele>
      </trkpt>
      <trkpt lat="39.298283" lon="-1.138113">
        <ele>355.75</ele>
      </trkpt>
      <trkpt lat="39.298157" lon="-1.137993">
        <ele>355.25</ele>
      </trkpt>
      <trkpt lat="39.298026" lon="-1.137913">
        <ele>354.25</ele>
      </trkpt>
      <trkpt lat="39.297931" lon="-1.137901">
        <ele>353.25</ele>
      </trkpt>
      <trkpt lat="39.297878" lon="-1.137921">
        <ele>352.25</ele>
      </trkpt>
      <trkpt lat="39.297842" lon="-1.137905">
        <ele>352</ele>
      </trkpt>
      <trkpt lat="39.297744" lon="-1.137807">
        <ele>351.25</ele>
      </trkpt>
      <trkpt lat="39.29762" lon="-1.137618">
        <ele>350.25</ele>
      </trkpt>
      <trkpt lat="39.297504" lon="-1.137417">
        <ele>349.75</ele>
      </trkpt>
      <trkpt lat="39.297278" lon="-1.137067">
        <ele>352.25</ele>
      </trkpt>
      <trkpt lat="39.297227" lon="-1.136959">
        <ele>353.25</ele>
      </trkpt>
      <trkpt lat="39.297193" lon="-1.136864">
        <ele>354</ele>
      </trkpt>
      <trkpt lat="39.297055" lon="-1.136428">
        <ele>356.25</ele>
      </trkpt>
      <trkpt lat="39.296877" lon="-1.135935">
        <ele>357.25</ele>
      </trkpt>
      <trkpt lat="39.296831" lon="-1.135778">
        <ele>357.5</ele>
      </trkpt>
      <trkpt lat="39.296808" lon="-1.135651">
        <ele>357.25</ele>
      </trkpt>
      <trkpt lat="39.296787" lon="-1.135469">
        <ele>357.25</ele>
      </trkpt>
      <trkpt lat="39.296763" lon="-1.13501">
        <ele>357</ele>
      </trkpt>
      <trkpt lat="39.296741" lon="-1.134864">
        <ele>357.75</ele>
      </trkpt>
      <trkpt lat="39.296735" lon="-1.134853">
        <ele>357.75</ele>
      </trkpt>
      <trkpt lat="39.296698" lon="-1.134802">
        <ele>358</ele>
      </trkpt>
      <trkpt lat="39.296664" lon="-1.134773">
        <ele>358.25</ele>
      </trkpt>
      <trkpt lat="39.296496" lon="-1.134678">
        <ele>358.25</ele>
      </trkpt>
      <trkpt lat="39.296445" lon="-1.134628">
        <ele>358.5</ele>
      </trkpt>
      <trkpt lat="39.296316" lon="-1.134435">
        <ele>359.25</ele>
      </trkpt>
      <trkpt lat="39.296285" lon="-1.134379">
        <ele>359.25</ele>
      </trkpt>
      <trkpt lat="39.296244" lon="-1.134257">
        <ele>359.75</ele>
      </trkpt>
      <trkpt lat="39.296051" lon="-1.133605">
        <ele>360.5</ele>
      </trkpt>
      <trkpt lat="39.295875" lon="-1.133117">
        <ele>360.5</ele>
      </trkpt>
      <trkpt lat="39.295727" lon="-1.132684">
        <ele>360.75</ele>
      </trkpt>
      <trkpt lat="39.295609" lon="-1.132248">
        <ele>360.5</ele>
      </trkpt>
      <trkpt lat="39.295552" lon="-1.131756">
        <ele>361</ele>
      </trkpt>
      <trkpt lat="39.295529" lon="-1.131565">
        <ele>361</ele>
      </trkpt>
      <trkpt lat="39.295422" lon="-1.131313">
        <ele>360.25</ele>
      </trkpt>
      <trkpt lat="39.295249" lon="-1.130931">
        <ele>358.5</ele>
      </trkpt>
      <trkpt lat="39.295222" lon="-1.130873">
        <ele>358.25</ele>
      </trkpt>
      <trkpt lat="39.294913" lon="-1.130259">
        <ele>354.75</ele>
      </trkpt>
      <trkpt lat="39.294892" lon="-1.130199">
        <ele>354.75</ele>
      </trkpt>
      <trkpt lat="39.294872" lon="-1.13003">
        <ele>354.5</ele>
      </trkpt>
      <trkpt lat="39.294915" lon="-1.129736">
        <ele>355</ele>
      </trkpt>
      <trkpt lat="39.294912" lon="-1.129634">
        <ele>355.25</ele>
      </trkpt>
      <trkpt lat="39.294891" lon="-1.129572">
        <ele>355.25</ele>
      </trkpt>
      <trkpt lat="39.294818" lon="-1.129483">
        <ele>355.5</ele>
      </trkpt>
      <trkpt lat="39.294702" lon="-1.129381">
        <ele>355.75</ele>
      </trkpt>
      <trkpt lat="39.294632" lon="-1.129349">
        <ele>355.75</ele>
      </trkpt>
      <trkpt lat="39.294591" lon="-1.129352">
        <ele>355.75</ele>
      </trkpt>
      <trkpt lat="39.294551" lon="-1.129355">
        <ele>355.75</ele>
      </trkpt>
      <trkpt lat="39.294363" lon="-1.129462">
        <ele>355.5</ele>
      </trkpt>
      <trkpt lat="39.294298" lon="-1.129473">
        <ele>355.5</ele>
      </trkpt>
      <trkpt lat="39.294178" lon="-1.129457">
        <ele>355.5</ele>
      </trkpt>
      <trkpt lat="39.29409" lon="-1.129411">
        <ele>355.25</ele>
      </trkpt>
      <trkpt lat="39.294009" lon="-1.129351">
        <ele>355</ele>
      </trkpt>
      <trkpt lat="39.293925" lon="-1.129264">
        <ele>354.75</ele>
      </trkpt>
      <trkpt lat="39.293905" lon="-1.129233">
        <ele>354.75</ele>
      </trkpt>
      <trkpt lat="39.293852" lon="-1.129131">
        <ele>355</ele>
      </trkpt>
      <trkpt lat="39.293831" lon="-1.12907">
        <ele>355.25</ele>
      </trkpt>
      <trkpt lat="39.293816" lon="-1.128992">
        <ele>355.75</ele>
      </trkpt>
      <trkpt lat="39.2938" lon="-1.128867">
        <ele>356.5</ele>
      </trkpt>
      <trkpt lat="39.293777" lon="-1.128465">
        <ele>359.25</ele>
      </trkpt>
      <trkpt lat="39.293748" lon="-1.128292">
        <ele>359.75</ele>
      </trkpt>
      <trkpt lat="39.293728" lon="-1.128247">
        <ele>359.5</ele>
      </trkpt>
      <trkpt lat="39.293481" lon="-1.127981">
        <ele>356.25</ele>
      </trkpt>
      <trkpt lat="39.293076" lon="-1.127515">
        <ele>353.75</ele>
      </trkpt>
      <trkpt lat="39.293009" lon="-1.127397">
        <ele>353</ele>
      </trkpt>
      <trkpt lat="39.292959" lon="-1.127263">
        <ele>352.5</ele>
      </trkpt>
      <trkpt lat="39.292947" lon="-1.12718">
        <ele>352.25</ele>
      </trkpt>
      <trkpt lat="39.292941" lon="-1.12707">
        <ele>352</ele>
      </trkpt>
      <trkpt lat="39.292945" lon="-1.12671">
        <ele>351.75</ele>
      </trkpt>
      <trkpt lat="39.292941" lon="-1.126651">
        <ele>351.5</ele>
      </trkpt>
      <trkpt lat="39.292922" lon="-1.126591">
        <ele>351</ele>
      </trkpt>
      <trkpt lat="39.292884" lon="-1.126524">
        <ele>350.5</ele>
      </trkpt>
      <trkpt lat="39.292858" lon="-1.126476">
        <ele>350</ele>
      </trkpt>
      <trkpt lat="39.292878" lon="-1.126353">
        <ele>349.75</ele>
      </trkpt>
      <trkpt lat="39.292932" lon="-1.12615">
        <ele>349.25</ele>
      </trkpt>
      <trkpt lat="39.292967" lon="-1.126077">
        <ele>349.25</ele>
      </trkpt>
      <trkpt lat="39.293034" lon="-1.125986">
        <ele>349.5</ele>
      </trkpt>
      <trkpt lat="39.293048" lon="-1.125935">
        <ele>349.25</ele>
      </trkpt>
      <trkpt lat="39.293021" lon="-1.12586">
        <ele>348.75</ele>
      </trkpt>
      <trkpt lat="39.292976" lon="-1.125814">
        <ele>348.5</ele>
      </trkpt>
      <trkpt lat="39.292938" lon="-1.125731">
        <ele>348.5</ele>
      </trkpt>
      <trkpt lat="39.292927" lon="-1.125631">
        <ele>348.75</ele>
      </trkpt>
      <trkpt lat="39.292915" lon="-1.125517">
        <ele>349.25</ele>
      </trkpt>
      <trkpt lat="39.292951" lon="-1.125302">
        <ele>350.5</ele>
      </trkpt>
      <trkpt lat="39.293017" lon="-1.125082">
        <ele>352.25</ele>
      </trkpt>
      <trkpt lat="39.29305" lon="-1.125002">
        <ele>353</ele>
      </trkpt>
      <trkpt lat="39.293082" lon="-1.124964">
        <ele>354</ele>
      </trkpt>
      <trkpt lat="39.293086" lon="-1.124854">
        <ele>355.25</ele>
      </trkpt>
      <trkpt lat="39.293079" lon="-1.12479">
        <ele>355.75</ele>
      </trkpt>
      <trkpt lat="39.293073" lon="-1.12453">
        <ele>358.5</ele>
      </trkpt>
      <trkpt lat="39.293138" lon="-1.124334">
        <ele>362.25</ele>
      </trkpt>
      <trkpt lat="39.293146" lon="-1.124232">
        <ele>363.5</ele>
      </trkpt>
      <trkpt lat="39.293129" lon="-1.124154">
        <ele>364</ele>
      </trkpt>
      <trkpt lat="39.293059" lon="-1.123669">
        <ele>366</ele>
      </trkpt>
      <trkpt lat="39.293079" lon="-1.123612">
        <ele>366.75</ele>
      </trkpt>
      <trkpt lat="39.293125" lon="-1.123569">
        <ele>368.5</ele>
      </trkpt>
      <trkpt lat="39.293208" lon="-1.123526">
        <ele>371.25</ele>
      </trkpt>
      <trkpt lat="39.293231" lon="-1.123441">
        <ele>372.75</ele>
      </trkpt>
      <trkpt lat="39.293225" lon="-1.12336">
        <ele>373.25</ele>
      </trkpt>
      <trkpt lat="39.293262" lon="-1.123328">
        <ele>374.75</ele>
      </trkpt>
      <trkpt lat="39.293275" lon="-1.123194">
        <ele>375</ele>
      </trkpt>
      <trkpt lat="39.293252" lon="-1.123129">
        <ele>374.5</ele>
      </trkpt>
      <trkpt lat="39.293082" lon="-1.123022">
        <ele>369.5</ele>
      </trkpt>
      <trkpt lat="39.29304" lon="-1.122883">
        <ele>368.5</ele>
      </trkpt>
      <trkpt lat="39.293054" lon="-1.122781">
        <ele>369</ele>
      </trkpt>
      <trkpt lat="39.293171" lon="-1.122631">
        <ele>372.5</ele>
      </trkpt>
      <trkpt lat="39.293196" lon="-1.122545">
        <ele>373.25</ele>
      </trkpt>
      <trkpt lat="39.293173" lon="-1.12247">
        <ele>372.5</ele>
      </trkpt>
      <trkpt lat="39.292839" lon="-1.122099">
        <ele>362</ele>
      </trkpt>
      <trkpt lat="39.292826" lon="-1.122027">
        <ele>361.25</ele>
      </trkpt>
      <trkpt lat="39.292824" lon="-1.121933">
        <ele>360.75</ele>
      </trkpt>
      <trkpt lat="39.292849" lon="-1.121826">
        <ele>360.75</ele>
      </trkpt>
      <trkpt lat="39.29288" lon="-1.121751">
        <ele>361</ele>
      </trkpt>
      <trkpt lat="39.292932" lon="-1.121673">
        <ele>361.75</ele>
      </trkpt>
      <trkpt lat="39.292949" lon="-1.121617">
        <ele>362</ele>
      </trkpt>
      <trkpt lat="39.292934" lon="-1.121515">
        <ele>361.5</ele>
      </trkpt>
      <trkpt lat="39.292841" lon="-1.121257">
        <ele>360</ele>
      </trkpt>
      <trkpt lat="39.292789" lon="-1.121207">
        <ele>359.5</ele>
      </trkpt>
      <trkpt lat="39.292778" lon="-1.121198">
        <ele>359.25</ele>
      </trkpt>
      <trkpt lat="39.292677" lon="-1.121252">
        <ele>358</ele>
      </trkpt>
      <trkpt lat="39.292629" lon="-1.121265">
        <ele>357.25</ele>
      </trkpt>
      <trkpt lat="39.292417" lon="-1.121295">
        <ele>354.5</ele>
      </trkpt>
      <trkpt lat="39.292322" lon="-1.121295">
        <ele>353.25</ele>
      </trkpt>
      <trkpt lat="39.292264" lon="-1.121212">
        <ele>353</ele>
      </trkpt>
      <trkpt lat="39.292179" lon="-1.121021">
        <ele>352.75</ele>
      </trkpt>
      <trkpt lat="39.292089" lon="-1.120858">
        <ele>352</ele>
      </trkpt>
      <trkpt lat="39.291948" lon="-1.120522">
        <ele>353.25</ele>
      </trkpt>
      <trkpt lat="39.291813" lon="-1.120222">
        <ele>353.25</ele>
      </trkpt>
      <trkpt lat="39.291726" lon="-1.120002">
        <ele>352.75</ele>
      </trkpt>
      <trkpt lat="39.291687" lon="-1.119592">
        <ele>357.5</ele>
      </trkpt>
      <trkpt lat="39.291639" lon="-1.119431">
        <ele>358.75</ele>
      </trkpt>
      <trkpt lat="39.291458" lon="-1.119248">
        <ele>358.25</ele>
      </trkpt>
      <trkpt lat="39.29133" lon="-1.118969">
        <ele>361</ele>
      </trkpt>
      <trkpt lat="39.291049" lon="-1.118535">
        <ele>362.75</ele>
      </trkpt>
      <trkpt lat="39.290975" lon="-1.11843">
        <ele>362.5</ele>
      </trkpt>
      <trkpt lat="39.290759" lon="-1.118183">
        <ele>360.25</ele>
      </trkpt>
      <trkpt lat="39.290518" lon="-1.1178">
        <ele>359.25</ele>
      </trkpt>
      <trkpt lat="39.290381" lon="-1.117526">
        <ele>358.5</ele>
      </trkpt>
      <trkpt lat="39.290279" lon="-1.117368">
        <ele>357.5</ele>
      </trkpt>
      <trkpt lat="39.290084" lon="-1.117164">
        <ele>355.25</ele>
      </trkpt>
      <trkpt lat="39.289976" lon="-1.117068">
        <ele>354.5</ele>
      </trkpt>
      <trkpt lat="39.289862" lon="-1.116982">
        <ele>355</ele>
      </trkpt>
      <trkpt lat="39.289733" lon="-1.116909">
        <ele>355.25</ele>
      </trkpt>
      <trkpt lat="39.289515" lon="-1.11685">
        <ele>354.5</ele>
      </trkpt>
      <trkpt lat="39.28937" lon="-1.116781">
        <ele>353.75</ele>
      </trkpt>
      <trkpt lat="39.289297" lon="-1.116762">
        <ele>353.5</ele>
      </trkpt>
      <trkpt lat="39.28922" lon="-1.116751">
        <ele>352.75</ele>
      </trkpt>
      <trkpt lat="39.288782" lon="-1.116719">
        <ele>352.25</ele>
      </trkpt>
      <trkpt lat="39.288674" lon="-1.116719">
        <ele>352</ele>
      </trkpt>
      <trkpt lat="39.288589" lon="-1.116708">
        <ele>352</ele>
      </trkpt>
      <trkpt lat="39.288508" lon="-1.116687">
        <ele>352</ele>
      </trkpt>
      <trkpt lat="39.288442" lon="-1.11666">
        <ele>352</ele>
      </trkpt>
      <trkpt lat="39.288366" lon="-1.116602">
        <ele>352</ele>
      </trkpt>
      <trkpt lat="39.288307" lon="-1.116539">
        <ele>351.75</ele>
      </trkpt>
      <trkpt lat="39.288249" lon="-1.116451">
        <ele>351.75</ele>
      </trkpt>
      <trkpt lat="39.288226" lon="-1.116402">
        <ele>351.5</ele>
      </trkpt>
      <trkpt lat="39.288216" lon="-1.116352">
        <ele>351.5</ele>
      </trkpt>
      <trkpt lat="39.28822" lon="-1.116301">
        <ele>351.75</ele>
      </trkpt>
      <trkpt lat="39.288249" lon="-1.116247">
        <ele>351.75</ele>
      </trkpt>
      <trkpt lat="39.288465" lon="-1.115989">
        <ele>353</ele>
      </trkpt>
      <trkpt lat="39.288504" lon="-1.115925">
        <ele>353.25</ele>
      </trkpt>
      <trkpt lat="39.288552" lon="-1.115719">
        <ele>354.25</ele>
      </trkpt>
      <trkpt lat="39.288576" lon="-1.115658">
        <ele>354.5</ele>
      </trkpt>
      <trkpt lat="39.288257" lon="-1.115668">
        <ele>353.25</ele>
      </trkpt>
      <trkpt lat="39.288159" lon="-1.115687">
        <ele>352.75</ele>
      </trkpt>
      <trkpt lat="39.288028" lon="-1.115746">
        <ele>351.5</ele>
      </trkpt>
      <trkpt lat="39.287916" lon="-1.115776">
        <ele>350.75</ele>
      </trkpt>
      <trkpt lat="39.287868" lon="-1.115776">
        <ele>350.5</ele>
      </trkpt>
      <trkpt lat="39.287819" lon="-1.115754">
        <ele>350.25</ele>
      </trkpt>
      <trkpt lat="39.28779" lon="-1.115719">
        <ele>350.5</ele>
      </trkpt>
      <trkpt lat="39.287707" lon="-1.115443">
        <ele>352</ele>
      </trkpt>
      <trkpt lat="39.28763" lon="-1.115274">
        <ele>353</ele>
      </trkpt>
      <trkpt lat="39.287316" lon="-1.114705">
        <ele>353.5</ele>
      </trkpt>
      <trkpt lat="39.286992" lon="-1.114139">
        <ele>351.75</ele>
      </trkpt>
      <trkpt lat="39.286797" lon="-1.113753">
        <ele>352</ele>
      </trkpt>
      <trkpt lat="39.286762" lon="-1.113694">
        <ele>352.25</ele>
      </trkpt>
      <trkpt lat="39.286668" lon="-1.113619">
        <ele>352.25</ele>
      </trkpt>
      <trkpt lat="39.286567" lon="-1.11352">
        <ele>352.5</ele>
      </trkpt>
      <trkpt lat="39.286451" lon="-1.113386">
        <ele>352.75</ele>
      </trkpt>
      <trkpt lat="39.286419" lon="-1.113329">
        <ele>353</ele>
      </trkpt>
      <trkpt lat="39.286411" lon="-1.113262">
        <ele>353.25</ele>
      </trkpt>
      <trkpt lat="39.286409" lon="-1.113163">
        <ele>353.75</ele>
      </trkpt>
      <trkpt lat="39.286453" lon="-1.112943">
        <ele>355</ele>
      </trkpt>
      <trkpt lat="39.286435" lon="-1.112872">
        <ele>355.25</ele>
      </trkpt>
      <trkpt lat="39.286428" lon="-1.112849">
        <ele>355.25</ele>
      </trkpt>
      <trkpt lat="39.286401" lon="-1.112814">
        <ele>355.25</ele>
      </trkpt>
      <trkpt lat="39.286318" lon="-1.112774">
        <ele>354.75</ele>
      </trkpt>
      <trkpt lat="39.286255" lon="-1.112761">
        <ele>354.25</ele>
      </trkpt>
      <trkpt lat="39.286166" lon="-1.112777">
        <ele>353.5</ele>
      </trkpt>
      <trkpt lat="39.286123" lon="-1.112796">
        <ele>353</ele>
      </trkpt>
      <trkpt lat="39.286083" lon="-1.112833">
        <ele>352.75</ele>
      </trkpt>
      <trkpt lat="39.286048" lon="-1.112957">
        <ele>352</ele>
      </trkpt>
      <trkpt lat="39.285898" lon="-1.113284">
        <ele>349.5</ele>
      </trkpt>
      <trkpt lat="39.285842" lon="-1.113364">
        <ele>348.75</ele>
      </trkpt>
      <trkpt lat="39.285799" lon="-1.113391">
        <ele>348.25</ele>
      </trkpt>
      <trkpt lat="39.285755" lon="-1.113394">
        <ele>348</ele>
      </trkpt>
      <trkpt lat="39.285693" lon="-1.113378">
        <ele>348</ele>
      </trkpt>
      <trkpt lat="39.285655" lon="-1.113348">
        <ele>348</ele>
      </trkpt>
      <trkpt lat="39.285612" lon="-1.113311">
        <ele>348</ele>
      </trkpt>
      <trkpt lat="39.285579" lon="-1.11326">
        <ele>348</ele>
      </trkpt>
      <trkpt lat="39.285477" lon="-1.113008">
        <ele>348.75</ele>
      </trkpt>
      <trkpt lat="39.285444" lon="-1.112943">
        <ele>348.75</ele>
      </trkpt>
      <trkpt lat="39.285321" lon="-1.112836">
        <ele>349</ele>
      </trkpt>
      <trkpt lat="39.285296" lon="-1.112801">
        <ele>349</ele>
      </trkpt>
      <trkpt lat="39.285273" lon="-1.112742">
        <ele>349.25</ele>
      </trkpt>
      <trkpt lat="39.285269" lon="-1.11264">
        <ele>349.75</ele>
      </trkpt>
      <trkpt lat="39.285276" lon="-1.112578">
        <ele>350.25</ele>
      </trkpt>
      <trkpt lat="39.28529" lon="-1.112527">
        <ele>350.5</ele>
      </trkpt>
      <trkpt lat="39.285429" lon="-1.112291">
        <ele>353.5</ele>
      </trkpt>
      <trkpt lat="39.28544" lon="-1.112243">
        <ele>354</ele>
      </trkpt>
      <trkpt lat="39.285425" lon="-1.1122">
        <ele>354.5</ele>
      </trkpt>
      <trkpt lat="39.285354" lon="-1.112149">
        <ele>355</ele>
      </trkpt>
      <trkpt lat="39.285261" lon="-1.112144">
        <ele>355</ele>
      </trkpt>
      <trkpt lat="39.285224" lon="-1.112155">
        <ele>354.75</ele>
      </trkpt>
      <trkpt lat="39.28508" lon="-1.112281">
        <ele>353</ele>
      </trkpt>
      <trkpt lat="39.285043" lon="-1.112332">
        <ele>352.25</ele>
      </trkpt>
      <trkpt lat="39.284997" lon="-1.112356">
        <ele>351.75</ele>
      </trkpt>
      <trkpt lat="39.284891" lon="-1.112337">
        <ele>351.25</ele>
      </trkpt>
      <trkpt lat="39.284837" lon="-1.112308">
        <ele>351</ele>
      </trkpt>
      <trkpt lat="39.284759" lon="-1.112222">
        <ele>351.5</ele>
      </trkpt>
      <trkpt lat="39.284609" lon="-1.111996">
        <ele>352.25</ele>
      </trkpt>
      <trkpt lat="39.284563" lon="-1.111911">
        <ele>352.5</ele>
      </trkpt>
      <trkpt lat="39.284534" lon="-1.11187">
        <ele>352.5</ele>
      </trkpt>
      <trkpt lat="39.28443" lon="-1.111774">
        <ele>351.75</ele>
      </trkpt>
      <trkpt lat="39.284381" lon="-1.111717">
        <ele>351.5</ele>
      </trkpt>
      <trkpt lat="39.284356" lon="-1.111661">
        <ele>351.75</ele>
      </trkpt>
      <trkpt lat="39.284345" lon="-1.111522">
        <ele>352.25</ele>
      </trkpt>
      <trkpt lat="39.284379" lon="-1.111224">
        <ele>354.25</ele>
      </trkpt>
      <trkpt lat="39.284366" lon="-1.111162">
        <ele>354.5</ele>
      </trkpt>
      <trkpt lat="39.284327" lon="-1.111066">
        <ele>354.5</ele>
      </trkpt>
      <trkpt lat="39.284304" lon="-1.111031">
        <ele>354.5</ele>
      </trkpt>
      <trkpt lat="39.284273" lon="-1.111012">
        <ele>354.25</ele>
      </trkpt>
      <trkpt lat="39.284227" lon="-1.111009">
        <ele>353.5</ele>
      </trkpt>
      <trkpt lat="39.284148" lon="-1.111025">
        <ele>353</ele>
      </trkpt>
      <trkpt lat="39.284123" lon="-1.111031">
        <ele>353.25</ele>
      </trkpt>
      <trkpt lat="39.283974" lon="-1.111101">
        <ele>354.5</ele>
      </trkpt>
      <trkpt lat="39.283928" lon="-1.111101">
        <ele>355</ele>
      </trkpt>
      <trkpt lat="39.283885" lon="-1.111071">
        <ele>355.75</ele>
      </trkpt>
      <trkpt lat="39.28387" lon="-1.111037">
        <ele>356.25</ele>
      </trkpt>
      <trkpt lat="39.283862" lon="-1.110999">
        <ele>356.5</ele>
      </trkpt>
      <trkpt lat="39.283676" lon="-1.11108">
        <ele>358.25</ele>
      </trkpt>
      <trkpt lat="39.283609" lon="-1.111187">
        <ele>358</ele>
      </trkpt>
      <trkpt lat="39.283543" lon="-1.111413">
        <ele>356.5</ele>
      </trkpt>
      <trkpt lat="39.283408" lon="-1.111717">
        <ele>354.5</ele>
      </trkpt>
      <trkpt lat="39.283301" lon="-1.111768">
        <ele>354</ele>
      </trkpt>
      <trkpt lat="39.283244" lon="-1.111699">
        <ele>355.25</ele>
      </trkpt>
      <trkpt lat="39.283118" lon="-1.111305">
        <ele>360</ele>
      </trkpt>
      <trkpt lat="39.283067" lon="-1.111234">
        <ele>361</ele>
      </trkpt>
      <trkpt lat="39.283019" lon="-1.110968">
        <ele>364.75</ele>
      </trkpt>
      <trkpt lat="39.282834" lon="-1.110671">
        <ele>369</ele>
      </trkpt>
      <trkpt lat="39.282614" lon="-1.110116">
        <ele>374.75</ele>
      </trkpt>
      <trkpt lat="39.282521" lon="-1.109566">
        <ele>381.25</ele>
      </trkpt>
      <trkpt lat="39.282413" lon="-1.109086">
        <ele>386.5</ele>
      </trkpt>
      <trkpt lat="39.282315" lon="-1.108592">
        <ele>388.25</ele>
      </trkpt>
      <trkpt lat="39.282029" lon="-1.108458">
        <ele>394.25</ele>
      </trkpt>
      <trkpt lat="39.28178" lon="-1.108254">
        <ele>399.75</ele>
      </trkpt>
      <trkpt lat="39.281515" lon="-1.107937">
        <ele>402.25</ele>
      </trkpt>
      <trkpt lat="39.281251" lon="-1.107718">
        <ele>406</ele>
      </trkpt>
      <trkpt lat="39.281015" lon="-1.107492">
        <ele>410.25</ele>
      </trkpt>
      <trkpt lat="39.280789" lon="-1.10732">
        <ele>413.75</ele>
      </trkpt>
      <trkpt lat="39.280772" lon="-1.107191">
        <ele>414.25</ele>
      </trkpt>
      <trkpt lat="39.281022" lon="-1.106341">
        <ele>425.5</ele>
      </trkpt>
      <trkpt lat="39.281114" lon="-1.106098">
        <ele>429.25</ele>
      </trkpt>
      <trkpt lat="39.281141" lon="-1.105822">
        <ele>433.25</ele>
      </trkpt>
      <trkpt lat="39.281114" lon="-1.106098">
        <ele>429.25</ele>
      </trkpt>
      <trkpt lat="39.281022" lon="-1.106341">
        <ele>425.5</ele>
      </trkpt>
      <trkpt lat="39.280772" lon="-1.107191">
        <ele>414.25</ele>
      </trkpt>
      <trkpt lat="39.280789" lon="-1.10732">
        <ele>413.75</ele>
      </trkpt>
      <trkpt lat="39.281015" lon="-1.107492">
        <ele>410.25</ele>
      </trkpt>
      <trkpt lat="39.281251" lon="-1.107718">
        <ele>406</ele>
      </trkpt>
      <trkpt lat="39.281515" lon="-1.107937">
        <ele>402.25</ele>
      </trkpt>
      <trkpt lat="39.28178" lon="-1.108254">
        <ele>399.75</ele>
      </trkpt>
      <trkpt lat="39.282029" lon="-1.108458">
        <ele>394.25</ele>
      </trkpt>
      <trkpt lat="39.282315" lon="-1.108592">
        <ele>388.25</ele>
      </trkpt>
      <trkpt lat="39.282413" lon="-1.109086">
        <ele>386.5</ele>
      </trkpt>
      <trkpt lat="39.282521" lon="-1.109566">
        <ele>381.25</ele>
      </trkpt>
      <trkpt lat="39.282614" lon="-1.110116">
        <ele>374.75</ele>
      </trkpt>
      <trkpt lat="39.282834" lon="-1.110671">
        <ele>369</ele>
      </trkpt>
      <trkpt lat="39.283019" lon="-1.110968">
        <ele>364.75</ele>
      </trkpt>
      <trkpt lat="39.283067" lon="-1.111234">
        <ele>361</ele>
      </trkpt>
      <trkpt lat="39.283118" lon="-1.111305">
        <ele>360</ele>
      </trkpt>
      <trkpt lat="39.283244" lon="-1.111699">
        <ele>355.25</ele>
      </trkpt>
      <trkpt lat="39.283301" lon="-1.111768">
        <ele>354</ele>
      </trkpt>
      <trkpt lat="39.283408" lon="-1.111717">
        <ele>354.5</ele>
      </trkpt>
      <trkpt lat="39.283543" lon="-1.111413">
        <ele>356.5</ele>
      </trkpt>
      <trkpt lat="39.283609" lon="-1.111187">
        <ele>358</ele>
      </trkpt>
      <trkpt lat="39.283676" lon="-1.11108">
        <ele>358.25</ele>
      </trkpt>
      <trkpt lat="39.283862" lon="-1.110999">
        <ele>356.5</ele>
      </trkpt>
      <trkpt lat="39.28387" lon="-1.111037">
        <ele>356.25</ele>
      </trkpt>
      <trkpt lat="39.283885" lon="-1.111071">
        <ele>355.75</ele>
      </trkpt>
      <trkpt lat="39.283928" lon="-1.111101">
        <ele>355</ele>
      </trkpt>
      <trkpt lat="39.283974" lon="-1.111101">
        <ele>354.5</ele>
      </trkpt>
      <trkpt lat="39.284123" lon="-1.111031">
        <ele>353.25</ele>
      </trkpt>
      <trkpt lat="39.284148" lon="-1.111025">
        <ele>353</ele>
      </trkpt>
      <trkpt lat="39.284227" lon="-1.111009">
        <ele>353.5</ele>
      </trkpt>
      <trkpt lat="39.284273" lon="-1.111012">
        <ele>354.25</ele>
      </trkpt>
      <trkpt lat="39.284304" lon="-1.111031">
        <ele>354.5</ele>
      </trkpt>
      <trkpt lat="39.284327" lon="-1.111066">
        <ele>354.5</ele>
      </trkpt>
      <trkpt lat="39.284366" lon="-1.111162">
        <ele>354.5</ele>
      </trkpt>
      <trkpt lat="39.284379" lon="-1.111224">
        <ele>354.25</ele>
      </trkpt>
      <trkpt lat="39.284345" lon="-1.111522">
        <ele>352.25</ele>
      </trkpt>
      <trkpt lat="39.284356" lon="-1.111661">
        <ele>351.75</ele>
      </trkpt>
      <trkpt lat="39.284381" lon="-1.111717">
        <ele>351.5</ele>
      </trkpt>
      <trkpt lat="39.28443" lon="-1.111774">
        <ele>351.75</ele>
      </trkpt>
      <trkpt lat="39.284534" lon="-1.11187">
        <ele>352.5</ele>
      </trkpt>
      <trkpt lat="39.284563" lon="-1.111911">
        <ele>352.5</ele>
      </trkpt>
      <trkpt lat="39.284609" lon="-1.111996">
        <ele>352.25</ele>
      </trkpt>
      <trkpt lat="39.284759" lon="-1.112222">
        <ele>351.5</ele>
      </trkpt>
      <trkpt lat="39.284837" lon="-1.112308">
        <ele>351</ele>
      </trkpt>
      <trkpt lat="39.284891" lon="-1.112337">
        <ele>351.25</ele>
      </trkpt>
      <trkpt lat="39.284997" lon="-1.112356">
        <ele>351.75</ele>
      </trkpt>
      <trkpt lat="39.285043" lon="-1.112332">
        <ele>352.25</ele>
      </trkpt>
      <trkpt lat="39.28508" lon="-1.112281">
        <ele>353</ele>
      </trkpt>
      <trkpt lat="39.285224" lon="-1.112155">
        <ele>354.75</ele>
      </trkpt>
      <trkpt lat="39.285261" lon="-1.112144">
        <ele>355</ele>
      </trkpt>
      <trkpt lat="39.285354" lon="-1.112149">
        <ele>355</ele>
      </trkpt>
      <trkpt lat="39.285425" lon="-1.1122">
        <ele>354.5</ele>
      </trkpt>
      <trkpt lat="39.28544" lon="-1.112243">
        <ele>354</ele>
      </trkpt>
      <trkpt lat="39.285429" lon="-1.112291">
        <ele>353.5</ele>
      </trkpt>
      <trkpt lat="39.28529" lon="-1.112527">
        <ele>350.5</ele>
      </trkpt>
      <trkpt lat="39.285276" lon="-1.112578">
        <ele>350.25</ele>
      </trkpt>
      <trkpt lat="39.285269" lon="-1.11264">
        <ele>349.75</ele>
      </trkpt>
      <trkpt lat="39.285273" lon="-1.112742">
        <ele>349.25</ele>
      </trkpt>
      <trkpt lat="39.285296" lon="-1.112801">
        <ele>349</ele>
      </trkpt>
      <trkpt lat="39.285321" lon="-1.112836">
        <ele>349</ele>
      </trkpt>
      <trkpt lat="39.285444" lon="-1.112943">
        <ele>348.75</ele>
      </trkpt>
      <trkpt lat="39.285477" lon="-1.113008">
        <ele>348.75</ele>
      </trkpt>
      <trkpt lat="39.285579" lon="-1.11326">
        <ele>348</ele>
      </trkpt>
      <trkpt lat="39.285612" lon="-1.113311">
        <ele>348</ele>
      </trkpt>
      <trkpt lat="39.285655" lon="-1.113348">
        <ele>348</ele>
      </trkpt>
      <trkpt lat="39.285693" lon="-1.113378">
        <ele>348</ele>
      </trkpt>
      <trkpt lat="39.285755" lon="-1.113394">
        <ele>348</ele>
      </trkpt>
      <trkpt lat="39.285799" lon="-1.113391">
        <ele>348.25</ele>
      </trkpt>
      <trkpt lat="39.285842" lon="-1.113364">
        <ele>348.75</ele>
      </trkpt>
      <trkpt lat="39.285898" lon="-1.113284">
        <ele>349.5</ele>
      </trkpt>
      <trkpt lat="39.286048" lon="-1.112957">
        <ele>352</ele>
      </trkpt>
      <trkpt lat="39.286083" lon="-1.112833">
        <ele>352.75</ele>
      </trkpt>
      <trkpt lat="39.286123" lon="-1.112796">
        <ele>353</ele>
      </trkpt>
      <trkpt lat="39.286166" lon="-1.112777">
        <ele>353.5</ele>
      </trkpt>
      <trkpt lat="39.286255" lon="-1.112761">
        <ele>354.25</ele>
      </trkpt>
      <trkpt lat="39.286318" lon="-1.112774">
        <ele>354.75</ele>
      </trkpt>
      <trkpt lat="39.286401" lon="-1.112814">
        <ele>355.25</ele>
      </trkpt>
      <trkpt lat="39.286428" lon="-1.112849">
        <ele>355.25</ele>
      </trkpt>
      <trkpt lat="39.286435" lon="-1.112872">
        <ele>355.25</ele>
      </trkpt>
      <trkpt lat="39.286453" lon="-1.112943">
        <ele>355</ele>
      </trkpt>
      <trkpt lat="39.286409" lon="-1.113163">
        <ele>353.75</ele>
      </trkpt>
      <trkpt lat="39.286411" lon="-1.113262">
        <ele>353.25</ele>
      </trkpt>
      <trkpt lat="39.286419" lon="-1.113329">
        <ele>353</ele>
      </trkpt>
      <trkpt lat="39.286451" lon="-1.113386">
        <ele>352.75</ele>
      </trkpt>
      <trkpt lat="39.286567" lon="-1.11352">
        <ele>352.5</ele>
      </trkpt>
      <trkpt lat="39.286668" lon="-1.113619">
        <ele>352.25</ele>
      </trkpt>
      <trkpt lat="39.286762" lon="-1.113694">
        <ele>352.25</ele>
      </trkpt>
      <trkpt lat="39.286797" lon="-1.113753">
        <ele>352</ele>
      </trkpt>
      <trkpt lat="39.286992" lon="-1.114139">
        <ele>351.75</ele>
      </trkpt>
      <trkpt lat="39.287316" lon="-1.114705">
        <ele>353.5</ele>
      </trkpt>
      <trkpt lat="39.28763" lon="-1.115274">
        <ele>353</ele>
      </trkpt>
      <trkpt lat="39.287707" lon="-1.115443">
        <ele>352</ele>
      </trkpt>
      <trkpt lat="39.28779" lon="-1.115719">
        <ele>350.5</ele>
      </trkpt>
      <trkpt lat="39.287819" lon="-1.115754">
        <ele>350.25</ele>
      </trkpt>
      <trkpt lat="39.287868" lon="-1.115776">
        <ele>350.5</ele>
      </trkpt>
      <trkpt lat="39.287916" lon="-1.115776">
        <ele>350.75</ele>
      </trkpt>
      <trkpt lat="39.288028" lon="-1.115746">
        <ele>351.5</ele>
      </trkpt>
      <trkpt lat="39.288159" lon="-1.115687">
        <ele>352.75</ele>
      </trkpt>
      <trkpt lat="39.288257" lon="-1.115668">
        <ele>353.25</ele>
      </trkpt>
      <trkpt lat="39.288576" lon="-1.115658">
        <ele>354.5</ele>
      </trkpt>
      <trkpt lat="39.288552" lon="-1.115719">
        <ele>354.25</ele>
      </trkpt>
      <trkpt lat="39.288504" lon="-1.115925">
        <ele>353.25</ele>
      </trkpt>
      <trkpt lat="39.288465" lon="-1.115989">
        <ele>353</ele>
      </trkpt>
      <trkpt lat="39.288249" lon="-1.116247">
        <ele>351.75</ele>
      </trkpt>
      <trkpt lat="39.28822" lon="-1.116301">
        <ele>351.75</ele>
      </trkpt>
      <trkpt lat="39.288216" lon="-1.116352">
        <ele>351.5</ele>
      </trkpt>
      <trkpt lat="39.288226" lon="-1.116402">
        <ele>351.5</ele>
      </trkpt>
      <trkpt lat="39.288249" lon="-1.116451">
        <ele>351.75</ele>
      </trkpt>
      <trkpt lat="39.288307" lon="-1.116539">
        <ele>351.75</ele>
      </trkpt>
      <trkpt lat="39.288366" lon="-1.116602">
        <ele>352</ele>
      </trkpt>
      <trkpt lat="39.288442" lon="-1.11666">
        <ele>352</ele>
      </trkpt>
      <trkpt lat="39.288508" lon="-1.116687">
        <ele>352</ele>
      </trkpt>
      <trkpt lat="39.288589" lon="-1.116708">
        <ele>352</ele>
      </trkpt>
      <trkpt lat="39.288674" lon="-1.116719">
        <ele>352</ele>
      </trkpt>
      <trkpt lat="39.288782" lon="-1.116719">
        <ele>352.25</ele>
      </trkpt>
      <trkpt lat="39.28922" lon="-1.116751">
        <ele>352.75</ele>
      </trkpt>
      <trkpt lat="39.289297" lon="-1.116762">
        <ele>353.5</ele>
      </trkpt>
      <trkpt lat="39.28937" lon="-1.116781">
        <ele>353.75</ele>
      </trkpt>
      <trkpt lat="39.289515" lon="-1.11685">
        <ele>354.5</ele>
      </trkpt>
      <trkpt lat="39.289733" lon="-1.116909">
        <ele>355.25</ele>
      </trkpt>
      <trkpt lat="39.289862" lon="-1.116982">
        <ele>355</ele>
      </trkpt>
      <trkpt lat="39.289976" lon="-1.117068">
        <ele>354.5</ele>
      </trkpt>
      <trkpt lat="39.290084" lon="-1.117164">
        <ele>355.25</ele>
      </trkpt>
      <trkpt lat="39.290279" lon="-1.117368">
        <ele>357.5</ele>
      </trkpt>
      <trkpt lat="39.290381" lon="-1.117526">
        <ele>358.5</ele>
      </trkpt>
      <trkpt lat="39.290518" lon="-1.1178">
        <ele>359.25</ele>
      </trkpt>
      <trkpt lat="39.290759" lon="-1.118183">
        <ele>360.25</ele>
      </trkpt>
      <trkpt lat="39.290975" lon="-1.11843">
        <ele>362.5</ele>
      </trkpt>
      <trkpt lat="39.291049" lon="-1.118535">
        <ele>362.75</ele>
      </trkpt>
      <trkpt lat="39.29133" lon="-1.118969">
        <ele>361</ele>
      </trkpt>
      <trkpt lat="39.291458" lon="-1.119248">
        <ele>358.25</ele>
      </trkpt>
      <trkpt lat="39.291639" lon="-1.119431">
        <ele>358.75</ele>
      </trkpt>
      <trkpt lat="39.291687" lon="-1.119592">
        <ele>357.5</ele>
      </trkpt>
      <trkpt lat="39.291726" lon="-1.120002">
        <ele>352.75</ele>
      </trkpt>
      <trkpt lat="39.291813" lon="-1.120222">
        <ele>353.25</ele>
      </trkpt>
      <trkpt lat="39.291948" lon="-1.120522">
        <ele>353.25</ele>
      </trkpt>
      <trkpt lat="39.292089" lon="-1.120858">
        <ele>352</ele>
      </trkpt>
      <trkpt lat="39.292179" lon="-1.121021">
        <ele>352.75</ele>
      </trkpt>
      <trkpt lat="39.292264" lon="-1.121212">
        <ele>353</ele>
      </trkpt>
      <trkpt lat="39.292322" lon="-1.121295">
        <ele>353.25</ele>
      </trkpt>
      <trkpt lat="39.292417" lon="-1.121295">
        <ele>354.5</ele>
      </trkpt>
      <trkpt lat="39.292629" lon="-1.121265">
        <ele>357.25</ele>
      </trkpt>
      <trkpt lat="39.292677" lon="-1.121252">
        <ele>358</ele>
      </trkpt>
      <trkpt lat="39.292778" lon="-1.121198">
        <ele>359.25</ele>
      </trkpt>
      <trkpt lat="39.292789" lon="-1.121207">
        <ele>359.5</ele>
      </trkpt>
      <trkpt lat="39.292841" lon="-1.121257">
        <ele>360</ele>
      </trkpt>
      <trkpt lat="39.292934" lon="-1.121515">
        <ele>361.5</ele>
      </trkpt>
      <trkpt lat="39.292949" lon="-1.121617">
        <ele>362</ele>
      </trkpt>
      <trkpt lat="39.292932" lon="-1.121673">
        <ele>361.75</ele>
      </trkpt>
      <trkpt lat="39.29288" lon="-1.121751">
        <ele>361</ele>
      </trkpt>
      <trkpt lat="39.292849" lon="-1.121826">
        <ele>360.75</ele>
      </trkpt>
      <trkpt lat="39.292824" lon="-1.121933">
        <ele>360.75</ele>
      </trkpt>
      <trkpt lat="39.292826" lon="-1.122027">
        <ele>361.25</ele>
      </trkpt>
      <trkpt lat="39.292839" lon="-1.122099">
        <ele>362</ele>
      </trkpt>
      <trkpt lat="39.293173" lon="-1.12247">
        <ele>372.5</ele>
      </trkpt>
      <trkpt lat="39.293196" lon="-1.122545">
        <ele>373.25</ele>
      </trkpt>
      <trkpt lat="39.293171" lon="-1.122631">
        <ele>372.5</ele>
      </trkpt>
      <trkpt lat="39.293054" lon="-1.122781">
        <ele>369</ele>
      </trkpt>
      <trkpt lat="39.29304" lon="-1.122883">
        <ele>368.5</ele>
      </trkpt>
      <trkpt lat="39.293082" lon="-1.123022">
        <ele>369.5</ele>
      </trkpt>
      <trkpt lat="39.293252" lon="-1.123129">
        <ele>374.5</ele>
      </trkpt>
      <trkpt lat="39.293275" lon="-1.123194">
        <ele>375</ele>
      </trkpt>
      <trkpt lat="39.293262" lon="-1.123328">
        <ele>374.75</ele>
      </trkpt>
      <trkpt lat="39.293225" lon="-1.12336">
        <ele>373.25</ele>
      </trkpt>
      <trkpt lat="39.293231" lon="-1.123441">
        <ele>372.75</ele>
      </trkpt>
      <trkpt lat="39.293208" lon="-1.123526">
        <ele>371.25</ele>
      </trkpt>
      <trkpt lat="39.293125" lon="-1.123569">
        <ele>368.5</ele>
      </trkpt>
      <trkpt lat="39.293079" lon="-1.123612">
        <ele>366.75</ele>
      </trkpt>
      <trkpt lat="39.293059" lon="-1.123669">
        <ele>366</ele>
      </trkpt>
      <trkpt lat="39.293129" lon="-1.124154">
        <ele>364</ele>
      </trkpt>
      <trkpt lat="39.293146" lon="-1.124232">
        <ele>363.5</ele>
      </trkpt>
      <trkpt lat="39.293138" lon="-1.124334">
        <ele>362.25</ele>
      </trkpt>
      <trkpt lat="39.293073" lon="-1.12453">
        <ele>358.5</ele>
      </trkpt>
      <trkpt lat="39.293079" lon="-1.12479">
        <ele>355.75</ele>
      </trkpt>
      <trkpt lat="39.293086" lon="-1.124854">
        <ele>355.25</ele>
      </trkpt>
      <trkpt lat="39.293082" lon="-1.124964">
        <ele>354</ele>
      </trkpt>
      <trkpt lat="39.29305" lon="-1.125002">
        <ele>353</ele>
      </trkpt>
      <trkpt lat="39.293017" lon="-1.125082">
        <ele>352.25</ele>
      </trkpt>
      <trkpt lat="39.292951" lon="-1.125302">
        <ele>350.5</ele>
      </trkpt>
      <trkpt lat="39.292915" lon="-1.125517">
        <ele>349.25</ele>
      </trkpt>
      <trkpt lat="39.292927" lon="-1.125631">
        <ele>348.75</ele>
      </trkpt>
      <trkpt lat="39.292938" lon="-1.125731">
        <ele>348.5</ele>
      </trkpt>
      <trkpt lat="39.292976" lon="-1.125814">
        <ele>348.5</ele>
      </trkpt>
      <trkpt lat="39.293021" lon="-1.12586">
        <ele>348.75</ele>
      </trkpt>
      <trkpt lat="39.293048" lon="-1.125935">
        <ele>349.25</ele>
      </trkpt>
      <trkpt lat="39.293034" lon="-1.125986">
        <ele>349.5</ele>
      </trkpt>
      <trkpt lat="39.292967" lon="-1.126077">
        <ele>349.25</ele>
      </trkpt>
      <trkpt lat="39.292932" lon="-1.12615">
        <ele>349.25</ele>
      </trkpt>
      <trkpt lat="39.292878" lon="-1.126353">
        <ele>349.75</ele>
      </trkpt>
      <trkpt lat="39.292858" lon="-1.126476">
        <ele>350</ele>
      </trkpt>
      <trkpt lat="39.292534" lon="-1.126153">
        <ele>346</ele>
      </trkpt>
      <trkpt lat="39.291907" lon="-1.125538">
        <ele>347.75</ele>
      </trkpt>
      <trkpt lat="39.291821" lon="-1.125467">
        <ele>348.25</ele>
      </trkpt>
      <trkpt lat="39.291759" lon="-1.12543">
        <ele>348.5</ele>
      </trkpt>
      <trkpt lat="39.2917" lon="-1.125407">
        <ele>348.75</ele>
      </trkpt>
      <trkpt lat="39.291616" lon="-1.125386">
        <ele>349</ele>
      </trkpt>
      <trkpt lat="39.291392" lon="-1.125353">
        <ele>349.75</ele>
      </trkpt>
      <trkpt lat="39.291328" lon="-1.125333">
        <ele>350</ele>
      </trkpt>
      <trkpt lat="39.291215" lon="-1.125273">
        <ele>350.25</ele>
      </trkpt>
      <trkpt lat="39.291161" lon="-1.125231">
        <ele>350.25</ele>
      </trkpt>
      <trkpt lat="39.291101" lon="-1.125172">
        <ele>350</ele>
      </trkpt>
      <trkpt lat="39.291027" lon="-1.125047">
        <ele>349.75</ele>
      </trkpt>
      <trkpt lat="39.290871" lon="-1.124795">
        <ele>349.5</ele>
      </trkpt>
      <trkpt lat="39.290799" lon="-1.124613">
        <ele>349.75</ele>
      </trkpt>
      <trkpt lat="39.290716" lon="-1.124347">
        <ele>350</ele>
      </trkpt>
      <trkpt lat="39.290404" lon="-1.123652">
        <ele>350.75</ele>
      </trkpt>
      <trkpt lat="39.290213" lon="-1.123205">
        <ele>350.25</ele>
      </trkpt>
      <trkpt lat="39.290161" lon="-1.123111">
        <ele>350.25</ele>
      </trkpt>
      <trkpt lat="39.290113" lon="-1.12306">
        <ele>350.25</ele>
      </trkpt>
      <trkpt lat="39.290057" lon="-1.123019">
        <ele>350</ele>
      </trkpt>
      <trkpt lat="39.289692" lon="-1.122856">
        <ele>350.75</ele>
      </trkpt>
      <trkpt lat="39.289175" lon="-1.122545">
        <ele>351</ele>
      </trkpt>
      <trkpt lat="39.288866" lon="-1.122343">
        <ele>352.5</ele>
      </trkpt>
      <trkpt lat="39.288662" lon="-1.122196">
        <ele>353.25</ele>
      </trkpt>
      <trkpt lat="39.288018" lon="-1.12168">
        <ele>360.75</ele>
      </trkpt>
      <trkpt lat="39.28784" lon="-1.121509">
        <ele>363.5</ele>
      </trkpt>
      <trkpt lat="39.287786" lon="-1.12144">
        <ele>364.25</ele>
      </trkpt>
      <trkpt lat="39.287735" lon="-1.121356">
        <ele>365</ele>
      </trkpt>
      <trkpt lat="39.28766" lon="-1.121161">
        <ele>365.5</ele>
      </trkpt>
      <trkpt lat="39.287629" lon="-1.121048">
        <ele>365.5</ele>
      </trkpt>
      <trkpt lat="39.28761" lon="-1.120938">
        <ele>365.25</ele>
      </trkpt>
      <trkpt lat="39.2876" lon="-1.120791">
        <ele>364.5</ele>
      </trkpt>
      <trkpt lat="39.287595" lon="-1.120544">
        <ele>364</ele>
      </trkpt>
      <trkpt lat="39.2876" lon="-1.119997">
        <ele>362.5</ele>
      </trkpt>
      <trkpt lat="39.287618" lon="-1.119771">
        <ele>360.75</ele>
      </trkpt>
      <trkpt lat="39.287618" lon="-1.119672">
        <ele>360.25</ele>
      </trkpt>
      <trkpt lat="39.28761" lon="-1.11957">
        <ele>360</ele>
      </trkpt>
      <trkpt lat="39.287587" lon="-1.119476">
        <ele>360</ele>
      </trkpt>
      <trkpt lat="39.287265" lon="-1.118723">
        <ele>361</ele>
      </trkpt>
      <trkpt lat="39.287157" lon="-1.118377">
        <ele>360</ele>
      </trkpt>
      <trkpt lat="39.287079" lon="-1.118213">
        <ele>360.5</ele>
      </trkpt>
      <trkpt lat="39.286919" lon="-1.117921">
        <ele>361.5</ele>
      </trkpt>
      <trkpt lat="39.286888" lon="-1.117837">
        <ele>361.25</ele>
      </trkpt>
      <trkpt lat="39.286852" lon="-1.117709">
        <ele>360.5</ele>
      </trkpt>
      <trkpt lat="39.286746" lon="-1.117221">
        <ele>355.5</ele>
      </trkpt>
      <trkpt lat="39.286692" lon="-1.117089">
        <ele>353.75</ele>
      </trkpt>
      <trkpt lat="39.286543" lon="-1.116834">
        <ele>352.5</ele>
      </trkpt>
      <trkpt lat="39.286373" lon="-1.116636">
        <ele>352.75</ele>
      </trkpt>
      <trkpt lat="39.286275" lon="-1.116545">
        <ele>353.75</ele>
      </trkpt>
      <trkpt lat="39.286178" lon="-1.116472">
        <ele>354.5</ele>
      </trkpt>
      <trkpt lat="39.286083" lon="-1.116415">
        <ele>355.25</ele>
      </trkpt>
      <trkpt lat="39.285717" lon="-1.116231">
        <ele>359.75</ele>
      </trkpt>
      <trkpt lat="39.285389" lon="-1.116015">
        <ele>365.75</ele>
      </trkpt>
      <trkpt lat="39.285289" lon="-1.115922">
        <ele>367</ele>
      </trkpt>
      <trkpt lat="39.285189" lon="-1.115791">
        <ele>367.25</ele>
      </trkpt>
      <trkpt lat="39.285003" lon="-1.115484">
        <ele>365.5</ele>
      </trkpt>
      <trkpt lat="39.284876" lon="-1.115139">
        <ele>362.25</ele>
      </trkpt>
      <trkpt lat="39.284822" lon="-1.114925">
        <ele>360</ele>
      </trkpt>
      <trkpt lat="39.284774" lon="-1.114801">
        <ele>360.25</ele>
      </trkpt>
      <trkpt lat="39.284573" lon="-1.114407">
        <ele>361</ele>
      </trkpt>
      <trkpt lat="39.284525" lon="-1.114324">
        <ele>361</ele>
      </trkpt>
      <trkpt lat="39.284392" lon="-1.114166">
        <ele>362</ele>
      </trkpt>
      <trkpt lat="39.284045" lon="-1.113728">
        <ele>359.5</ele>
      </trkpt>
      <trkpt lat="39.283966" lon="-1.113656">
        <ele>358.5</ele>
      </trkpt>
      <trkpt lat="39.28387" lon="-1.113604">
        <ele>358.25</ele>
      </trkpt>
      <trkpt lat="39.283627" lon="-1.113499">
        <ele>357.75</ele>
      </trkpt>
      <trkpt lat="39.283467" lon="-1.113419">
        <ele>357</ele>
      </trkpt>
      <trkpt lat="39.283306" lon="-1.113305">
        <ele>355.75</ele>
      </trkpt>
      <trkpt lat="39.283014" lon="-1.113157">
        <ele>355.25</ele>
      </trkpt>
      <trkpt lat="39.282499" lon="-1.112857">
        <ele>352.5</ele>
      </trkpt>
      <trkpt lat="39.282227" lon="-1.11268">
        <ele>351.5</ele>
      </trkpt>
      <trkpt lat="39.282128" lon="-1.112598">
        <ele>350.5</ele>
      </trkpt>
      <trkpt lat="39.281975" lon="-1.112446">
        <ele>349.25</ele>
      </trkpt>
      <trkpt lat="39.281884" lon="-1.112379">
        <ele>350</ele>
      </trkpt>
      <trkpt lat="39.28177" lon="-1.112323">
        <ele>350.5</ele>
      </trkpt>
      <trkpt lat="39.281575" lon="-1.112242">
        <ele>350.75</ele>
      </trkpt>
      <trkpt lat="39.281322" lon="-1.112159">
        <ele>350.25</ele>
      </trkpt>
      <trkpt lat="39.281037" lon="-1.112095">
        <ele>349.25</ele>
      </trkpt>
      <trkpt lat="39.280784" lon="-1.112049">
        <ele>348.75</ele>
      </trkpt>
      <trkpt lat="39.280528" lon="-1.111977">
        <ele>350.25</ele>
      </trkpt>
      <trkpt lat="39.280381" lon="-1.111929">
        <ele>350.75</ele>
      </trkpt>
      <trkpt lat="39.280047" lon="-1.111768">
        <ele>350.25</ele>
      </trkpt>
      <trkpt lat="39.279931" lon="-1.11173">
        <ele>351</ele>
      </trkpt>
      <trkpt lat="39.279698" lon="-1.111671">
        <ele>353.75</ele>
      </trkpt>
      <trkpt lat="39.279497" lon="-1.111666">
        <ele>357.5</ele>
      </trkpt>
      <trkpt lat="39.279285" lon="-1.111642">
        <ele>361</ele>
      </trkpt>
      <trkpt lat="39.279044" lon="-1.111593">
        <ele>366.25</ele>
      </trkpt>
      <trkpt lat="39.278882" lon="-1.111577">
        <ele>371.25</ele>
      </trkpt>
      <trkpt lat="39.278803" lon="-1.111561">
        <ele>373.5</ele>
      </trkpt>
      <trkpt lat="39.278732" lon="-1.111534">
        <ele>375</ele>
      </trkpt>
      <trkpt lat="39.278585" lon="-1.111392">
        <ele>375.5</ele>
      </trkpt>
      <trkpt lat="39.278519" lon="-1.111344">
        <ele>376</ele>
      </trkpt>
      <trkpt lat="39.278423" lon="-1.111236">
        <ele>375.25</ele>
      </trkpt>
      <trkpt lat="39.278392" lon="-1.11114">
        <ele>373</ele>
      </trkpt>
      <trkpt lat="39.278367" lon="-1.110982">
        <ele>368.25</ele>
      </trkpt>
      <trkpt lat="39.278272" lon="-1.110577">
        <ele>363</ele>
      </trkpt>
      <trkpt lat="39.278218" lon="-1.110137">
        <ele>357.25</ele>
      </trkpt>
      <trkpt lat="39.278149" lon="-1.109858">
        <ele>356.75</ele>
      </trkpt>
      <trkpt lat="39.278093" lon="-1.109501">
        <ele>356.5</ele>
      </trkpt>
      <trkpt lat="39.278087" lon="-1.109389">
        <ele>355.75</ele>
      </trkpt>
      <trkpt lat="39.27811" lon="-1.109075">
        <ele>352.25</ele>
      </trkpt>
      <trkpt lat="39.278118" lon="-1.108852">
        <ele>350</ele>
      </trkpt>
      <trkpt lat="39.278091" lon="-1.108645">
        <ele>349</ele>
      </trkpt>
      <trkpt lat="39.278022" lon="-1.10842">
        <ele>348.5</ele>
      </trkpt>
      <trkpt lat="39.277836" lon="-1.107983">
        <ele>349.25</ele>
      </trkpt>
      <trkpt lat="39.277802" lon="-1.107879">
        <ele>349.25</ele>
      </trkpt>
      <trkpt lat="39.277744" lon="-1.107736">
        <ele>349.5</ele>
      </trkpt>
      <trkpt lat="39.277703" lon="-1.10765">
        <ele>349.5</ele>
      </trkpt>
      <trkpt lat="39.277507" lon="-1.107307">
        <ele>349.75</ele>
      </trkpt>
      <trkpt lat="39.277429" lon="-1.107125">
        <ele>349.75</ele>
      </trkpt>
      <trkpt lat="39.277335" lon="-1.106942">
        <ele>350.5</ele>
      </trkpt>
      <trkpt lat="39.27725" lon="-1.106749">
        <ele>350.75</ele>
      </trkpt>
      <trkpt lat="39.277136" lon="-1.106518">
        <ele>351.75</ele>
      </trkpt>
      <trkpt lat="39.276943" lon="-1.106097">
        <ele>353.5</ele>
      </trkpt>
      <trkpt lat="39.276839" lon="-1.105808">
        <ele>353.75</ele>
      </trkpt>
      <trkpt lat="39.276795" lon="-1.105513">
        <ele>353.5</ele>
      </trkpt>
      <trkpt lat="39.276787" lon="-1.105357">
        <ele>353.25</ele>
      </trkpt>
      <trkpt lat="39.276818" lon="-1.104955">
        <ele>351.25</ele>
      </trkpt>
      <trkpt lat="39.276818" lon="-1.104783">
        <ele>351</ele>
      </trkpt>
      <trkpt lat="39.276806" lon="-1.104553">
        <ele>351</ele>
      </trkpt>
      <trkpt lat="39.276787" lon="-1.104354">
        <ele>351.25</ele>
      </trkpt>
      <trkpt lat="39.276753" lon="-1.104165">
        <ele>351.5</ele>
      </trkpt>
      <trkpt lat="39.276662" lon="-1.103844">
        <ele>348.75</ele>
      </trkpt>
      <trkpt lat="39.276592" lon="-1.103718">
        <ele>348.5</ele>
      </trkpt>
      <trkpt lat="39.276072" lon="-1.103202">
        <ele>351.25</ele>
      </trkpt>
      <trkpt lat="39.27574" lon="-1.102884">
        <ele>350.75</ele>
      </trkpt>
      <trkpt lat="39.27556" lon="-1.102729">
        <ele>350.5</ele>
      </trkpt>
      <trkpt lat="39.275452" lon="-1.102661">
        <ele>350.75</ele>
      </trkpt>
      <trkpt lat="39.27528" lon="-1.102573">
        <ele>351.25</ele>
      </trkpt>
      <trkpt lat="39.274869" lon="-1.102404">
        <ele>352</ele>
      </trkpt>
      <trkpt lat="39.274781" lon="-1.102369">
        <ele>351.25</ele>
      </trkpt>
      <trkpt lat="39.274713" lon="-1.102356">
        <ele>351</ele>
      </trkpt>
      <trkpt lat="39.274623" lon="-1.102353">
        <ele>350.75</ele>
      </trkpt>
      <trkpt lat="39.274393" lon="-1.102377">
        <ele>351</ele>
      </trkpt>
      <trkpt lat="39.274271" lon="-1.102401">
        <ele>351.5</ele>
      </trkpt>
      <trkpt lat="39.274148" lon="-1.102442">
        <ele>351.75</ele>
      </trkpt>
      <trkpt lat="39.273651" lon="-1.102658">
        <ele>351.5</ele>
      </trkpt>
      <trkpt lat="39.27345" lon="-1.102723">
        <ele>350.75</ele>
      </trkpt>
      <trkpt lat="39.272571" lon="-1.103079">
        <ele>351.5</ele>
      </trkpt>
      <trkpt lat="39.272317" lon="-1.103198">
        <ele>352.5</ele>
      </trkpt>
      <trkpt lat="39.272173" lon="-1.103235">
        <ele>352.5</ele>
      </trkpt>
      <trkpt lat="39.272074" lon="-1.103243">
        <ele>352.25</ele>
      </trkpt>
      <trkpt lat="39.271958" lon="-1.103221">
        <ele>351.25</ele>
      </trkpt>
      <trkpt lat="39.271847" lon="-1.103185">
        <ele>350</ele>
      </trkpt>
      <trkpt lat="39.271667" lon="-1.103069">
        <ele>347.25</ele>
      </trkpt>
      <trkpt lat="39.271604" lon="-1.103013">
        <ele>347.5</ele>
      </trkpt>
      <trkpt lat="39.271525" lon="-1.102905">
        <ele>347</ele>
      </trkpt>
      <trkpt lat="39.27147" lon="-1.102746">
        <ele>345.25</ele>
      </trkpt>
      <trkpt lat="39.271437" lon="-1.102612">
        <ele>343.5</ele>
      </trkpt>
      <trkpt lat="39.271408" lon="-1.102532">
        <ele>342.5</ele>
      </trkpt>
      <trkpt lat="39.271372" lon="-1.102476">
        <ele>342.5</ele>
      </trkpt>
      <trkpt lat="39.27132" lon="-1.102447">
        <ele>343.25</ele>
      </trkpt>
      <trkpt lat="39.271025" lon="-1.10238">
        <ele>348.25</ele>
      </trkpt>
      <trkpt lat="39.270924" lon="-1.102336">
        <ele>349.5</ele>
      </trkpt>
      <trkpt lat="39.270789" lon="-1.102261">
        <ele>351.5</ele>
      </trkpt>
      <trkpt lat="39.27057" lon="-1.10213">
        <ele>356</ele>
      </trkpt>
      <trkpt lat="39.270382" lon="-1.101993">
        <ele>358.75</ele>
      </trkpt>
      <trkpt lat="39.2703" lon="-1.101905">
        <ele>359.5</ele>
      </trkpt>
      <trkpt lat="39.270235" lon="-1.101818">
        <ele>359.5</ele>
      </trkpt>
      <trkpt lat="39.270164" lon="-1.101676">
        <ele>358.5</ele>
      </trkpt>
      <trkpt lat="39.269975" lon="-1.10121">
        <ele>353</ele>
      </trkpt>
      <trkpt lat="39.269717" lon="-1.100545">
        <ele>352.75</ele>
      </trkpt>
      <trkpt lat="39.269634" lon="-1.100355">
        <ele>352.75</ele>
      </trkpt>
      <trkpt lat="39.269585" lon="-1.100268">
        <ele>352.5</ele>
      </trkpt>
      <trkpt lat="39.269508" lon="-1.100165">
        <ele>352</ele>
      </trkpt>
      <trkpt lat="39.269423" lon="-1.100086">
        <ele>351.75</ele>
      </trkpt>
      <trkpt lat="39.269327" lon="-1.100019">
        <ele>351</ele>
      </trkpt>
      <trkpt lat="39.269239" lon="-1.099942">
        <ele>350.5</ele>
      </trkpt>
      <trkpt lat="39.269093" lon="-1.099801">
        <ele>349.75</ele>
      </trkpt>
      <trkpt lat="39.268999" lon="-1.099691">
        <ele>349</ele>
      </trkpt>
      <trkpt lat="39.268782" lon="-1.099472">
        <ele>347.25</ele>
      </trkpt>
      <trkpt lat="39.268691" lon="-1.099411">
        <ele>347</ele>
      </trkpt>
      <trkpt lat="39.26821" lon="-1.099164">
        <ele>346</ele>
      </trkpt>
      <trkpt lat="39.268106" lon="-1.099129">
        <ele>346.5</ele>
      </trkpt>
      <trkpt lat="39.26778" lon="-1.099065">
        <ele>348.25</ele>
      </trkpt>
      <trkpt lat="39.267693" lon="-1.099027">
        <ele>348.25</ele>
      </trkpt>
      <trkpt lat="39.267599" lon="-1.098971">
        <ele>348.25</ele>
      </trkpt>
      <trkpt lat="39.267418" lon="-1.098829">
        <ele>348.25</ele>
      </trkpt>
      <trkpt lat="39.267171" lon="-1.098654">
        <ele>348.75</ele>
      </trkpt>
      <trkpt lat="39.266934" lon="-1.098501">
        <ele>348.25</ele>
      </trkpt>
      <trkpt lat="39.266835" lon="-1.098413">
        <ele>346.75</ele>
      </trkpt>
      <trkpt lat="39.266728" lon="-1.098283">
        <ele>345</ele>
      </trkpt>
      <trkpt lat="39.26642" lon="-1.097865">
        <ele>346.25</ele>
      </trkpt>
      <trkpt lat="39.266293" lon="-1.09767">
        <ele>345.75</ele>
      </trkpt>
      <trkpt lat="39.266222" lon="-1.097589">
        <ele>345.5</ele>
      </trkpt>
      <trkpt lat="39.265948" lon="-1.097346">
        <ele>346</ele>
      </trkpt>
      <trkpt lat="39.265823" lon="-1.097249">
        <ele>345.75</ele>
      </trkpt>
      <trkpt lat="39.265648" lon="-1.097129">
        <ele>346</ele>
      </trkpt>
      <trkpt lat="39.265526" lon="-1.097055">
        <ele>346.25</ele>
      </trkpt>
      <trkpt lat="39.265381" lon="-1.096986">
        <ele>346.5</ele>
      </trkpt>
      <trkpt lat="39.265262" lon="-1.096946">
        <ele>347</ele>
      </trkpt>
      <trkpt lat="39.264935" lon="-1.096879">
        <ele>349</ele>
      </trkpt>
      <trkpt lat="39.264814" lon="-1.096847">
        <ele>349.5</ele>
      </trkpt>
      <trkpt lat="39.264266" lon="-1.096675">
        <ele>350.25</ele>
      </trkpt>
      <trkpt lat="39.264073" lon="-1.096576">
        <ele>350.5</ele>
      </trkpt>
      <trkpt lat="39.263815" lon="-1.096409">
        <ele>350</ele>
      </trkpt>
      <trkpt lat="39.263351" lon="-1.096162">
        <ele>348.5</ele>
      </trkpt>
      <trkpt lat="39.26299" lon="-1.095949">
        <ele>343.25</ele>
      </trkpt>
      <trkpt lat="39.262881" lon="-1.095899">
        <ele>342.25</ele>
      </trkpt>
      <trkpt lat="39.262755" lon="-1.09586">
        <ele>341.25</ele>
      </trkpt>
      <trkpt lat="39.262661" lon="-1.095846">
        <ele>341</ele>
      </trkpt>
      <trkpt lat="39.262517" lon="-1.09585">
        <ele>341.25</ele>
      </trkpt>
      <trkpt lat="39.26242" lon="-1.095864">
        <ele>341.5</ele>
      </trkpt>
      <trkpt lat="39.262313" lon="-1.095903">
        <ele>342</ele>
      </trkpt>
      <trkpt lat="39.261868" lon="-1.096142">
        <ele>346.75</ele>
      </trkpt>
      <trkpt lat="39.261429" lon="-1.096369">
        <ele>351.25</ele>
      </trkpt>
      <trkpt lat="39.261212" lon="-1.096454">
        <ele>352.5</ele>
      </trkpt>
      <trkpt lat="39.26114" lon="-1.096474">
        <ele>352.75</ele>
      </trkpt>
      <trkpt lat="39.260802" lon="-1.096474">
        <ele>351.25</ele>
      </trkpt>
      <trkpt lat="39.260354" lon="-1.096503">
        <ele>350</ele>
      </trkpt>
      <trkpt lat="39.260251" lon="-1.096519">
        <ele>349.75</ele>
      </trkpt>
      <trkpt lat="39.26016" lon="-1.096555">
        <ele>350.25</ele>
      </trkpt>
      <trkpt lat="39.260077" lon="-1.096602">
        <ele>350.75</ele>
      </trkpt>
      <trkpt lat="39.259973" lon="-1.09667">
        <ele>351.5</ele>
      </trkpt>
      <trkpt lat="39.259787" lon="-1.096709">
        <ele>348.75</ele>
      </trkpt>
      <trkpt lat="39.259706" lon="-1.096751">
        <ele>348</ele>
      </trkpt>
      <trkpt lat="39.25961" lon="-1.09683">
        <ele>348.25</ele>
      </trkpt>
      <trkpt lat="39.259495" lon="-1.096949">
        <ele>348.75</ele>
      </trkpt>
      <trkpt lat="39.25942" lon="-1.097042">
        <ele>349.5</ele>
      </trkpt>
      <trkpt lat="39.25921" lon="-1.097398">
        <ele>353.5</ele>
      </trkpt>
      <trkpt lat="39.259141" lon="-1.097493">
        <ele>354.5</ele>
      </trkpt>
      <trkpt lat="39.259022" lon="-1.097608">
        <ele>356.25</ele>
      </trkpt>
      <trkpt lat="39.258839" lon="-1.097726">
        <ele>356.75</ele>
      </trkpt>
      <trkpt lat="39.258526" lon="-1.097863">
        <ele>355.5</ele>
      </trkpt>
      <trkpt lat="39.258132" lon="-1.09805">
        <ele>355.5</ele>
      </trkpt>
      <trkpt lat="39.257822" lon="-1.098209">
        <ele>358</ele>
      </trkpt>
      <trkpt lat="39.257719" lon="-1.09824">
        <ele>358.5</ele>
      </trkpt>
      <trkpt lat="39.257629" lon="-1.098248">
        <ele>358.25</ele>
      </trkpt>
      <trkpt lat="39.257336" lon="-1.098233">
        <ele>356.75</ele>
      </trkpt>
      <trkpt lat="39.257213" lon="-1.098236">
        <ele>356.5</ele>
      </trkpt>
      <trkpt lat="39.256407" lon="-1.098356">
        <ele>356.25</ele>
      </trkpt>
      <trkpt lat="39.255641" lon="-1.098515">
        <ele>357</ele>
      </trkpt>
      <trkpt lat="39.2555" lon="-1.098523">
        <ele>355.75</ele>
      </trkpt>
      <trkpt lat="39.254968" lon="-1.098515">
        <ele>349.25</ele>
      </trkpt>
      <trkpt lat="39.254798" lon="-1.098531">
        <ele>348.25</ele>
      </trkpt>
      <trkpt lat="39.254598" lon="-1.098539">
        <ele>346.75</ele>
      </trkpt>
      <trkpt lat="39.254351" lon="-1.098515">
        <ele>343.75</ele>
      </trkpt>
      <trkpt lat="39.254177" lon="-1.098461">
        <ele>341.25</ele>
      </trkpt>
      <trkpt lat="39.254009" lon="-1.098427">
        <ele>340.5</ele>
      </trkpt>
      <trkpt lat="39.253915" lon="-1.098443">
        <ele>341</ele>
      </trkpt>
      <trkpt lat="39.253851" lon="-1.098466">
        <ele>341.25</ele>
      </trkpt>
      <trkpt lat="39.253797" lon="-1.098517">
        <ele>342</ele>
      </trkpt>
      <trkpt lat="39.253723" lon="-1.098616">
        <ele>343.25</ele>
      </trkpt>
      <trkpt lat="39.253628" lon="-1.098719">
        <ele>344.5</ele>
      </trkpt>
      <trkpt lat="39.253577" lon="-1.098748">
        <ele>344.5</ele>
      </trkpt>
      <trkpt lat="39.253525" lon="-1.098762">
        <ele>344.5</ele>
      </trkpt>
      <trkpt lat="39.253471" lon="-1.098748">
        <ele>344.25</ele>
      </trkpt>
      <trkpt lat="39.253392" lon="-1.098714">
        <ele>343.75</ele>
      </trkpt>
      <trkpt lat="39.253259" lon="-1.098617">
        <ele>343.25</ele>
      </trkpt>
      <trkpt lat="39.253201" lon="-1.098584">
        <ele>343.25</ele>
      </trkpt>
      <trkpt lat="39.253122" lon="-1.098558">
        <ele>343.25</ele>
      </trkpt>
      <trkpt lat="39.25302" lon="-1.098534">
        <ele>343.5</ele>
      </trkpt>
      <trkpt lat="39.252613" lon="-1.098485">
        <ele>344.5</ele>
      </trkpt>
      <trkpt lat="39.252482" lon="-1.098461">
        <ele>344.5</ele>
      </trkpt>
      <trkpt lat="39.252231" lon="-1.098394">
        <ele>342.75</ele>
      </trkpt>
      <trkpt lat="39.252081" lon="-1.098362">
        <ele>342.25</ele>
      </trkpt>
      <trkpt lat="39.251977" lon="-1.098346">
        <ele>341.75</ele>
      </trkpt>
      <trkpt lat="39.251641" lon="-1.098357">
        <ele>342.5</ele>
      </trkpt>
      <trkpt lat="39.251369" lon="-1.098335">
        <ele>342.75</ele>
      </trkpt>
      <trkpt lat="39.251271" lon="-1.098306">
        <ele>342.5</ele>
      </trkpt>
      <trkpt lat="39.251086" lon="-1.098225">
        <ele>342</ele>
      </trkpt>
      <trkpt lat="39.250937" lon="-1.098118">
        <ele>341.25</ele>
      </trkpt>
      <trkpt lat="39.25065" lon="-1.097936">
        <ele>340.25</ele>
      </trkpt>
      <trkpt lat="39.250224" lon="-1.097734">
        <ele>340.25</ele>
      </trkpt>
      <trkpt lat="39.250177" lon="-1.097705">
        <ele>340</ele>
      </trkpt>
      <trkpt lat="39.250141" lon="-1.097656">
        <ele>339.75</ele>
      </trkpt>
      <trkpt lat="39.250116" lon="-1.097581">
        <ele>339</ele>
      </trkpt>
      <trkpt lat="39.250114" lon="-1.097488">
        <ele>338.25</ele>
      </trkpt>
      <trkpt lat="39.250127" lon="-1.097388">
        <ele>338</ele>
      </trkpt>
      <trkpt lat="39.250251" lon="-1.097005">
        <ele>336</ele>
      </trkpt>
      <trkpt lat="39.250264" lon="-1.096951">
        <ele>335.75</ele>
      </trkpt>
      <trkpt lat="39.250252" lon="-1.096823">
        <ele>335.5</ele>
      </trkpt>
      <trkpt lat="39.250238" lon="-1.096729">
        <ele>335.25</ele>
      </trkpt>
      <trkpt lat="39.250161" lon="-1.096345">
        <ele>334</ele>
      </trkpt>
      <trkpt lat="39.250154" lon="-1.096272">
        <ele>333.75</ele>
      </trkpt>
      <trkpt lat="39.25016" lon="-1.096203">
        <ele>333.5</ele>
      </trkpt>
      <trkpt lat="39.250191" lon="-1.096136">
        <ele>333</ele>
      </trkpt>
      <trkpt lat="39.250333" lon="-1.095936">
        <ele>332.25</ele>
      </trkpt>
      <trkpt lat="39.250378" lon="-1.095841">
        <ele>332</ele>
      </trkpt>
      <trkpt lat="39.250401" lon="-1.095752">
        <ele>332</ele>
      </trkpt>
      <trkpt lat="39.250413" lon="-1.095642">
        <ele>332.25</ele>
      </trkpt>
      <trkpt lat="39.250413" lon="-1.095554">
        <ele>332.25</ele>
      </trkpt>
      <trkpt lat="39.2504" lon="-1.095443">
        <ele>332.5</ele>
      </trkpt>
      <trkpt lat="39.250378" lon="-1.095355">
        <ele>332.5</ele>
      </trkpt>
      <trkpt lat="39.250328" lon="-1.09527">
        <ele>332.5</ele>
      </trkpt>
      <trkpt lat="39.250225" lon="-1.09514">
        <ele>332.25</ele>
      </trkpt>
      <trkpt lat="39.250008" lon="-1.094926">
        <ele>330.75</ele>
      </trkpt>
      <trkpt lat="39.249921" lon="-1.094835">
        <ele>331</ele>
      </trkpt>
      <trkpt lat="39.249805" lon="-1.094685">
        <ele>331</ele>
      </trkpt>
      <trkpt lat="39.249703" lon="-1.094508">
        <ele>331.25</ele>
      </trkpt>
      <trkpt lat="39.249632" lon="-1.094433">
        <ele>331.25</ele>
      </trkpt>
      <trkpt lat="39.249564" lon="-1.094411">
        <ele>331.25</ele>
      </trkpt>
      <trkpt lat="39.249474" lon="-1.094403">
        <ele>331.5</ele>
      </trkpt>
      <trkpt lat="39.249238" lon="-1.094427">
        <ele>332.25</ele>
      </trkpt>
      <trkpt lat="39.24918" lon="-1.094532">
        <ele>332.75</ele>
      </trkpt>
      <trkpt lat="39.249112" lon="-1.094637">
        <ele>333.25</ele>
      </trkpt>
      <trkpt lat="39.248401" lon="-1.095422">
        <ele>338.5</ele>
      </trkpt>
      <trkpt lat="39.248327" lon="-1.095516">
        <ele>339.75</ele>
      </trkpt>
      <trkpt lat="39.248282" lon="-1.095642">
        <ele>342.25</ele>
      </trkpt>
      <trkpt lat="39.248278" lon="-1.095725">
        <ele>343</ele>
      </trkpt>
      <trkpt lat="39.248305" lon="-1.0958">
        <ele>342.75</ele>
      </trkpt>
      <trkpt lat="39.248432" lon="-1.096042">
        <ele>344.75</ele>
      </trkpt>
      <trkpt lat="39.248589" lon="-1.096312">
        <ele>347.25</ele>
      </trkpt>
      <trkpt lat="39.248743" lon="-1.096519">
        <ele>347.75</ele>
      </trkpt>
      <trkpt lat="39.248872" lon="-1.096707">
        <ele>347.5</ele>
      </trkpt>
      <trkpt lat="39.249092" lon="-1.096967">
        <ele>343.75</ele>
      </trkpt>
      <trkpt lat="39.249131" lon="-1.097034">
        <ele>343.25</ele>
      </trkpt>
      <trkpt lat="39.249152" lon="-1.097095">
        <ele>342.75</ele>
      </trkpt>
      <trkpt lat="39.249155" lon="-1.097147">
        <ele>343</ele>
      </trkpt>
      <trkpt lat="39.249146" lon="-1.097208">
        <ele>343.5</ele>
      </trkpt>
      <trkpt lat="39.249121" lon="-1.09727">
        <ele>344.5</ele>
      </trkpt>
      <trkpt lat="39.249093" lon="-1.097303">
        <ele>345.25</ele>
      </trkpt>
      <trkpt lat="39.249057" lon="-1.097321">
        <ele>346.5</ele>
      </trkpt>
      <trkpt lat="39.249011" lon="-1.097323">
        <ele>348</ele>
      </trkpt>
      <trkpt lat="39.248974" lon="-1.097315">
        <ele>349</ele>
      </trkpt>
      <trkpt lat="39.248946" lon="-1.097291">
        <ele>349.75</ele>
      </trkpt>
      <trkpt lat="39.248894" lon="-1.097165">
        <ele>350.25</ele>
      </trkpt>
      <trkpt lat="39.248791" lon="-1.096892">
        <ele>351</ele>
      </trkpt>
      <trkpt lat="39.248741" lon="-1.096823">
        <ele>351.5</ele>
      </trkpt>
      <trkpt lat="39.248577" lon="-1.096696">
        <ele>354</ele>
      </trkpt>
      <trkpt lat="39.248353" lon="-1.096589">
        <ele>357</ele>
      </trkpt>
      <trkpt lat="39.248263" lon="-1.096524">
        <ele>358.5</ele>
      </trkpt>
      <trkpt lat="39.248127" lon="-1.096385">
        <ele>360.75</ele>
      </trkpt>
      <trkpt lat="39.247892" lon="-1.096123">
        <ele>363.75</ele>
      </trkpt>
      <trkpt lat="39.247845" lon="-1.096041">
        <ele>363.75</ele>
      </trkpt>
      <trkpt lat="39.247783" lon="-1.095862">
        <ele>362.25</ele>
      </trkpt>
      <trkpt lat="39.247761" lon="-1.095757">
        <ele>361.25</ele>
      </trkpt>
      <trkpt lat="39.247652" lon="-1.095516">
        <ele>360</ele>
      </trkpt>
      <trkpt lat="39.247584" lon="-1.095387">
        <ele>359.5</ele>
      </trkpt>
      <trkpt lat="39.247497" lon="-1.095274">
        <ele>359.25</ele>
      </trkpt>
      <trkpt lat="39.247393" lon="-1.095204">
        <ele>360</ele>
      </trkpt>
      <trkpt lat="39.247224" lon="-1.095132">
        <ele>362.5</ele>
      </trkpt>
      <trkpt lat="39.246803" lon="-1.095009">
        <ele>369.75</ele>
      </trkpt>
      <trkpt lat="39.246506" lon="-1.094891">
        <ele>369.75</ele>
      </trkpt>
      <trkpt lat="39.246429" lon="-1.094872">
        <ele>369.5</ele>
      </trkpt>
      <trkpt lat="39.246363" lon="-1.094875">
        <ele>369.75</ele>
      </trkpt>
      <trkpt lat="39.246298" lon="-1.094894">
        <ele>370.5</ele>
      </trkpt>
      <trkpt lat="39.246213" lon="-1.094934">
        <ele>371.75</ele>
      </trkpt>
      <trkpt lat="39.246176" lon="-1.094969">
        <ele>372.75</ele>
      </trkpt>
      <trkpt lat="39.246041" lon="-1.095112">
        <ele>376.75</ele>
      </trkpt>
      <trkpt lat="39.246004" lon="-1.095175">
        <ele>378.75</ele>
      </trkpt>
      <trkpt lat="39.245889" lon="-1.095256">
        <ele>381.5</ele>
      </trkpt>
      <trkpt lat="39.245821" lon="-1.095285">
        <ele>382.5</ele>
      </trkpt>
      <trkpt lat="39.245748" lon="-1.095304">
        <ele>383.5</ele>
      </trkpt>
      <trkpt lat="39.245571" lon="-1.095307">
        <ele>384.25</ele>
      </trkpt>
      <trkpt lat="39.245428" lon="-1.095315">
        <ele>385</ele>
      </trkpt>
      <trkpt lat="39.245396" lon="-1.095323">
        <ele>385.25</ele>
      </trkpt>
      <trkpt lat="39.245305" lon="-1.095365">
        <ele>386.5</ele>
      </trkpt>
      <trkpt lat="39.245146" lon="-1.095492">
        <ele>389.5</ele>
      </trkpt>
      <trkpt lat="39.245013" lon="-1.095535">
        <ele>390.25</ele>
      </trkpt>
      <trkpt lat="39.244892" lon="-1.09554">
        <ele>390.75</ele>
      </trkpt>
      <trkpt lat="39.244537" lon="-1.095519">
        <ele>392.25</ele>
      </trkpt>
      <trkpt lat="39.244329" lon="-1.095465">
        <ele>393</ele>
      </trkpt>
      <trkpt lat="39.24369" lon="-1.095216">
        <ele>393.75</ele>
      </trkpt>
      <trkpt lat="39.243538" lon="-1.09521">
        <ele>394</ele>
      </trkpt>
      <trkpt lat="39.243483" lon="-1.095231">
        <ele>394</ele>
      </trkpt>
      <trkpt lat="39.243436" lon="-1.095264">
        <ele>394</ele>
      </trkpt>
      <trkpt lat="39.243407" lon="-1.0953">
        <ele>394.25</ele>
      </trkpt>
      <trkpt lat="39.243355" lon="-1.095394">
        <ele>394.25</ele>
      </trkpt>
      <trkpt lat="39.243055" lon="-1.095905">
        <ele>393.25</ele>
      </trkpt>
      <trkpt lat="39.243041" lon="-1.095961">
        <ele>394</ele>
      </trkpt>
      <trkpt lat="39.243041" lon="-1.096028">
        <ele>394.75</ele>
      </trkpt>
      <trkpt lat="39.243052" lon="-1.096106">
        <ele>395.75</ele>
      </trkpt>
      <trkpt lat="39.243083" lon="-1.096165">
        <ele>396.5</ele>
      </trkpt>
      <trkpt lat="39.243041" lon="-1.096227">
        <ele>397</ele>
      </trkpt>
      <trkpt lat="39.242979" lon="-1.096283">
        <ele>397.5</ele>
      </trkpt>
      <trkpt lat="39.242921" lon="-1.096291">
        <ele>397.5</ele>
      </trkpt>
      <trkpt lat="39.242854" lon="-1.096283">
        <ele>397</ele>
      </trkpt>
      <trkpt lat="39.242775" lon="-1.096286">
        <ele>397</ele>
      </trkpt>
      <trkpt lat="39.241972" lon="-1.09638">
        <ele>395.5</ele>
      </trkpt>
      <trkpt lat="39.241411" lon="-1.096465">
        <ele>394.75</ele>
      </trkpt>
      <trkpt lat="39.241292" lon="-1.096495">
        <ele>394.75</ele>
      </trkpt>
      <trkpt lat="39.24095" lon="-1.096635">
        <ele>396</ele>
      </trkpt>
      <trkpt lat="39.240833" lon="-1.096667">
        <ele>396</ele>
      </trkpt>
      <trkpt lat="39.240769" lon="-1.096672">
        <ele>395.5</ele>
      </trkpt>
      <trkpt lat="39.240706" lon="-1.096667">
        <ele>395</ele>
      </trkpt>
      <trkpt lat="39.240646" lon="-1.096645">
        <ele>394.25</ele>
      </trkpt>
      <trkpt lat="39.240551" lon="-1.096589">
        <ele>392.75</ele>
      </trkpt>
      <trkpt lat="39.240493" lon="-1.096546">
        <ele>392</ele>
      </trkpt>
      <trkpt lat="39.240426" lon="-1.096514">
        <ele>391</ele>
      </trkpt>
      <trkpt lat="39.240306" lon="-1.096498">
        <ele>390.25</ele>
      </trkpt>
      <trkpt lat="39.240218" lon="-1.096505">
        <ele>390</ele>
      </trkpt>
      <trkpt lat="39.239901" lon="-1.096573">
        <ele>389</ele>
      </trkpt>
      <trkpt lat="39.239483" lon="-1.096618">
        <ele>388.5</ele>
      </trkpt>
      <trkpt lat="39.239385" lon="-1.096605">
        <ele>388.25</ele>
      </trkpt>
      <trkpt lat="39.239184" lon="-1.096533">
        <ele>388</ele>
      </trkpt>
      <trkpt lat="39.238901" lon="-1.096449">
        <ele>390</ele>
      </trkpt>
      <trkpt lat="39.238822" lon="-1.096412">
        <ele>390.75</ele>
      </trkpt>
      <trkpt lat="39.238683" lon="-1.096323">
        <ele>391.75</ele>
      </trkpt>
      <trkpt lat="39.238596" lon="-1.096235">
        <ele>392.5</ele>
      </trkpt>
      <trkpt lat="39.238558" lon="-1.096181">
        <ele>392.75</ele>
      </trkpt>
      <trkpt lat="39.238519" lon="-1.096098">
        <ele>393.25</ele>
      </trkpt>
      <trkpt lat="39.238442" lon="-1.095961">
        <ele>394</ele>
      </trkpt>
      <trkpt lat="39.238413" lon="-1.095929">
        <ele>394.25</ele>
      </trkpt>
      <trkpt lat="39.238322" lon="-1.09587">
        <ele>395</ele>
      </trkpt>
      <trkpt lat="39.238176" lon="-1.095792">
        <ele>396.75</ele>
      </trkpt>
      <trkpt lat="39.237912" lon="-1.095693">
        <ele>399</ele>
      </trkpt>
      <trkpt lat="39.237506" lon="-1.095504">
        <ele>399.75</ele>
      </trkpt>
      <trkpt lat="39.237262" lon="-1.095409">
        <ele>397.5</ele>
      </trkpt>
      <trkpt lat="39.23714" lon="-1.095382">
        <ele>396.5</ele>
      </trkpt>
      <trkpt lat="39.237056" lon="-1.095377">
        <ele>396</ele>
      </trkpt>
      <trkpt lat="39.236986" lon="-1.095387">
        <ele>395.75</ele>
      </trkpt>
      <trkpt lat="39.236843" lon="-1.095441">
        <ele>395.75</ele>
      </trkpt>
      <trkpt lat="39.23655" lon="-1.095599">
        <ele>397.25</ele>
      </trkpt>
      <trkpt lat="39.236466" lon="-1.095626">
        <ele>397.5</ele>
      </trkpt>
      <trkpt lat="39.236321" lon="-1.095636">
        <ele>397.5</ele>
      </trkpt>
      <trkpt lat="39.236175" lon="-1.095626">
        <ele>397.25</ele>
      </trkpt>
      <trkpt lat="39.236127" lon="-1.095604">
        <ele>397</ele>
      </trkpt>
      <trkpt lat="39.236099" lon="-1.095575">
        <ele>396.75</ele>
      </trkpt>
      <trkpt lat="39.236053" lon="-1.095393">
        <ele>395.25</ele>
      </trkpt>
      <trkpt lat="39.236028" lon="-1.09521">
        <ele>394</ele>
      </trkpt>
      <trkpt lat="39.236003" lon="-1.095119">
        <ele>393.5</ele>
      </trkpt>
      <trkpt lat="39.23593" lon="-1.094988">
        <ele>393</ele>
      </trkpt>
      <trkpt lat="39.235764" lon="-1.094789">
        <ele>391.5</ele>
      </trkpt>
      <trkpt lat="39.235727" lon="-1.09473">
        <ele>390.75</ele>
      </trkpt>
      <trkpt lat="39.235708" lon="-1.094674">
        <ele>390.25</ele>
      </trkpt>
      <trkpt lat="39.235679" lon="-1.09454">
        <ele>389</ele>
      </trkpt>
      <trkpt lat="39.235625" lon="-1.094159">
        <ele>385.75</ele>
      </trkpt>
      <trkpt lat="39.235592" lon="-1.094075">
        <ele>385</ele>
      </trkpt>
      <trkpt lat="39.235518" lon="-1.093995">
        <ele>384.25</ele>
      </trkpt>
      <trkpt lat="39.235438" lon="-1.093958">
        <ele>384</ele>
      </trkpt>
      <trkpt lat="39.235286" lon="-1.093943">
        <ele>384.25</ele>
      </trkpt>
      <trkpt lat="39.235126" lon="-1.09395">
        <ele>384.5</ele>
      </trkpt>
      <trkpt lat="39.234933" lon="-1.093947">
        <ele>385.25</ele>
      </trkpt>
      <trkpt lat="39.23488" lon="-1.093918">
        <ele>385.5</ele>
      </trkpt>
      <trkpt lat="39.234843" lon="-1.093887">
        <ele>385.5</ele>
      </trkpt>
      <trkpt lat="39.234811" lon="-1.093845">
        <ele>385.5</ele>
      </trkpt>
      <trkpt lat="39.23473" lon="-1.093711">
        <ele>385.5</ele>
      </trkpt>
      <trkpt lat="39.234652" lon="-1.093649">
        <ele>386</ele>
      </trkpt>
      <trkpt lat="39.234469" lon="-1.093547">
        <ele>387</ele>
      </trkpt>
      <trkpt lat="39.234409" lon="-1.09347">
        <ele>387.25</ele>
      </trkpt>
      <trkpt lat="39.234392" lon="-1.093423">
        <ele>387.25</ele>
      </trkpt>
      <trkpt lat="39.234383" lon="-1.093358">
        <ele>387</ele>
      </trkpt>
      <trkpt lat="39.23439" lon="-1.093309">
        <ele>387</ele>
      </trkpt>
      <trkpt lat="39.234429" lon="-1.093232">
        <ele>387.5</ele>
      </trkpt>
      <trkpt lat="39.234462" lon="-1.093201">
        <ele>387.25</ele>
      </trkpt>
      <trkpt lat="39.234566" lon="-1.09314">
        <ele>386.75</ele>
      </trkpt>
      <trkpt lat="39.234653" lon="-1.09307">
        <ele>386.5</ele>
      </trkpt>
      <trkpt lat="39.234728" lon="-1.092992">
        <ele>386.25</ele>
      </trkpt>
      <trkpt lat="39.234767" lon="-1.092938">
        <ele>386.25</ele>
      </trkpt>
      <trkpt lat="39.234798" lon="-1.092879">
        <ele>386.25</ele>
      </trkpt>
      <trkpt lat="39.234815" lon="-1.092826">
        <ele>386.25</ele>
      </trkpt>
      <trkpt lat="39.234825" lon="-1.092702">
        <ele>387.25</ele>
      </trkpt>
      <trkpt lat="39.234823" lon="-1.092628">
        <ele>387.75</ele>
      </trkpt>
      <trkpt lat="39.234804" lon="-1.092503">
        <ele>389</ele>
      </trkpt>
      <trkpt lat="39.234791" lon="-1.092457">
        <ele>389.25</ele>
      </trkpt>
      <trkpt lat="39.234754" lon="-1.092377">
        <ele>389.75</ele>
      </trkpt>
      <trkpt lat="39.234719" lon="-1.092345">
        <ele>390.25</ele>
      </trkpt>
      <trkpt lat="39.234686" lon="-1.092329">
        <ele>390.75</ele>
      </trkpt>
      <trkpt lat="39.234345" lon="-1.09222">
        <ele>396</ele>
      </trkpt>
      <trkpt lat="39.23406" lon="-1.092111">
        <ele>399.75</ele>
      </trkpt>
      <trkpt lat="39.23393" lon="-1.092041">
        <ele>401.5</ele>
      </trkpt>
      <trkpt lat="39.233824" lon="-1.091973">
        <ele>403</ele>
      </trkpt>
      <trkpt lat="39.233722" lon="-1.091879">
        <ele>404.25</ele>
      </trkpt>
      <trkpt lat="39.233557" lon="-1.09175">
        <ele>406.5</ele>
      </trkpt>
      <trkpt lat="39.23342" lon="-1.091672">
        <ele>408.5</ele>
      </trkpt>
      <trkpt lat="39.23318" lon="-1.091582">
        <ele>412.25</ele>
      </trkpt>
      <trkpt lat="39.232845" lon="-1.091419">
        <ele>417.25</ele>
      </trkpt>
      <trkpt lat="39.232562" lon="-1.091318">
        <ele>421</ele>
      </trkpt>
      <trkpt lat="39.23251" lon="-1.091308">
        <ele>421.5</ele>
      </trkpt>
      <trkpt lat="39.232467" lon="-1.091312">
        <ele>421.75</ele>
      </trkpt>
      <trkpt lat="39.232421" lon="-1.091321">
        <ele>421.75</ele>
      </trkpt>
      <trkpt lat="39.232344" lon="-1.091358">
        <ele>422</ele>
      </trkpt>
      <trkpt lat="39.232188" lon="-1.091452">
        <ele>422.25</ele>
      </trkpt>
      <trkpt lat="39.23211" lon="-1.091487">
        <ele>422.5</ele>
      </trkpt>
      <trkpt lat="39.232046" lon="-1.091486">
        <ele>422.75</ele>
      </trkpt>
      <trkpt lat="39.231915" lon="-1.091458">
        <ele>423</ele>
      </trkpt>
      <trkpt lat="39.231771" lon="-1.091392">
        <ele>423</ele>
      </trkpt>
      <trkpt lat="39.231649" lon="-1.091359">
        <ele>423</ele>
      </trkpt>
      <trkpt lat="39.231539" lon="-1.09138">
        <ele>423</ele>
      </trkpt>
      <trkpt lat="39.2315" lon="-1.091396">
        <ele>423</ele>
      </trkpt>
      <trkpt lat="39.231454" lon="-1.091443">
        <ele>423.25</ele>
      </trkpt>
      <trkpt lat="39.231434" lon="-1.091479">
        <ele>423.25</ele>
      </trkpt>
      <trkpt lat="39.231392" lon="-1.091556">
        <ele>423.5</ele>
      </trkpt>
      <trkpt lat="39.231362" lon="-1.091672">
        <ele>423.75</ele>
      </trkpt>
      <trkpt lat="39.23132" lon="-1.091794">
        <ele>424.25</ele>
      </trkpt>
      <trkpt lat="39.231289" lon="-1.091863">
        <ele>424.5</ele>
      </trkpt>
      <trkpt lat="39.231177" lon="-1.092035">
        <ele>424.75</ele>
      </trkpt>
      <trkpt lat="39.231115" lon="-1.092096">
        <ele>424.75</ele>
      </trkpt>
      <trkpt lat="39.230986" lon="-1.092195">
        <ele>424.5</ele>
      </trkpt>
      <trkpt lat="39.230847" lon="-1.092258">
        <ele>424</ele>
      </trkpt>
      <trkpt lat="39.230718" lon="-1.092289">
        <ele>424.5</ele>
      </trkpt>
      <trkpt lat="39.230631" lon="-1.092314">
        <ele>424.75</ele>
      </trkpt>
      <trkpt lat="39.230517" lon="-1.092332">
        <ele>425</ele>
      </trkpt>
      <trkpt lat="39.230461" lon="-1.092336">
        <ele>425</ele>
      </trkpt>
      <trkpt lat="39.230433" lon="-1.092328">
        <ele>425.25</ele>
      </trkpt>
      <trkpt lat="39.230411" lon="-1.092312">
        <ele>425.25</ele>
      </trkpt>
      <trkpt lat="39.23039" lon="-1.092296">
        <ele>425.25</ele>
      </trkpt>
      <trkpt lat="39.230389" lon="-1.092166">
        <ele>425</ele>
      </trkpt>
      <trkpt lat="39.230375" lon="-1.09199">
        <ele>425</ele>
      </trkpt>
      <trkpt lat="39.230348" lon="-1.091803">
        <ele>425</ele>
      </trkpt>
      <trkpt lat="39.230316" lon="-1.091633">
        <ele>425</ele>
      </trkpt>
      <trkpt lat="39.230255" lon="-1.091419">
        <ele>425</ele>
      </trkpt>
      <trkpt lat="39.230205" lon="-1.09129">
        <ele>425.25</ele>
      </trkpt>
      <trkpt lat="39.230144" lon="-1.091345">
        <ele>425.5</ele>
      </trkpt>
      <trkpt lat="39.230136" lon="-1.091415">
        <ele>425.75</ele>
      </trkpt>
      <trkpt lat="39.230161" lon="-1.092128">
        <ele>425.75</ele>
      </trkpt>
      <trkpt lat="39.230148" lon="-1.09223">
        <ele>425.75</ele>
      </trkpt>
      <trkpt lat="39.23012" lon="-1.092311">
        <ele>425.75</ele>
      </trkpt>
      <trkpt lat="39.230082" lon="-1.092359">
        <ele>426</ele>
      </trkpt>
      <trkpt lat="39.230028" lon="-1.092407">
        <ele>426</ele>
      </trkpt>
      <trkpt lat="39.229949" lon="-1.092461">
        <ele>426.25</ele>
      </trkpt>
      <trkpt lat="39.229841" lon="-1.092505">
        <ele>426.75</ele>
      </trkpt>
      <trkpt lat="39.22972" lon="-1.092537">
        <ele>427.25</ele>
      </trkpt>
      <trkpt lat="39.229679" lon="-1.092564">
        <ele>427.25</ele>
      </trkpt>
      <trkpt lat="39.229502" lon="-1.092717">
        <ele>427.5</ele>
      </trkpt>
      <trkpt lat="39.229463" lon="-1.092736">
        <ele>427.5</ele>
      </trkpt>
      <trkpt lat="39.229415" lon="-1.092752">
        <ele>427.5</ele>
      </trkpt>
      <trkpt lat="39.228684" lon="-1.092827">
        <ele>429.75</ele>
      </trkpt>
      <trkpt lat="39.228455" lon="-1.092851">
        <ele>430.75</ele>
      </trkpt>
      <trkpt lat="39.228154" lon="-1.092918">
        <ele>431.5</ele>
      </trkpt>
      <trkpt lat="39.228077" lon="-1.092945">
        <ele>431.5</ele>
      </trkpt>
      <trkpt lat="39.227994" lon="-1.092996">
        <ele>431.5</ele>
      </trkpt>
      <trkpt lat="39.227955" lon="-1.093031">
        <ele>431.5</ele>
      </trkpt>
      <trkpt lat="39.227927" lon="-1.093038">
        <ele>431.5</ele>
      </trkpt>
      <trkpt lat="39.227869" lon="-1.093047">
        <ele>431.5</ele>
      </trkpt>
      <trkpt lat="39.227844" lon="-1.093042">
        <ele>431.5</ele>
      </trkpt>
      <trkpt lat="39.227733" lon="-1.092995">
        <ele>431.5</ele>
      </trkpt>
      <trkpt lat="39.227662" lon="-1.092973">
        <ele>431.5</ele>
      </trkpt>
      <trkpt lat="39.227446" lon="-1.092928">
        <ele>431.5</ele>
      </trkpt>
      <trkpt lat="39.227292" lon="-1.092855">
        <ele>432</ele>
      </trkpt>
      <trkpt lat="39.227228" lon="-1.09281">
        <ele>432.25</ele>
      </trkpt>
      <trkpt lat="39.227105" lon="-1.092716">
        <ele>432.5</ele>
      </trkpt>
      <trkpt lat="39.22691" lon="-1.092606">
        <ele>433.25</ele>
      </trkpt>
      <trkpt lat="39.226852" lon="-1.092584">
        <ele>433.25</ele>
      </trkpt>
      <trkpt lat="39.226779" lon="-1.092576">
        <ele>433.5</ele>
      </trkpt>
      <trkpt lat="39.226484" lon="-1.092638">
        <ele>435</ele>
      </trkpt>
      <trkpt lat="39.226403" lon="-1.092641">
        <ele>435.5</ele>
      </trkpt>
      <trkpt lat="39.226099" lon="-1.092589">
        <ele>437.25</ele>
      </trkpt>
      <trkpt lat="39.225853" lon="-1.092568">
        <ele>438.75</ele>
      </trkpt>
      <trkpt lat="39.225578" lon="-1.092568">
        <ele>439</ele>
      </trkpt>
      <trkpt lat="39.225516" lon="-1.092547">
        <ele>439.25</ele>
      </trkpt>
      <trkpt lat="39.225447" lon="-1.092552">
        <ele>439.25</ele>
      </trkpt>
      <trkpt lat="39.225397" lon="-1.092576">
        <ele>439.25</ele>
      </trkpt>
      <trkpt lat="39.225342" lon="-1.092624">
        <ele>439</ele>
      </trkpt>
      <trkpt lat="39.225155" lon="-1.09419">
        <ele>439.75</ele>
      </trkpt>
      <trkpt lat="39.225135" lon="-1.09439">
        <ele>441.5</ele>
      </trkpt>
      <trkpt lat="39.225116" lon="-1.094521">
        <ele>442.5</ele>
      </trkpt>
      <trkpt lat="39.225095" lon="-1.094607">
        <ele>443.25</ele>
      </trkpt>
      <trkpt lat="39.225064" lon="-1.094674">
        <ele>444</ele>
      </trkpt>
      <trkpt lat="39.225022" lon="-1.094726">
        <ele>444.5</ele>
      </trkpt>
      <trkpt lat="39.224844" lon="-1.094893">
        <ele>446</ele>
      </trkpt>
      <trkpt lat="39.2242" lon="-1.094862">
        <ele>445.25</ele>
      </trkpt>
      <trkpt lat="39.224002" lon="-1.094872">
        <ele>447</ele>
      </trkpt>
      <trkpt lat="39.223823" lon="-1.094888">
        <ele>449</ele>
      </trkpt>
      <trkpt lat="39.222914" lon="-1.095006">
        <ele>452.5</ele>
      </trkpt>
      <trkpt lat="39.222822" lon="-1.095028">
        <ele>452</ele>
      </trkpt>
      <trkpt lat="39.222766" lon="-1.095063">
        <ele>452</ele>
      </trkpt>
      <trkpt lat="39.222569" lon="-1.095248">
        <ele>453.25</ele>
      </trkpt>
      <trkpt lat="39.222199" lon="-1.09557">
        <ele>457.5</ele>
      </trkpt>
      <trkpt lat="39.222103" lon="-1.095629">
        <ele>458.25</ele>
      </trkpt>
      <trkpt lat="39.22205" lon="-1.095646">
        <ele>458.5</ele>
      </trkpt>
      <trkpt lat="39.221972" lon="-1.095647">
        <ele>458.5</ele>
      </trkpt>
      <trkpt lat="39.221901" lon="-1.095628">
        <ele>458.25</ele>
      </trkpt>
      <trkpt lat="39.221815" lon="-1.095594">
        <ele>457.5</ele>
      </trkpt>
      <trkpt lat="39.221643" lon="-1.0955">
        <ele>456.25</ele>
      </trkpt>
      <trkpt lat="39.221095" lon="-1.095175">
        <ele>456</ele>
      </trkpt>
      <trkpt lat="39.221016" lon="-1.095141">
        <ele>456</ele>
      </trkpt>
      <trkpt lat="39.220942" lon="-1.095127">
        <ele>456.25</ele>
      </trkpt>
      <trkpt lat="39.220746" lon="-1.095114">
        <ele>457</ele>
      </trkpt>
      <trkpt lat="39.220634" lon="-1.095114">
        <ele>457.5</ele>
      </trkpt>
      <trkpt lat="39.220501" lon="-1.095119">
        <ele>458.25</ele>
      </trkpt>
      <trkpt lat="39.220256" lon="-1.095154">
        <ele>460</ele>
      </trkpt>
      <trkpt lat="39.220175" lon="-1.095146">
        <ele>460.25</ele>
      </trkpt>
      <trkpt lat="39.220098" lon="-1.095132">
        <ele>460.25</ele>
      </trkpt>
      <trkpt lat="39.220036" lon="-1.095106">
        <ele>460</ele>
      </trkpt>
      <trkpt lat="39.219978" lon="-1.095071">
        <ele>459.5</ele>
      </trkpt>
      <trkpt lat="39.219799" lon="-1.094939">
        <ele>456.5</ele>
      </trkpt>
      <trkpt lat="39.21968" lon="-1.094902">
        <ele>455.75</ele>
      </trkpt>
      <trkpt lat="39.219543" lon="-1.09491">
        <ele>455.75</ele>
      </trkpt>
      <trkpt lat="39.219464" lon="-1.094926">
        <ele>456</ele>
      </trkpt>
      <trkpt lat="39.219142" lon="-1.094964">
        <ele>456</ele>
      </trkpt>
      <trkpt lat="39.218963" lon="-1.094998">
        <ele>455</ele>
      </trkpt>
      <trkpt lat="39.218882" lon="-1.09503">
        <ele>454.75</ele>
      </trkpt>
      <trkpt lat="39.218784" lon="-1.095101">
        <ele>455.25</ele>
      </trkpt>
      <trkpt lat="39.218725" lon="-1.095149">
        <ele>455.5</ele>
      </trkpt>
      <trkpt lat="39.218579" lon="-1.095248">
        <ele>456.25</ele>
      </trkpt>
      <trkpt lat="39.218529" lon="-1.095261">
        <ele>456</ele>
      </trkpt>
      <trkpt lat="39.218483" lon="-1.095261">
        <ele>455.5</ele>
      </trkpt>
      <trkpt lat="39.218423" lon="-1.095248">
        <ele>454.75</ele>
      </trkpt>
      <trkpt lat="39.218265" lon="-1.095183">
        <ele>451.75</ele>
      </trkpt>
      <trkpt lat="39.218172" lon="-1.095154">
        <ele>450</ele>
      </trkpt>
      <trkpt lat="39.218088" lon="-1.095162">
        <ele>449.25</ele>
      </trkpt>
      <trkpt lat="39.218033" lon="-1.095205">
        <ele>449.5</ele>
      </trkpt>
      <trkpt lat="39.217981" lon="-1.095264">
        <ele>449.75</ele>
      </trkpt>
      <trkpt lat="39.217938" lon="-1.095334">
        <ele>450.5</ele>
      </trkpt>
      <trkpt lat="39.217887" lon="-1.095401">
        <ele>451</ele>
      </trkpt>
      <trkpt lat="39.217835" lon="-1.095446">
        <ele>451</ele>
      </trkpt>
      <trkpt lat="39.217766" lon="-1.095479">
        <ele>450.5</ele>
      </trkpt>
      <trkpt lat="39.217517" lon="-1.095548">
        <ele>448</ele>
      </trkpt>
      <trkpt lat="39.217488" lon="-1.095566">
        <ele>448</ele>
      </trkpt>
      <trkpt lat="39.217467" lon="-1.095588">
        <ele>448.25</ele>
      </trkpt>
      <trkpt lat="39.217401" lon="-1.095701">
        <ele>449.75</ele>
      </trkpt>
      <trkpt lat="39.217363" lon="-1.095754">
        <ele>450.5</ele>
      </trkpt>
      <trkpt lat="39.217199" lon="-1.095964">
        <ele>454.5</ele>
      </trkpt>
      <trkpt lat="39.217169" lon="-1.095991">
        <ele>455.25</ele>
      </trkpt>
      <trkpt lat="39.217121" lon="-1.096012">
        <ele>455.5</ele>
      </trkpt>
      <trkpt lat="39.217098" lon="-1.096012">
        <ele>455.5</ele>
      </trkpt>
      <trkpt lat="39.216817" lon="-1.09591">
        <ele>452.75</ele>
      </trkpt>
      <trkpt lat="39.216721" lon="-1.095867">
        <ele>451.75</ele>
      </trkpt>
      <trkpt lat="39.216657" lon="-1.095827">
        <ele>450.75</ele>
      </trkpt>
      <trkpt lat="39.216626" lon="-1.095787">
        <ele>450</ele>
      </trkpt>
      <trkpt lat="39.216565" lon="-1.09565">
        <ele>446.75</ele>
      </trkpt>
      <trkpt lat="39.216513" lon="-1.095434">
        <ele>441.5</ele>
      </trkpt>
      <trkpt lat="39.21648" lon="-1.095352">
        <ele>439.75</ele>
      </trkpt>
      <trkpt lat="39.216451" lon="-1.095299">
        <ele>438.5</ele>
      </trkpt>
      <trkpt lat="39.216418" lon="-1.095261">
        <ele>438</ele>
      </trkpt>
      <trkpt lat="39.216366" lon="-1.095224">
        <ele>437.75</ele>
      </trkpt>
      <trkpt lat="39.216318" lon="-1.095202">
        <ele>437.75</ele>
      </trkpt>
      <trkpt lat="39.216258" lon="-1.095194">
        <ele>438.25</ele>
      </trkpt>
      <trkpt lat="39.216158" lon="-1.095207">
        <ele>439.75</ele>
      </trkpt>
      <trkpt lat="39.21601" lon="-1.095241">
        <ele>442.25</ele>
      </trkpt>
      <trkpt lat="39.215917" lon="-1.095259">
        <ele>443.75</ele>
      </trkpt>
      <trkpt lat="39.215607" lon="-1.095347">
        <ele>447.5</ele>
      </trkpt>
      <trkpt lat="39.215452" lon="-1.095334">
        <ele>447.75</ele>
      </trkpt>
      <trkpt lat="39.215393" lon="-1.095315">
        <ele>447.5</ele>
      </trkpt>
      <trkpt lat="39.215328" lon="-1.095278">
        <ele>446.75</ele>
      </trkpt>
      <trkpt lat="39.215283" lon="-1.09524">
        <ele>445.75</ele>
      </trkpt>
      <trkpt lat="39.215219" lon="-1.095178">
        <ele>444</ele>
      </trkpt>
      <trkpt lat="39.215112" lon="-1.095055">
        <ele>440.5</ele>
      </trkpt>
      <trkpt lat="39.215013" lon="-1.09498">
        <ele>438.25</ele>
      </trkpt>
      <trkpt lat="39.214953" lon="-1.094942">
        <ele>437</ele>
      </trkpt>
      <trkpt lat="39.214797" lon="-1.094867">
        <ele>434.25</ele>
      </trkpt>
      <trkpt lat="39.214569" lon="-1.094725">
        <ele>429.5</ele>
      </trkpt>
      <trkpt lat="39.214521" lon="-1.094701">
        <ele>428.75</ele>
      </trkpt>
      <trkpt lat="39.214421" lon="-1.094674">
        <ele>427.75</ele>
      </trkpt>
      <trkpt lat="39.214265" lon="-1.094671">
        <ele>427.25</ele>
      </trkpt>
      <trkpt lat="39.214188" lon="-1.094679">
        <ele>427.25</ele>
      </trkpt>
      <trkpt lat="39.214113" lon="-1.094674">
        <ele>426.5</ele>
      </trkpt>
      <trkpt lat="39.213962" lon="-1.094636">
        <ele>424</ele>
      </trkpt>
      <trkpt lat="39.213806" lon="-1.094583">
        <ele>421.75</ele>
      </trkpt>
      <trkpt lat="39.213727" lon="-1.094577">
        <ele>420.75</ele>
      </trkpt>
      <trkpt lat="39.213666" lon="-1.094583">
        <ele>420.25</ele>
      </trkpt>
      <trkpt lat="39.213591" lon="-1.094604">
        <ele>420</ele>
      </trkpt>
      <trkpt lat="39.213218" lon="-1.094778">
        <ele>416.75</ele>
      </trkpt>
      <trkpt lat="39.213145" lon="-1.094797">
        <ele>415.75</ele>
      </trkpt>
      <trkpt lat="39.213068" lon="-1.094797">
        <ele>414.75</ele>
      </trkpt>
      <trkpt lat="39.212991" lon="-1.094776">
        <ele>413.5</ele>
      </trkpt>
      <trkpt lat="39.212941" lon="-1.094744">
        <ele>412.75</ele>
      </trkpt>
      <trkpt lat="39.212839" lon="-1.09462">
        <ele>411.75</ele>
      </trkpt>
      <trkpt lat="39.212802" lon="-1.094561">
        <ele>411.25</ele>
      </trkpt>
      <trkpt lat="39.212754" lon="-1.094502">
        <ele>411</ele>
      </trkpt>
      <trkpt lat="39.212652" lon="-1.094314">
        <ele>411</ele>
      </trkpt>
      <trkpt lat="39.21261" lon="-1.094173">
        <ele>411.25</ele>
      </trkpt>
      <trkpt lat="39.212567" lon="-1.094054">
        <ele>409.75</ele>
      </trkpt>
      <trkpt lat="39.21254" lon="-1.093923">
        <ele>408.25</ele>
      </trkpt>
      <trkpt lat="39.212528" lon="-1.093807">
        <ele>407</ele>
      </trkpt>
      <trkpt lat="39.212492" lon="-1.093386">
        <ele>402.5</ele>
      </trkpt>
      <trkpt lat="39.212536" lon="-1.092963">
        <ele>394.25</ele>
      </trkpt>
      <trkpt lat="39.212538" lon="-1.092898">
        <ele>393</ele>
      </trkpt>
      <trkpt lat="39.212526" lon="-1.092837">
        <ele>392</ele>
      </trkpt>
      <trkpt lat="39.212501" lon="-1.092788">
        <ele>391.5</ele>
      </trkpt>
      <trkpt lat="39.212471" lon="-1.092756">
        <ele>390.75</ele>
      </trkpt>
      <trkpt lat="39.212432" lon="-1.092727">
        <ele>390.25</ele>
      </trkpt>
      <trkpt lat="39.212326" lon="-1.09267">
        <ele>389.25</ele>
      </trkpt>
      <trkpt lat="39.21226" lon="-1.092643">
        <ele>388.75</ele>
      </trkpt>
      <trkpt lat="39.212008" lon="-1.092592">
        <ele>388.25</ele>
      </trkpt>
      <trkpt lat="39.211883" lon="-1.092525">
        <ele>387.75</ele>
      </trkpt>
      <trkpt lat="39.211763" lon="-1.09241">
        <ele>386</ele>
      </trkpt>
      <trkpt lat="39.211701" lon="-1.092375">
        <ele>385.5</ele>
      </trkpt>
      <trkpt lat="39.211648" lon="-1.092362">
        <ele>385.25</ele>
      </trkpt>
      <trkpt lat="39.211594" lon="-1.092376">
        <ele>385.5</ele>
      </trkpt>
      <trkpt lat="39.211468" lon="-1.092458">
        <ele>386.25</ele>
      </trkpt>
      <trkpt lat="39.211333" lon="-1.092528">
        <ele>386.5</ele>
      </trkpt>
      <trkpt lat="39.211265" lon="-1.092537">
        <ele>386</ele>
      </trkpt>
      <trkpt lat="39.2112" lon="-1.092536">
        <ele>385.75</ele>
      </trkpt>
      <trkpt lat="39.211133" lon="-1.092525">
        <ele>385.25</ele>
      </trkpt>
      <trkpt lat="39.211065" lon="-1.092504">
        <ele>385</ele>
      </trkpt>
      <trkpt lat="39.210957" lon="-1.092491">
        <ele>384.5</ele>
      </trkpt>
      <trkpt lat="39.210855" lon="-1.09249">
        <ele>384</ele>
      </trkpt>
      <trkpt lat="39.210732" lon="-1.09252">
        <ele>382.75</ele>
      </trkpt>
      <trkpt lat="39.210597" lon="-1.092528">
        <ele>381</ele>
      </trkpt>
      <trkpt lat="39.210501" lon="-1.092552">
        <ele>379.75</ele>
      </trkpt>
      <trkpt lat="39.210173" lon="-1.092678">
        <ele>376</ele>
      </trkpt>
      <trkpt lat="39.210015" lon="-1.092681">
        <ele>374.25</ele>
      </trkpt>
      <trkpt lat="39.209938" lon="-1.092657">
        <ele>373.5</ele>
      </trkpt>
      <trkpt lat="39.209874" lon="-1.092616">
        <ele>373</ele>
      </trkpt>
      <trkpt lat="39.20982" lon="-1.092563">
        <ele>372.5</ele>
      </trkpt>
      <trkpt lat="39.209762" lon="-1.092493">
        <ele>371.75</ele>
      </trkpt>
      <trkpt lat="39.209676" lon="-1.092322">
        <ele>371</ele>
      </trkpt>
      <trkpt lat="39.209608" lon="-1.092072">
        <ele>370.25</ele>
      </trkpt>
      <trkpt lat="39.209464" lon="-1.091625">
        <ele>368.5</ele>
      </trkpt>
      <trkpt lat="39.209431" lon="-1.091496">
        <ele>367.5</ele>
      </trkpt>
      <trkpt lat="39.209429" lon="-1.091391">
        <ele>366.75</ele>
      </trkpt>
      <trkpt lat="39.209448" lon="-1.091104">
        <ele>365.25</ele>
      </trkpt>
      <trkpt lat="39.209451" lon="-1.090957">
        <ele>364.25</ele>
      </trkpt>
      <trkpt lat="39.209473" lon="-1.090817">
        <ele>363.5</ele>
      </trkpt>
      <trkpt lat="39.209491" lon="-1.090522">
        <ele>360</ele>
      </trkpt>
      <trkpt lat="39.209516" lon="-1.090251">
        <ele>356.75</ele>
      </trkpt>
      <trkpt lat="39.209615" lon="-1.089015">
        <ele>359.25</ele>
      </trkpt>
      <trkpt lat="39.209618" lon="-1.088931">
        <ele>360</ele>
      </trkpt>
      <trkpt lat="39.20961" lon="-1.088867">
        <ele>360.75</ele>
      </trkpt>
      <trkpt lat="39.209599" lon="-1.088813">
        <ele>361.25</ele>
      </trkpt>
      <trkpt lat="39.209568" lon="-1.088741">
        <ele>361.5</ele>
      </trkpt>
      <trkpt lat="39.209284" lon="-1.088266">
        <ele>361.5</ele>
      </trkpt>
      <trkpt lat="39.209217" lon="-1.088129">
        <ele>363</ele>
      </trkpt>
      <trkpt lat="39.209113" lon="-1.087931">
        <ele>364.75</ele>
      </trkpt>
      <trkpt lat="39.209069" lon="-1.087861">
        <ele>365</ele>
      </trkpt>
      <trkpt lat="39.208965" lon="-1.087654">
        <ele>366</ele>
      </trkpt>
      <trkpt lat="39.208903" lon="-1.087518">
        <ele>366.25</ele>
      </trkpt>
      <trkpt lat="39.208787" lon="-1.087139">
        <ele>368.5</ele>
      </trkpt>
      <trkpt lat="39.208714" lon="-1.086987">
        <ele>368.25</ele>
      </trkpt>
      <trkpt lat="39.208647" lon="-1.086866">
        <ele>367.5</ele>
      </trkpt>
      <trkpt lat="39.208614" lon="-1.086716">
        <ele>368</ele>
      </trkpt>
      <trkpt lat="39.208577" lon="-1.086461">
        <ele>367.25</ele>
      </trkpt>
      <trkpt lat="39.208575" lon="-1.086378">
        <ele>367</ele>
      </trkpt>
      <trkpt lat="39.208611" lon="-1.086089">
        <ele>368.25</ele>
      </trkpt>
      <trkpt lat="39.208631" lon="-1.085852">
        <ele>369</ele>
      </trkpt>
      <trkpt lat="39.208635" lon="-1.085755">
        <ele>369.25</ele>
      </trkpt>
      <trkpt lat="39.208629" lon="-1.085589">
        <ele>369</ele>
      </trkpt>
      <trkpt lat="39.208604" lon="-1.08549">
        <ele>368</ele>
      </trkpt>
      <trkpt lat="39.208564" lon="-1.08538">
        <ele>366.5</ele>
      </trkpt>
      <trkpt lat="39.208444" lon="-1.085085">
        <ele>362.5</ele>
      </trkpt>
      <trkpt lat="39.208402" lon="-1.085002">
        <ele>361.25</ele>
      </trkpt>
      <trkpt lat="39.20828" lon="-1.084803">
        <ele>359.75</ele>
      </trkpt>
      <trkpt lat="39.20824" lon="-1.084715">
        <ele>360</ele>
      </trkpt>
      <trkpt lat="39.208219" lon="-1.084648">
        <ele>360.25</ele>
      </trkpt>
      <trkpt lat="39.208204" lon="-1.084573">
        <ele>360.75</ele>
      </trkpt>
      <trkpt lat="39.208174" lon="-1.084371">
        <ele>361.75</ele>
      </trkpt>
      <trkpt lat="39.208142" lon="-1.084296">
        <ele>362</ele>
      </trkpt>
      <trkpt lat="39.208109" lon="-1.084248">
        <ele>362.25</ele>
      </trkpt>
      <trkpt lat="39.208076" lon="-1.084216">
        <ele>362</ele>
      </trkpt>
      <trkpt lat="39.207968" lon="-1.084176">
        <ele>361.25</ele>
      </trkpt>
      <trkpt lat="39.207903" lon="-1.084162">
        <ele>361</ele>
      </trkpt>
      <trkpt lat="39.20748" lon="-1.084114">
        <ele>358.5</ele>
      </trkpt>
      <trkpt lat="39.207278" lon="-1.084066">
        <ele>358.5</ele>
      </trkpt>
      <trkpt lat="39.207124" lon="-1.084004">
        <ele>359</ele>
      </trkpt>
      <trkpt lat="39.206858" lon="-1.083878">
        <ele>359.75</ele>
      </trkpt>
      <trkpt lat="39.206804" lon="-1.083846">
        <ele>359.75</ele>
      </trkpt>
      <trkpt lat="39.206505" lon="-1.083712">
        <ele>359.75</ele>
      </trkpt>
      <trkpt lat="39.206447" lon="-1.083671">
        <ele>360</ele>
      </trkpt>
      <trkpt lat="39.206218" lon="-1.083484">
        <ele>360.25</ele>
      </trkpt>
      <trkpt lat="39.206145" lon="-1.083433">
        <ele>360</ele>
      </trkpt>
      <trkpt lat="39.205732" lon="-1.083181">
        <ele>359.75</ele>
      </trkpt>
      <trkpt lat="39.205572" lon="-1.083052">
        <ele>361.25</ele>
      </trkpt>
      <trkpt lat="39.205416" lon="-1.082945">
        <ele>362.25</ele>
      </trkpt>
      <trkpt lat="39.205206" lon="-1.082835">
        <ele>362.75</ele>
      </trkpt>
      <trkpt lat="39.204952" lon="-1.082754">
        <ele>361.75</ele>
      </trkpt>
      <trkpt lat="39.204786" lon="-1.082679">
        <ele>361</ele>
      </trkpt>
      <trkpt lat="39.204719" lon="-1.082639">
        <ele>360.75</ele>
      </trkpt>
      <trkpt lat="39.204553" lon="-1.082513">
        <ele>360.25</ele>
      </trkpt>
      <trkpt lat="39.204414" lon="-1.082379">
        <ele>361.75</ele>
      </trkpt>
      <trkpt lat="39.204329" lon="-1.082309">
        <ele>362.25</ele>
      </trkpt>
      <trkpt lat="39.204065" lon="-1.082118">
        <ele>362.75</ele>
      </trkpt>
      <trkpt lat="39.203784" lon="-1.081882">
        <ele>362.75</ele>
      </trkpt>
      <trkpt lat="39.203647" lon="-1.081778">
        <ele>362</ele>
      </trkpt>
      <trkpt lat="39.203447" lon="-1.081571">
        <ele>362.25</ele>
      </trkpt>
      <trkpt lat="39.203314" lon="-1.081472">
        <ele>362.75</ele>
      </trkpt>
      <trkpt lat="39.203127" lon="-1.081397">
        <ele>364.25</ele>
      </trkpt>
      <trkpt lat="39.202818" lon="-1.081319">
        <ele>365.25</ele>
      </trkpt>
      <trkpt lat="39.202662" lon="-1.081292">
        <ele>365.25</ele>
      </trkpt>
      <trkpt lat="39.202435" lon="-1.081279">
        <ele>364.75</ele>
      </trkpt>
      <trkpt lat="39.202136" lon="-1.081279">
        <ele>363.75</ele>
      </trkpt>
      <trkpt lat="39.201826" lon="-1.0813">
        <ele>362.25</ele>
      </trkpt>
      <trkpt lat="39.20171" lon="-1.081287">
        <ele>362.25</ele>
      </trkpt>
      <trkpt lat="39.201487" lon="-1.081228">
        <ele>362.5</ele>
      </trkpt>
      <trkpt lat="39.20128" lon="-1.081153">
        <ele>362.5</ele>
      </trkpt>
      <trkpt lat="39.201074" lon="-1.081059">
        <ele>362.75</ele>
      </trkpt>
      <trkpt lat="39.20088" lon="-1.080952">
        <ele>363</ele>
      </trkpt>
      <trkpt lat="39.2007" lon="-1.080876">
        <ele>362.75</ele>
      </trkpt>
      <trkpt lat="39.200409" lon="-1.080804">
        <ele>361.75</ele>
      </trkpt>
      <trkpt lat="39.200328" lon="-1.080796">
        <ele>361.25</ele>
      </trkpt>
      <trkpt lat="39.200076" lon="-1.080804">
        <ele>358.5</ele>
      </trkpt>
      <trkpt lat="39.200005" lon="-1.080791">
        <ele>358</ele>
      </trkpt>
      <trkpt lat="39.19992" lon="-1.080761">
        <ele>357.75</ele>
      </trkpt>
      <trkpt lat="39.199847" lon="-1.080721">
        <ele>357.75</ele>
      </trkpt>
      <trkpt lat="39.199791" lon="-1.080681">
        <ele>358</ele>
      </trkpt>
      <trkpt lat="39.199698" lon="-1.080589">
        <ele>358.25</ele>
      </trkpt>
      <trkpt lat="39.199638" lon="-1.080496">
        <ele>359</ele>
      </trkpt>
      <trkpt lat="39.1996" lon="-1.080421">
        <ele>359.5</ele>
      </trkpt>
      <trkpt lat="39.199477" lon="-1.080075">
        <ele>361.25</ele>
      </trkpt>
      <trkpt lat="39.199336" lon="-1.079723">
        <ele>362.5</ele>
      </trkpt>
      <trkpt lat="39.199283" lon="-1.079611">
        <ele>362.5</ele>
      </trkpt>
      <trkpt lat="39.199095" lon="-1.079286">
        <ele>361.75</ele>
      </trkpt>
      <trkpt lat="39.199028" lon="-1.079195">
        <ele>361.75</ele>
      </trkpt>
      <trkpt lat="39.198904" lon="-1.07905">
        <ele>362.25</ele>
      </trkpt>
      <trkpt lat="39.19844" lon="-1.078647">
        <ele>358</ele>
      </trkpt>
      <trkpt lat="39.198083" lon="-1.078276">
        <ele>357.5</ele>
      </trkpt>
      <trkpt lat="39.19802" lon="-1.07836">
        <ele>355.25</ele>
      </trkpt>
      <trkpt lat="39.197783" lon="-1.078672">
        <ele>351.5</ele>
      </trkpt>
      <trkpt lat="39.197713" lon="-1.078731">
        <ele>350.75</ele>
      </trkpt>
      <trkpt lat="39.197627" lon="-1.078831">
        <ele>350.25</ele>
      </trkpt>
      <trkpt lat="39.197591" lon="-1.078886">
        <ele>350</ele>
      </trkpt>
      <trkpt lat="39.197566" lon="-1.078937">
        <ele>350</ele>
      </trkpt>
      <trkpt lat="39.197519" lon="-1.079063">
        <ele>349.75</ele>
      </trkpt>
      <trkpt lat="39.196973" lon="-1.080962">
        <ele>349</ele>
      </trkpt>
      <trkpt lat="39.196857" lon="-1.08139">
        <ele>349.75</ele>
      </trkpt>
      <trkpt lat="39.196744" lon="-1.081799">
        <ele>350.75</ele>
      </trkpt>
      <trkpt lat="39.196724" lon="-1.081844">
        <ele>350.75</ele>
      </trkpt>
      <trkpt lat="39.196687" lon="-1.081881">
        <ele>351</ele>
      </trkpt>
      <trkpt lat="39.196444" lon="-1.081915">
        <ele>352.25</ele>
      </trkpt>
      <trkpt lat="39.19633" lon="-1.081926">
        <ele>353</ele>
      </trkpt>
      <trkpt lat="39.196254" lon="-1.081924">
        <ele>353.5</ele>
      </trkpt>
      <trkpt lat="39.196178" lon="-1.081815">
        <ele>353.75</ele>
      </trkpt>
      <trkpt lat="39.196113" lon="-1.081765">
        <ele>354</ele>
      </trkpt>
      <trkpt lat="39.196097" lon="-1.081752">
        <ele>354</ele>
      </trkpt>
      <trkpt lat="39.195986" lon="-1.081702">
        <ele>354.75</ele>
      </trkpt>
      <trkpt lat="39.195946" lon="-1.081668">
        <ele>355</ele>
      </trkpt>
      <trkpt lat="39.195941" lon="-1.081615">
        <ele>355.5</ele>
      </trkpt>
      <trkpt lat="39.195947" lon="-1.08151">
        <ele>356</ele>
      </trkpt>
      <trkpt lat="39.196061" lon="-1.080991">
        <ele>357.25</ele>
      </trkpt>
      <trkpt lat="39.196091" lon="-1.080806">
        <ele>357.75</ele>
      </trkpt>
      <trkpt lat="39.196098" lon="-1.080693">
        <ele>358.25</ele>
      </trkpt>
      <trkpt lat="39.196103" lon="-1.080233">
        <ele>360.75</ele>
      </trkpt>
      <trkpt lat="39.19611" lon="-1.080142">
        <ele>361</ele>
      </trkpt>
      <trkpt lat="39.196104" lon="-1.080108">
        <ele>361.5</ele>
      </trkpt>
      <trkpt lat="39.196078" lon="-1.080081">
        <ele>362.25</ele>
      </trkpt>
      <trkpt lat="39.19605" lon="-1.080081">
        <ele>363</ele>
      </trkpt>
      <trkpt lat="39.196018" lon="-1.080102">
        <ele>363.5</ele>
      </trkpt>
      <trkpt lat="39.196008" lon="-1.080131">
        <ele>363.5</ele>
      </trkpt>
      <trkpt lat="39.195969" lon="-1.080333">
        <ele>363</ele>
      </trkpt>
      <trkpt lat="39.19593" lon="-1.080453">
        <ele>363</ele>
      </trkpt>
      <trkpt lat="39.1958" lon="-1.080757">
        <ele>364</ele>
      </trkpt>
      <trkpt lat="39.195694" lon="-1.080941">
        <ele>366.5</ele>
      </trkpt>
      <trkpt lat="39.195478" lon="-1.081195">
        <ele>370.75</ele>
      </trkpt>
      <trkpt lat="39.195355" lon="-1.081428">
        <ele>370.25</ele>
      </trkpt>
      <trkpt lat="39.195292" lon="-1.081453">
        <ele>371.5</ele>
      </trkpt>
      <trkpt lat="39.195223" lon="-1.081437">
        <ele>373.5</ele>
      </trkpt>
      <trkpt lat="39.195191" lon="-1.081381">
        <ele>375.75</ele>
      </trkpt>
      <trkpt lat="39.195191" lon="-1.081292">
        <ele>378</ele>
      </trkpt>
      <trkpt lat="39.195376" lon="-1.081134">
        <ele>375.25</ele>
      </trkpt>
      <trkpt lat="39.195532" lon="-1.080901">
        <ele>373.5</ele>
      </trkpt>
      <trkpt lat="39.195559" lon="-1.080812">
        <ele>373.5</ele>
      </trkpt>
      <trkpt lat="39.195567" lon="-1.080731">
        <ele>373.75</ele>
      </trkpt>
      <trkpt lat="39.195565" lon="-1.080654">
        <ele>374.5</ele>
      </trkpt>
      <trkpt lat="39.195555" lon="-1.080584">
        <ele>375.25</ele>
      </trkpt>
      <trkpt lat="39.195515" lon="-1.080479">
        <ele>377.75</ele>
      </trkpt>
      <trkpt lat="39.195358" lon="-1.080185">
        <ele>386</ele>
      </trkpt>
      <trkpt lat="39.195324" lon="-1.080077">
        <ele>388</ele>
      </trkpt>
      <trkpt lat="39.195196" lon="-1.079538">
        <ele>389.5</ele>
      </trkpt>
      <trkpt lat="39.195185" lon="-1.079423">
        <ele>389</ele>
      </trkpt>
      <trkpt lat="39.195195" lon="-1.079138">
        <ele>386</ele>
      </trkpt>
      <trkpt lat="39.195185" lon="-1.07905">
        <ele>384.75</ele>
      </trkpt>
      <trkpt lat="39.195166" lon="-1.078993">
        <ele>384.5</ele>
      </trkpt>
      <trkpt lat="39.19512" lon="-1.078926">
        <ele>384.75</ele>
      </trkpt>
      <trkpt lat="39.19505" lon="-1.078865">
        <ele>386</ele>
      </trkpt>
      <trkpt lat="39.194933" lon="-1.078779">
        <ele>389</ele>
      </trkpt>
      <trkpt lat="39.194815" lon="-1.078715">
        <ele>393.25</ele>
      </trkpt>
      <trkpt lat="39.19474" lon="-1.078653">
        <ele>395</ele>
      </trkpt>
      <trkpt lat="39.194576" lon="-1.078484">
        <ele>398</ele>
      </trkpt>
      <trkpt lat="39.194505" lon="-1.078433">
        <ele>399.75</ele>
      </trkpt>
      <trkpt lat="39.194441" lon="-1.078409">
        <ele>401.75</ele>
      </trkpt>
      <trkpt lat="39.194254" lon="-1.078409">
        <ele>409.5</ele>
      </trkpt>
      <trkpt lat="39.194181" lon="-1.078388">
        <ele>412</ele>
      </trkpt>
      <trkpt lat="39.194125" lon="-1.078347">
        <ele>413.25</ele>
      </trkpt>
      <trkpt lat="39.194085" lon="-1.078291">
        <ele>413.25</ele>
      </trkpt>
      <trkpt lat="39.194029" lon="-1.078006">
        <ele>407</ele>
      </trkpt>
      <trkpt lat="39.193992" lon="-1.077918">
        <ele>406</ele>
      </trkpt>
      <trkpt lat="39.193938" lon="-1.077854">
        <ele>406.25</ele>
      </trkpt>
      <trkpt lat="39.193888" lon="-1.077821">
        <ele>407.5</ele>
      </trkpt>
      <trkpt lat="39.193821" lon="-1.077805">
        <ele>409.75</ele>
      </trkpt>
      <trkpt lat="39.193674" lon="-1.077803">
        <ele>416</ele>
      </trkpt>
      <trkpt lat="39.193595" lon="-1.077778">
        <ele>418.75</ele>
      </trkpt>
      <trkpt lat="39.193487" lon="-1.07772">
        <ele>421.5</ele>
      </trkpt>
      <trkpt lat="39.193277" lon="-1.07755">
        <ele>424.5</ele>
      </trkpt>
      <trkpt lat="39.193219" lon="-1.077484">
        <ele>424.75</ele>
      </trkpt>
      <trkpt lat="39.193177" lon="-1.077413">
        <ele>425.75</ele>
      </trkpt>
      <trkpt lat="39.193152" lon="-1.07733">
        <ele>426</ele>
      </trkpt>
      <trkpt lat="39.193123" lon="-1.077063">
        <ele>424.5</ele>
      </trkpt>
      <trkpt lat="39.193102" lon="-1.07696">
        <ele>424.25</ele>
      </trkpt>
      <trkpt lat="39.193013" lon="-1.076684">
        <ele>424.75</ele>
      </trkpt>
      <trkpt lat="39.192998" lon="-1.076601">
        <ele>425.75</ele>
      </trkpt>
      <trkpt lat="39.19299" lon="-1.07644">
        <ele>427.5</ele>
      </trkpt>
      <trkpt lat="39.193" lon="-1.076352">
        <ele>428.25</ele>
      </trkpt>
      <trkpt lat="39.192976" lon="-1.075932">
        <ele>432.5</ele>
      </trkpt>
      <trkpt lat="39.192951" lon="-1.07568">
        <ele>434.75</ele>
      </trkpt>
      <trkpt lat="39.192926" lon="-1.075425">
        <ele>436.5</ele>
      </trkpt>
      <trkpt lat="39.192609" lon="-1.07545">
        <ele>434.75</ele>
      </trkpt>
      <trkpt lat="39.192588" lon="-1.075444">
        <ele>434.5</ele>
      </trkpt>
      <trkpt lat="39.192572" lon="-1.075427">
        <ele>434.5</ele>
      </trkpt>
      <trkpt lat="39.192557" lon="-1.075392">
        <ele>434</ele>
      </trkpt>
      <trkpt lat="39.192505" lon="-1.075433">
        <ele>434</ele>
      </trkpt>
      <trkpt lat="39.192485" lon="-1.075441">
        <ele>434</ele>
      </trkpt>
      <trkpt lat="39.192333" lon="-1.075483">
        <ele>433</ele>
      </trkpt>
      <trkpt lat="39.192289" lon="-1.075495">
        <ele>432.75</ele>
      </trkpt>
      <trkpt lat="39.192085" lon="-1.075555">
        <ele>431.5</ele>
      </trkpt>
      <trkpt lat="39.191454" lon="-1.075761">
        <ele>430</ele>
      </trkpt>
      <trkpt lat="39.191223" lon="-1.075542">
        <ele>430</ele>
      </trkpt>
      <trkpt lat="39.19121" lon="-1.075522">
        <ele>430</ele>
      </trkpt>
      <trkpt lat="39.191011" lon="-1.075014">
        <ele>429.75</ele>
      </trkpt>
      <trkpt lat="39.19073" lon="-1.07518">
        <ele>430</ele>
      </trkpt>
      <trkpt lat="39.190466" lon="-1.075334">
        <ele>427.75</ele>
      </trkpt>
      <trkpt lat="39.190315" lon="-1.074927">
        <ele>425.5</ele>
      </trkpt>
      <trkpt lat="39.189919" lon="-1.075259">
        <ele>422.5</ele>
      </trkpt>
      <trkpt lat="39.189891" lon="-1.075236">
        <ele>422.25</ele>
      </trkpt>
      <trkpt lat="39.189327" lon="-1.074895">
        <ele>416.25</ele>
      </trkpt>
      <trkpt lat="39.18891616251001" lon="-1.0746589869738388">
        <ele>411.87938870877</ele>
      </trkpt>
      <trkpt lat="39.188916" lon="-1.074659">
        <ele>411.75</ele>
      </trkpt>
      <trkpt lat="39.189327" lon="-1.074895">
        <ele>416.25</ele>
      </trkpt>
      <trkpt lat="39.189891" lon="-1.075236">
        <ele>422.25</ele>
      </trkpt>
      <trkpt lat="39.189919" lon="-1.075259">
        <ele>422.5</ele>
      </trkpt>
      <trkpt lat="39.190121" lon="-1.075418">
        <ele>424.5</ele>
      </trkpt>
      <trkpt lat="39.190277" lon="-1.075569">
        <ele>426.25</ele>
      </trkpt>
      <trkpt lat="39.190369" lon="-1.075679">
        <ele>427.25</ele>
      </trkpt>
      <trkpt lat="39.19046" lon="-1.075821">
        <ele>428.25</ele>
      </trkpt>
      <trkpt lat="39.19056" lon="-1.076029">
        <ele>430.25</ele>
      </trkpt>
      <trkpt lat="39.190708" lon="-1.075987">
        <ele>431.5</ele>
      </trkpt>
      <trkpt lat="39.190746" lon="-1.075976">
        <ele>431.75</ele>
      </trkpt>
      <trkpt lat="39.191061" lon="-1.076789">
        <ele>437.25</ele>
      </trkpt>
      <trkpt lat="39.191069" lon="-1.076891">
        <ele>438</ele>
      </trkpt>
      <trkpt lat="39.191097" lon="-1.076965">
        <ele>438.5</ele>
      </trkpt>
      <trkpt lat="39.191156" lon="-1.077122">
        <ele>439.75</ele>
      </trkpt>
      <trkpt lat="39.191294" lon="-1.077492">
        <ele>444.25</ele>
      </trkpt>
      <trkpt lat="39.19137" lon="-1.077449">
        <ele>444.5</ele>
      </trkpt>
      <trkpt lat="39.191458" lon="-1.07765">
        <ele>448.75</ele>
      </trkpt>
      <trkpt lat="39.191333" lon="-1.077741">
        <ele>449</ele>
      </trkpt>
      <trkpt lat="39.191302" lon="-1.0778">
        <ele>449.5</ele>
      </trkpt>
      <trkpt lat="39.191234" lon="-1.078042">
        <ele>452.75</ele>
      </trkpt>
      <trkpt lat="39.1912" lon="-1.078127">
        <ele>453.5</ele>
      </trkpt>
      <trkpt lat="39.191042" lon="-1.078361">
        <ele>454.25</ele>
      </trkpt>
      <trkpt lat="39.191117" lon="-1.078439">
        <ele>457</ele>
      </trkpt>
      <trkpt lat="39.19113" lon="-1.078453">
        <ele>457.5</ele>
      </trkpt>
      <trkpt lat="39.190999" lon="-1.078914">
        <ele>461.25</ele>
      </trkpt>
      <trkpt lat="39.190858" lon="-1.079074">
        <ele>459.5</ele>
      </trkpt>
      <trkpt lat="39.19074" lon="-1.079213">
        <ele>458.75</ele>
      </trkpt>
      <trkpt lat="39.19057" lon="-1.079358">
        <ele>457.25</ele>
      </trkpt>
      <trkpt lat="39.190449" lon="-1.079407">
        <ele>456.5</ele>
      </trkpt>
      <trkpt lat="39.19021" lon="-1.079449">
        <ele>455.25</ele>
      </trkpt>
      <trkpt lat="39.189763" lon="-1.079514">
        <ele>452</ele>
      </trkpt>
      <trkpt lat="39.18927" lon="-1.07963">
        <ele>448</ele>
      </trkpt>
      <trkpt lat="39.188585" lon="-1.079783">
        <ele>447.75</ele>
      </trkpt>
      <trkpt lat="39.188259" lon="-1.079869">
        <ele>448.25</ele>
      </trkpt>
      <trkpt lat="39.18819" lon="-1.079874">
        <ele>448.5</ele>
      </trkpt>
      <trkpt lat="39.188151" lon="-1.079776">
        <ele>448</ele>
      </trkpt>
      <trkpt lat="39.188088" lon="-1.079801">
        <ele>448.25</ele>
      </trkpt>
      <trkpt lat="39.187961" lon="-1.07982">
        <ele>449</ele>
      </trkpt>
      <trkpt lat="39.187791" lon="-1.079801">
        <ele>449.5</ele>
      </trkpt>
      <trkpt lat="39.187129" lon="-1.079653">
        <ele>449.25</ele>
      </trkpt>
      <trkpt lat="39.186928" lon="-1.079621">
        <ele>449</ele>
      </trkpt>
      <trkpt lat="39.186789" lon="-1.079613">
        <ele>449</ele>
      </trkpt>
      <trkpt lat="39.186676" lon="-1.079629">
        <ele>449.5</ele>
      </trkpt>
      <trkpt lat="39.186325" lon="-1.079702">
        <ele>451</ele>
      </trkpt>
      <trkpt lat="39.186193" lon="-1.079691">
        <ele>450.75</ele>
      </trkpt>
      <trkpt lat="39.186061" lon="-1.07964">
        <ele>450</ele>
      </trkpt>
      <trkpt lat="39.185847" lon="-1.079503">
        <ele>448.25</ele>
      </trkpt>
      <trkpt lat="39.184784" lon="-1.07879">
        <ele>458</ele>
      </trkpt>
      <trkpt lat="39.184531" lon="-1.078634">
        <ele>458.5</ele>
      </trkpt>
      <trkpt lat="39.184327" lon="-1.078527">
        <ele>459</ele>
      </trkpt>
      <trkpt lat="39.183645" lon="-1.07825">
        <ele>458.75</ele>
      </trkpt>
      <trkpt lat="39.183433" lon="-1.078178">
        <ele>459</ele>
      </trkpt>
      <trkpt lat="39.183205" lon="-1.078114">
        <ele>459.5</ele>
      </trkpt>
      <trkpt lat="39.18281" lon="-1.078066">
        <ele>460.75</ele>
      </trkpt>
      <trkpt lat="39.182672" lon="-1.078084">
        <ele>461.75</ele>
      </trkpt>
      <trkpt lat="39.182487" lon="-1.078069">
        <ele>462.25</ele>
      </trkpt>
      <trkpt lat="39.18223" lon="-1.078047">
        <ele>462.25</ele>
      </trkpt>
      <trkpt lat="39.182167" lon="-1.078042">
        <ele>462.5</ele>
      </trkpt>
      <trkpt lat="39.182047" lon="-1.077999">
        <ele>461.75</ele>
      </trkpt>
      <trkpt lat="39.181911" lon="-1.078011">
        <ele>462.25</ele>
      </trkpt>
      <trkpt lat="39.181559" lon="-1.077996">
        <ele>462.75</ele>
      </trkpt>
      <trkpt lat="39.180572" lon="-1.077905">
        <ele>462</ele>
      </trkpt>
      <trkpt lat="39.18012" lon="-1.077941">
        <ele>461.5</ele>
      </trkpt>
      <trkpt lat="39.179796" lon="-1.078036">
        <ele>461.5</ele>
      </trkpt>
      <trkpt lat="39.179486" lon="-1.078189">
        <ele>461</ele>
      </trkpt>
      <trkpt lat="39.178697" lon="-1.078684">
        <ele>459.75</ele>
      </trkpt>
      <trkpt lat="39.178488" lon="-1.078775">
        <ele>459.25</ele>
      </trkpt>
      <trkpt lat="39.178381" lon="-1.078821">
        <ele>459</ele>
      </trkpt>
      <trkpt lat="39.177261" lon="-1.079104">
        <ele>461</ele>
      </trkpt>
      <trkpt lat="39.176958" lon="-1.079117">
        <ele>462.25</ele>
      </trkpt>
      <trkpt lat="39.176657" lon="-1.079068">
        <ele>463</ele>
      </trkpt>
      <trkpt lat="39.175474" lon="-1.078732">
        <ele>470.75</ele>
      </trkpt>
      <trkpt lat="39.172836" lon="-1.077984">
        <ele>478.5</ele>
      </trkpt>
      <trkpt lat="39.171418" lon="-1.077581">
        <ele>478.5</ele>
      </trkpt>
      <trkpt lat="39.171338" lon="-1.077396">
        <ele>477.25</ele>
      </trkpt>
      <trkpt lat="39.170919" lon="-1.07698">
        <ele>476.75</ele>
      </trkpt>
      <trkpt lat="39.170759" lon="-1.076913">
        <ele>477.5</ele>
      </trkpt>
      <trkpt lat="39.170031" lon="-1.076345">
        <ele>476.25</ele>
      </trkpt>
      <trkpt lat="39.169324" lon="-1.075621">
        <ele>473.25</ele>
      </trkpt>
      <trkpt lat="39.169099" lon="-1.075473">
        <ele>474</ele>
      </trkpt>
      <trkpt lat="39.168971" lon="-1.075295">
        <ele>473</ele>
      </trkpt>
      <trkpt lat="39.168721" lon="-1.074834">
        <ele>469.5</ele>
      </trkpt>
      <trkpt lat="39.168694" lon="-1.074691">
        <ele>468.25</ele>
      </trkpt>
      <trkpt lat="39.1686" lon="-1.074494">
        <ele>466.25</ele>
      </trkpt>
      <trkpt lat="39.168496" lon="-1.074463">
        <ele>466</ele>
      </trkpt>
      <trkpt lat="39.16824" lon="-1.074709">
        <ele>469</ele>
      </trkpt>
      <trkpt lat="39.168097" lon="-1.074812">
        <ele>470.5</ele>
      </trkpt>
      <trkpt lat="39.167855" lon="-1.074843">
        <ele>471.25</ele>
      </trkpt>
      <trkpt lat="39.167761" lon="-1.074901">
        <ele>472</ele>
      </trkpt>
      <trkpt lat="39.167484" lon="-1.074736">
        <ele>470</ele>
      </trkpt>
      <trkpt lat="39.167276" lon="-1.074575">
        <ele>469.25</ele>
      </trkpt>
      <trkpt lat="39.167023" lon="-1.074396">
        <ele>468.25</ele>
      </trkpt>
      <trkpt lat="39.166925" lon="-1.074267">
        <ele>466.75</ele>
      </trkpt>
      <trkpt lat="39.16686" lon="-1.074181">
        <ele>465.75</ele>
      </trkpt>
      <trkpt lat="39.166448" lon="-1.074025">
        <ele>466.75</ele>
      </trkpt>
      <trkpt lat="39.166125" lon="-1.073801">
        <ele>465</ele>
      </trkpt>
      <trkpt lat="39.166011" lon="-1.07398">
        <ele>467</ele>
      </trkpt>
      <trkpt lat="39.165862" lon="-1.074012">
        <ele>467.75</ele>
      </trkpt>
      <trkpt lat="39.165588" lon="-1.073931">
        <ele>468.75</ele>
      </trkpt>
      <trkpt lat="39.165193" lon="-1.073846">
        <ele>470.5</ele>
      </trkpt>
      <trkpt lat="39.164839" lon="-1.073895">
        <ele>474.5</ele>
      </trkpt>
      <trkpt lat="39.164697" lon="-1.073788">
        <ele>474.25</ele>
      </trkpt>
      <trkpt lat="39.164524" lon="-1.073582">
        <ele>472.25</ele>
      </trkpt>
      <trkpt lat="39.164443" lon="-1.073562">
        <ele>472.5</ele>
      </trkpt>
      <trkpt lat="39.164339" lon="-1.073611">
        <ele>474.5</ele>
      </trkpt>
      <trkpt lat="39.164233" lon="-1.073617">
        <ele>475.75</ele>
      </trkpt>
      <trkpt lat="39.163852" lon="-1.073495">
        <ele>475.25</ele>
      </trkpt>
      <trkpt lat="39.163713" lon="-1.073423">
        <ele>474.25</ele>
      </trkpt>
      <trkpt lat="39.163566" lon="-1.07328">
        <ele>472</ele>
      </trkpt>
      <trkpt lat="39.163443" lon="-1.07324">
        <ele>472</ele>
      </trkpt>
      <trkpt lat="39.163322" lon="-1.073275">
        <ele>473</ele>
      </trkpt>
      <trkpt lat="39.163258" lon="-1.073322">
        <ele>474</ele>
      </trkpt>
      <trkpt lat="39.163143" lon="-1.073501">
        <ele>478.25</ele>
      </trkpt>
      <trkpt lat="39.163076" lon="-1.073575">
        <ele>479.75</ele>
      </trkpt>
      <trkpt lat="39.162979" lon="-1.073631">
        <ele>481</ele>
      </trkpt>
      <trkpt lat="39.162876" lon="-1.07389">
        <ele>486.5</ele>
      </trkpt>
      <trkpt lat="39.162739" lon="-1.07402">
        <ele>488.75</ele>
      </trkpt>
      <trkpt lat="39.162632" lon="-1.074145">
        <ele>491</ele>
      </trkpt>
      <trkpt lat="39.162566" lon="-1.074172">
        <ele>491.25</ele>
      </trkpt>
      <trkpt lat="39.162455" lon="-1.074277">
        <ele>492.25</ele>
      </trkpt>
      <trkpt lat="39.162329" lon="-1.074346">
        <ele>493.5</ele>
      </trkpt>
      <trkpt lat="39.162213" lon="-1.074371">
        <ele>494.25</ele>
      </trkpt>
      <trkpt lat="39.162062" lon="-1.074212">
        <ele>492.5</ele>
      </trkpt>
      <trkpt lat="39.16195" lon="-1.074161">
        <ele>492.25</ele>
      </trkpt>
      <trkpt lat="39.16168" lon="-1.073625">
        <ele>487</ele>
      </trkpt>
      <trkpt lat="39.161494" lon="-1.073338">
        <ele>486.75</ele>
      </trkpt>
      <trkpt lat="39.16124" lon="-1.073005">
        <ele>487.75</ele>
      </trkpt>
      <trkpt lat="39.161201" lon="-1.072896">
        <ele>487</ele>
      </trkpt>
      <trkpt lat="39.161133" lon="-1.072796">
        <ele>486.5</ele>
      </trkpt>
      <trkpt lat="39.16081" lon="-1.07261">
        <ele>486.75</ele>
      </trkpt>
      <trkpt lat="39.160745" lon="-1.072551">
        <ele>486</ele>
      </trkpt>
      <trkpt lat="39.160711" lon="-1.072486">
        <ele>485.25</ele>
      </trkpt>
      <trkpt lat="39.160627" lon="-1.072413">
        <ele>484.75</ele>
      </trkpt>
      <trkpt lat="39.160584" lon="-1.072388">
        <ele>484.75</ele>
      </trkpt>
      <trkpt lat="39.160551" lon="-1.072378">
        <ele>484.75</ele>
      </trkpt>
      <trkpt lat="39.160508" lon="-1.072377">
        <ele>484.75</ele>
      </trkpt>
      <trkpt lat="39.160199" lon="-1.07251">
        <ele>487.5</ele>
      </trkpt>
      <trkpt lat="39.16015" lon="-1.072509">
        <ele>487.5</ele>
      </trkpt>
      <trkpt lat="39.160103" lon="-1.072498">
        <ele>487.5</ele>
      </trkpt>
      <trkpt lat="39.159983" lon="-1.072424">
        <ele>487.25</ele>
      </trkpt>
      <trkpt lat="39.159923" lon="-1.072397">
        <ele>487</ele>
      </trkpt>
      <trkpt lat="39.159848" lon="-1.07238">
        <ele>486.75</ele>
      </trkpt>
      <trkpt lat="39.159162" lon="-1.072279">
        <ele>485.5</ele>
      </trkpt>
      <trkpt lat="39.158841" lon="-1.072191">
        <ele>483.75</ele>
      </trkpt>
      <trkpt lat="39.158587" lon="-1.072168">
        <ele>482.75</ele>
      </trkpt>
      <trkpt lat="39.158384" lon="-1.072118">
        <ele>481.75</ele>
      </trkpt>
      <trkpt lat="39.158108" lon="-1.072011">
        <ele>480.25</ele>
      </trkpt>
      <trkpt lat="39.15685" lon="-1.071349">
        <ele>468.5</ele>
      </trkpt>
      <trkpt lat="39.156618" lon="-1.071248">
        <ele>467.25</ele>
      </trkpt>
      <trkpt lat="39.156498" lon="-1.071226">
        <ele>466.75</ele>
      </trkpt>
      <trkpt lat="39.156446" lon="-1.071216">
        <ele>466.5</ele>
      </trkpt>
      <trkpt lat="39.156375" lon="-1.071218">
        <ele>466.5</ele>
      </trkpt>
      <trkpt lat="39.156306" lon="-1.071235">
        <ele>466.25</ele>
      </trkpt>
      <trkpt lat="39.156243" lon="-1.071264">
        <ele>466.25</ele>
      </trkpt>
      <trkpt lat="39.15588" lon="-1.071496">
        <ele>465</ele>
      </trkpt>
      <trkpt lat="39.155812" lon="-1.071525">
        <ele>465</ele>
      </trkpt>
      <trkpt lat="39.155736" lon="-1.071525">
        <ele>465.25</ele>
      </trkpt>
      <trkpt lat="39.155674" lon="-1.071511">
        <ele>465.5</ele>
      </trkpt>
      <trkpt lat="39.155439" lon="-1.071432">
        <ele>466.5</ele>
      </trkpt>
      <trkpt lat="39.155136" lon="-1.071296">
        <ele>467.75</ele>
      </trkpt>
      <trkpt lat="39.155049" lon="-1.071242">
        <ele>468.25</ele>
      </trkpt>
      <trkpt lat="39.154916" lon="-1.07109">
        <ele>469.25</ele>
      </trkpt>
      <trkpt lat="39.154858" lon="-1.07104">
        <ele>469.5</ele>
      </trkpt>
      <trkpt lat="39.154724" lon="-1.070945">
        <ele>469.75</ele>
      </trkpt>
      <trkpt lat="39.154645" lon="-1.07086">
        <ele>469.5</ele>
      </trkpt>
      <trkpt lat="39.154546" lon="-1.070719">
        <ele>469.25</ele>
      </trkpt>
      <trkpt lat="39.154367" lon="-1.070654">
        <ele>469.25</ele>
      </trkpt>
      <trkpt lat="39.154047" lon="-1.07068">
        <ele>470</ele>
      </trkpt>
      <trkpt lat="39.153889" lon="-1.070678">
        <ele>470.75</ele>
      </trkpt>
      <trkpt lat="39.153473" lon="-1.070756">
        <ele>472.75</ele>
      </trkpt>
      <trkpt lat="39.15336" lon="-1.070799">
        <ele>473.5</ele>
      </trkpt>
      <trkpt lat="39.153266" lon="-1.070862">
        <ele>473.75</ele>
      </trkpt>
      <trkpt lat="39.153204" lon="-1.070945">
        <ele>474</ele>
      </trkpt>
      <trkpt lat="39.153166" lon="-1.071047">
        <ele>474.5</ele>
      </trkpt>
      <trkpt lat="39.153133" lon="-1.071466">
        <ele>477.5</ele>
      </trkpt>
      <trkpt lat="39.15311" lon="-1.071609">
        <ele>478.5</ele>
      </trkpt>
      <trkpt lat="39.153071" lon="-1.071727">
        <ele>479</ele>
      </trkpt>
      <trkpt lat="39.15289" lon="-1.071935">
        <ele>478.75</ele>
      </trkpt>
      <trkpt lat="39.152837" lon="-1.072078">
        <ele>479</ele>
      </trkpt>
      <trkpt lat="39.152811" lon="-1.072199">
        <ele>479.25</ele>
      </trkpt>
      <trkpt lat="39.15275" lon="-1.072316">
        <ele>479.25</ele>
      </trkpt>
      <trkpt lat="39.15265" lon="-1.07238">
        <ele>478.75</ele>
      </trkpt>
      <trkpt lat="39.152524" lon="-1.072394">
        <ele>477.75</ele>
      </trkpt>
      <trkpt lat="39.152406" lon="-1.072381">
        <ele>478.5</ele>
      </trkpt>
      <trkpt lat="39.152363" lon="-1.072343">
        <ele>479</ele>
      </trkpt>
      <trkpt lat="39.15233" lon="-1.07226">
        <ele>479</ele>
      </trkpt>
      <trkpt lat="39.152356" lon="-1.072045">
        <ele>478.25</ele>
      </trkpt>
      <trkpt lat="39.152311" lon="-1.071774">
        <ele>478</ele>
      </trkpt>
      <trkpt lat="39.152297" lon="-1.071636">
        <ele>477.5</ele>
      </trkpt>
      <trkpt lat="39.152294" lon="-1.071499">
        <ele>476.5</ele>
      </trkpt>
      <trkpt lat="39.152274" lon="-1.071376">
        <ele>475.5</ele>
      </trkpt>
      <trkpt lat="39.152234" lon="-1.071285">
        <ele>475</ele>
      </trkpt>
      <trkpt lat="39.152116" lon="-1.071139">
        <ele>474.5</ele>
      </trkpt>
      <trkpt lat="39.152018" lon="-1.071079">
        <ele>474.75</ele>
      </trkpt>
      <trkpt lat="39.151886" lon="-1.071059">
        <ele>475.25</ele>
      </trkpt>
      <trkpt lat="39.151619" lon="-1.071078">
        <ele>477</ele>
      </trkpt>
      <trkpt lat="39.151231" lon="-1.071072">
        <ele>478.5</ele>
      </trkpt>
      <trkpt lat="39.150973" lon="-1.071087">
        <ele>479.5</ele>
      </trkpt>
      <trkpt lat="39.150729" lon="-1.071061">
        <ele>480</ele>
      </trkpt>
      <trkpt lat="39.150594" lon="-1.071007">
        <ele>479.75</ele>
      </trkpt>
      <trkpt lat="39.150467" lon="-1.070945">
        <ele>479.25</ele>
      </trkpt>
      <trkpt lat="39.150332" lon="-1.070853">
        <ele>479</ele>
      </trkpt>
      <trkpt lat="39.150138" lon="-1.070794">
        <ele>478.75</ele>
      </trkpt>
      <trkpt lat="39.149952" lon="-1.070689">
        <ele>479</ele>
      </trkpt>
      <trkpt lat="39.149837" lon="-1.070636">
        <ele>479</ele>
      </trkpt>
      <trkpt lat="39.149688" lon="-1.070618">
        <ele>479.25</ele>
      </trkpt>
      <trkpt lat="39.149556" lon="-1.070662">
        <ele>479.25</ele>
      </trkpt>
      <trkpt lat="39.149439" lon="-1.070656">
        <ele>479.5</ele>
      </trkpt>
      <trkpt lat="39.149245" lon="-1.070549">
        <ele>479.5</ele>
      </trkpt>
      <trkpt lat="39.14898" lon="-1.070472">
        <ele>480.25</ele>
      </trkpt>
      <trkpt lat="39.148726" lon="-1.070439">
        <ele>481</ele>
      </trkpt>
      <trkpt lat="39.148102" lon="-1.070294">
        <ele>483</ele>
      </trkpt>
      <trkpt lat="39.147844" lon="-1.070195">
        <ele>484</ele>
      </trkpt>
      <trkpt lat="39.147486" lon="-1.070018">
        <ele>486</ele>
      </trkpt>
      <trkpt lat="39.146412" lon="-1.069265">
        <ele>486.75</ele>
      </trkpt>
      <trkpt lat="39.14615" lon="-1.069153">
        <ele>488.5</ele>
      </trkpt>
      <trkpt lat="39.146014" lon="-1.069063">
        <ele>489.25</ele>
      </trkpt>
      <trkpt lat="39.145911" lon="-1.06896">
        <ele>489.75</ele>
      </trkpt>
      <trkpt lat="39.145792" lon="-1.068777">
        <ele>490</ele>
      </trkpt>
      <trkpt lat="39.145684" lon="-1.068661">
        <ele>490</ele>
      </trkpt>
      <trkpt lat="39.145397" lon="-1.068488">
        <ele>490.5</ele>
      </trkpt>
      <trkpt lat="39.145129" lon="-1.068345">
        <ele>490.5</ele>
      </trkpt>
      <trkpt lat="39.144942" lon="-1.068211">
        <ele>490.75</ele>
      </trkpt>
      <trkpt lat="39.144714" lon="-1.068023">
        <ele>491.25</ele>
      </trkpt>
      <trkpt lat="39.14457" lon="-1.067889">
        <ele>491.75</ele>
      </trkpt>
      <trkpt lat="39.144418" lon="-1.067824">
        <ele>492.25</ele>
      </trkpt>
      <trkpt lat="39.144251" lon="-1.067784">
        <ele>492.75</ele>
      </trkpt>
      <trkpt lat="39.144073" lon="-1.067748">
        <ele>493.25</ele>
      </trkpt>
      <trkpt lat="39.143541" lon="-1.06771">
        <ele>494</ele>
      </trkpt>
      <trkpt lat="39.14336" lon="-1.067676">
        <ele>494</ele>
      </trkpt>
      <trkpt lat="39.14316" lon="-1.067584">
        <ele>495.25</ele>
      </trkpt>
      <trkpt lat="39.142942" lon="-1.067528">
        <ele>496.75</ele>
      </trkpt>
      <trkpt lat="39.142472" lon="-1.06748">
        <ele>500.25</ele>
      </trkpt>
      <trkpt lat="39.142143" lon="-1.067515">
        <ele>504.25</ele>
      </trkpt>
      <trkpt lat="39.141988" lon="-1.06754">
        <ele>506.25</ele>
      </trkpt>
      <trkpt lat="39.141795" lon="-1.067475">
        <ele>508.25</ele>
      </trkpt>
      <trkpt lat="39.14151" lon="-1.067345">
        <ele>511</ele>
      </trkpt>
      <trkpt lat="39.14131" lon="-1.067242">
        <ele>512.5</ele>
      </trkpt>
      <trkpt lat="39.141193" lon="-1.067137">
        <ele>513.25</ele>
      </trkpt>
      <trkpt lat="39.140983" lon="-1.066896">
        <ele>514.25</ele>
      </trkpt>
      <trkpt lat="39.140804" lon="-1.066795">
        <ele>515.5</ele>
      </trkpt>
      <trkpt lat="39.140617" lon="-1.066717">
        <ele>516.5</ele>
      </trkpt>
      <trkpt lat="39.140388" lon="-1.066602">
        <ele>518</ele>
      </trkpt>
      <trkpt lat="39.140102" lon="-1.066471">
        <ele>519.75</ele>
      </trkpt>
      <trkpt lat="39.139883" lon="-1.066359">
        <ele>520.25</ele>
      </trkpt>
      <trkpt lat="39.139779" lon="-1.066329">
        <ele>520.25</ele>
      </trkpt>
      <trkpt lat="39.139336" lon="-1.06639">
        <ele>521</ele>
      </trkpt>
      <trkpt lat="39.139225" lon="-1.066394">
        <ele>521.25</ele>
      </trkpt>
      <trkpt lat="39.139023" lon="-1.066292">
        <ele>521</ele>
      </trkpt>
      <trkpt lat="39.138915" lon="-1.066292">
        <ele>521</ele>
      </trkpt>
      <trkpt lat="39.138844" lon="-1.066341">
        <ele>521</ele>
      </trkpt>
      <trkpt lat="39.138799" lon="-1.066357">
        <ele>521.25</ele>
      </trkpt>
      <trkpt lat="39.138781" lon="-1.066312">
        <ele>521</ele>
      </trkpt>
      <trkpt lat="39.138705" lon="-1.066045">
        <ele>520.5</ele>
      </trkpt>
      <trkpt lat="39.138656" lon="-1.065765">
        <ele>519.5</ele>
      </trkpt>
      <trkpt lat="39.138657" lon="-1.065677">
        <ele>519</ele>
      </trkpt>
      <trkpt lat="39.138669" lon="-1.065579">
        <ele>518.5</ele>
      </trkpt>
      <trkpt lat="39.138935" lon="-1.06455">
        <ele>518.5</ele>
      </trkpt>
      <trkpt lat="39.138973" lon="-1.064364">
        <ele>520</ele>
      </trkpt>
      <trkpt lat="39.138972" lon="-1.064308">
        <ele>520.25</ele>
      </trkpt>
      <trkpt lat="39.138958" lon="-1.064244">
        <ele>520.5</ele>
      </trkpt>
      <trkpt lat="39.138927" lon="-1.064185">
        <ele>520.25</ele>
      </trkpt>
      <trkpt lat="39.138771" lon="-1.064019">
        <ele>518</ele>
      </trkpt>
      <trkpt lat="39.138682" lon="-1.06387">
        <ele>516.25</ele>
      </trkpt>
      <trkpt lat="39.138662" lon="-1.063785">
        <ele>515.75</ele>
      </trkpt>
      <trkpt lat="39.138652" lon="-1.0637">
        <ele>515.5</ele>
      </trkpt>
      <trkpt lat="39.138662" lon="-1.063512">
        <ele>515.25</ele>
      </trkpt>
      <trkpt lat="39.138689" lon="-1.063332">
        <ele>515.25</ele>
      </trkpt>
      <trkpt lat="39.138821" lon="-1.062781">
        <ele>513.5</ele>
      </trkpt>
      <trkpt lat="39.138835" lon="-1.062672">
        <ele>512.75</ele>
      </trkpt>
      <trkpt lat="39.138837" lon="-1.062613">
        <ele>512.25</ele>
      </trkpt>
      <trkpt lat="39.13883" lon="-1.062552">
        <ele>511.75</ele>
      </trkpt>
      <trkpt lat="39.13881" lon="-1.062497">
        <ele>511.25</ele>
      </trkpt>
      <trkpt lat="39.13877" lon="-1.062417">
        <ele>510.5</ele>
      </trkpt>
      <trkpt lat="39.138719" lon="-1.062346">
        <ele>510</ele>
      </trkpt>
      <trkpt lat="39.138601" lon="-1.062221">
        <ele>509</ele>
      </trkpt>
      <trkpt lat="39.13853" lon="-1.062175">
        <ele>508.5</ele>
      </trkpt>
      <trkpt lat="39.138473" lon="-1.062159">
        <ele>508.25</ele>
      </trkpt>
      <trkpt lat="39.137895" lon="-1.062167">
        <ele>507.25</ele>
      </trkpt>
      <trkpt lat="39.136775" lon="-1.062177">
        <ele>509.25</ele>
      </trkpt>
      <trkpt lat="39.136639" lon="-1.062142">
        <ele>509.25</ele>
      </trkpt>
      <trkpt lat="39.136456" lon="-1.062006">
        <ele>508.5</ele>
      </trkpt>
      <trkpt lat="39.136344" lon="-1.06181">
        <ele>506.75</ele>
      </trkpt>
      <trkpt lat="39.136246" lon="-1.061569">
        <ele>505.25</ele>
      </trkpt>
      <trkpt lat="39.135726" lon="-1.059609">
        <ele>496</ele>
      </trkpt>
      <trkpt lat="39.135699" lon="-1.059289">
        <ele>494</ele>
      </trkpt>
      <trkpt lat="39.135665" lon="-1.058401">
        <ele>489.75</ele>
      </trkpt>
      <trkpt lat="39.135499" lon="-1.057228">
        <ele>482.75</ele>
      </trkpt>
      <trkpt lat="39.135414" lon="-1.056581">
        <ele>478</ele>
      </trkpt>
      <trkpt lat="39.135339" lon="-1.056366">
        <ele>476.5</ele>
      </trkpt>
      <trkpt lat="39.135258" lon="-1.056209">
        <ele>475</ele>
      </trkpt>
      <trkpt lat="39.135163" lon="-1.056078">
        <ele>473.5</ele>
      </trkpt>
      <trkpt lat="39.135078" lon="-1.055745">
        <ele>471.25</ele>
      </trkpt>
      <trkpt lat="39.13503" lon="-1.055412">
        <ele>469.5</ele>
      </trkpt>
      <trkpt lat="39.135033" lon="-1.055204">
        <ele>468.75</ele>
      </trkpt>
      <trkpt lat="39.134894" lon="-1.055056">
        <ele>468</ele>
      </trkpt>
      <trkpt lat="39.134773" lon="-1.054984">
        <ele>467.5</ele>
      </trkpt>
      <trkpt lat="39.134644" lon="-1.055">
        <ele>467.5</ele>
      </trkpt>
      <trkpt lat="39.134487" lon="-1.054982">
        <ele>467.25</ele>
      </trkpt>
      <trkpt lat="39.134388" lon="-1.054938">
        <ele>467</ele>
      </trkpt>
      <trkpt lat="39.134306" lon="-1.054872">
        <ele>466.75</ele>
      </trkpt>
      <trkpt lat="39.134189" lon="-1.054841">
        <ele>466.5</ele>
      </trkpt>
      <trkpt lat="39.134046" lon="-1.054892">
        <ele>466.75</ele>
      </trkpt>
      <trkpt lat="39.133662" lon="-1.05512">
        <ele>467.75</ele>
      </trkpt>
      <trkpt lat="39.133523" lon="-1.055158">
        <ele>467.75</ele>
      </trkpt>
      <trkpt lat="39.133265" lon="-1.055171">
        <ele>468.25</ele>
      </trkpt>
      <trkpt lat="39.133062" lon="-1.055209">
        <ele>469.25</ele>
      </trkpt>
      <trkpt lat="39.132862" lon="-1.055291">
        <ele>470</ele>
      </trkpt>
      <trkpt lat="39.132517" lon="-1.055455">
        <ele>470.5</ele>
      </trkpt>
      <trkpt lat="39.132162" lon="-1.055675">
        <ele>471.25</ele>
      </trkpt>
      <trkpt lat="39.132027" lon="-1.055718">
        <ele>471.75</ele>
      </trkpt>
      <trkpt lat="39.131721" lon="-1.055666">
        <ele>474</ele>
      </trkpt>
      <trkpt lat="39.131301" lon="-1.055657">
        <ele>475.25</ele>
      </trkpt>
      <trkpt lat="39.131047" lon="-1.055621">
        <ele>475.75</ele>
      </trkpt>
      <trkpt lat="39.130797" lon="-1.055575">
        <ele>476.25</ele>
      </trkpt>
      <trkpt lat="39.13068" lon="-1.055593">
        <ele>476</ele>
      </trkpt>
      <trkpt lat="39.130604" lon="-1.055644">
        <ele>475.75</ele>
      </trkpt>
      <trkpt lat="39.130331" lon="-1.055951">
        <ele>475.75</ele>
      </trkpt>
      <trkpt lat="39.130239" lon="-1.056069">
        <ele>476</ele>
      </trkpt>
      <trkpt lat="39.130156" lon="-1.056112">
        <ele>476</ele>
      </trkpt>
      <trkpt lat="39.129839" lon="-1.056056">
        <ele>475.75</ele>
      </trkpt>
      <trkpt lat="39.129787" lon="-1.056007">
        <ele>475.75</ele>
      </trkpt>
      <trkpt lat="39.129753" lon="-1.05591">
        <ele>475.5</ele>
      </trkpt>
      <trkpt lat="39.129747" lon="-1.055774">
        <ele>475.25</ele>
      </trkpt>
      <trkpt lat="39.12973" lon="-1.055652">
        <ele>475.25</ele>
      </trkpt>
      <trkpt lat="39.129682" lon="-1.055572">
        <ele>475.25</ele>
      </trkpt>
      <trkpt lat="39.129581" lon="-1.055526">
        <ele>475.25</ele>
      </trkpt>
      <trkpt lat="39.129476" lon="-1.055501">
        <ele>475.25</ele>
      </trkpt>
      <trkpt lat="39.1294" lon="-1.055455">
        <ele>475.25</ele>
      </trkpt>
      <trkpt lat="39.129347" lon="-1.05536">
        <ele>475.25</ele>
      </trkpt>
      <trkpt lat="39.129303" lon="-1.055227">
        <ele>475</ele>
      </trkpt>
      <trkpt lat="39.129245" lon="-1.055102">
        <ele>475</ele>
      </trkpt>
      <trkpt lat="39.12916" lon="-1.054971">
        <ele>475</ele>
      </trkpt>
      <trkpt lat="39.129047" lon="-1.054838">
        <ele>475.5</ele>
      </trkpt>
      <trkpt lat="39.12893" lon="-1.054744">
        <ele>476</ele>
      </trkpt>
      <trkpt lat="39.128797" lon="-1.054657">
        <ele>476.25</ele>
      </trkpt>
      <trkpt lat="39.128533" lon="-1.054613">
        <ele>476.5</ele>
      </trkpt>
      <trkpt lat="39.128402" lon="-1.054562">
        <ele>476.75</ele>
      </trkpt>
      <trkpt lat="39.128162" lon="-1.054404">
        <ele>476</ele>
      </trkpt>
      <trkpt lat="39.127789" lon="-1.054225">
        <ele>473.75</ele>
      </trkpt>
      <trkpt lat="39.127331" lon="-1.053815">
        <ele>471.5</ele>
      </trkpt>
      <trkpt lat="39.127271" lon="-1.053751">
        <ele>471.75</ele>
      </trkpt>
      <trkpt lat="39.127263" lon="-1.053647">
        <ele>471.5</ele>
      </trkpt>
      <trkpt lat="39.127295" lon="-1.053549">
        <ele>471</ele>
      </trkpt>
      <trkpt lat="39.127468" lon="-1.053273">
        <ele>469</ele>
      </trkpt>
      <trkpt lat="39.127527" lon="-1.053153">
        <ele>469</ele>
      </trkpt>
      <trkpt lat="39.127551" lon="-1.053017">
        <ele>469</ele>
      </trkpt>
      <trkpt lat="39.127543" lon="-1.052849">
        <ele>468.75</ele>
      </trkpt>
      <trkpt lat="39.127502" lon="-1.052721">
        <ele>468.25</ele>
      </trkpt>
      <trkpt lat="39.127416" lon="-1.052647">
        <ele>468.5</ele>
      </trkpt>
      <trkpt lat="39.127303" lon="-1.052598">
        <ele>469.25</ele>
      </trkpt>
      <trkpt lat="39.127218" lon="-1.05257">
        <ele>469.75</ele>
      </trkpt>
      <trkpt lat="39.127127" lon="-1.052509">
        <ele>470.25</ele>
      </trkpt>
      <trkpt lat="39.127043" lon="-1.052509">
        <ele>470.75</ele>
      </trkpt>
      <trkpt lat="39.12697" lon="-1.052555">
        <ele>471.25</ele>
      </trkpt>
      <trkpt lat="39.126867" lon="-1.052662">
        <ele>472</ele>
      </trkpt>
      <trkpt lat="39.126759" lon="-1.052762">
        <ele>473</ele>
      </trkpt>
      <trkpt lat="39.126631" lon="-1.052798">
        <ele>474</ele>
      </trkpt>
      <trkpt lat="39.126494" lon="-1.05278">
        <ele>476</ele>
      </trkpt>
      <trkpt lat="39.126433" lon="-1.052791">
        <ele>476.75</ele>
      </trkpt>
      <trkpt lat="39.126489" lon="-1.052486">
        <ele>475.75</ele>
      </trkpt>
      <trkpt lat="39.126491" lon="-1.05233">
        <ele>476.75</ele>
      </trkpt>
      <trkpt lat="39.126366" lon="-1.051729">
        <ele>483.75</ele>
      </trkpt>
      <trkpt lat="39.126235" lon="-1.051678">
        <ele>487</ele>
      </trkpt>
      <trkpt lat="39.126083" lon="-1.051716">
        <ele>490</ele>
      </trkpt>
      <trkpt lat="39.12588" lon="-1.051846">
        <ele>492.75</ele>
      </trkpt>
      <trkpt lat="39.125641" lon="-1.051958">
        <ele>497.25</ele>
      </trkpt>
      <trkpt lat="39.125409" lon="-1.051996">
        <ele>502.75</ele>
      </trkpt>
      <trkpt lat="39.125155" lon="-1.052024">
        <ele>509</ele>
      </trkpt>
      <trkpt lat="39.124873" lon="-1.052108">
        <ele>513.5</ele>
      </trkpt>
      <trkpt lat="39.124634" lon="-1.052089">
        <ele>517.25</ele>
      </trkpt>
      <trkpt lat="39.124438" lon="-1.052145">
        <ele>519.75</ele>
      </trkpt>
      <trkpt lat="39.124358" lon="-1.052276">
        <ele>519.75</ele>
      </trkpt>
      <trkpt lat="39.124344" lon="-1.052472">
        <ele>518.5</ele>
      </trkpt>
      <trkpt lat="39.124344" lon="-1.052612">
        <ele>516.25</ele>
      </trkpt>
      <trkpt lat="39.124184" lon="-1.052696">
        <ele>517.5</ele>
      </trkpt>
      <trkpt lat="39.124039" lon="-1.052556">
        <ele>523</ele>
      </trkpt>
      <trkpt lat="39.123858" lon="-1.052416">
        <ele>527.75</ele>
      </trkpt>
      <trkpt lat="39.123684" lon="-1.052201">
        <ele>531.75</ele>
      </trkpt>
      <trkpt lat="39.123554" lon="-1.051949">
        <ele>534.75</ele>
      </trkpt>
      <trkpt lat="39.123279" lon="-1.051585">
        <ele>539.5</ele>
      </trkpt>
      <trkpt lat="39.123112" lon="-1.05151">
        <ele>540</ele>
      </trkpt>
      <trkpt lat="39.122996" lon="-1.051398">
        <ele>540</ele>
      </trkpt>
      <trkpt lat="39.122873" lon="-1.051333">
        <ele>539.5</ele>
      </trkpt>
      <trkpt lat="39.122627" lon="-1.051258">
        <ele>538</ele>
      </trkpt>
      <trkpt lat="39.122424" lon="-1.051034">
        <ele>534</ele>
      </trkpt>
      <trkpt lat="39.122018" lon="-1.050744">
        <ele>523.5</ele>
      </trkpt>
      <trkpt lat="39.121887" lon="-1.050632">
        <ele>520.25</ele>
      </trkpt>
      <trkpt lat="39.121619" lon="-1.050557">
        <ele>514</ele>
      </trkpt>
      <trkpt lat="39.121496" lon="-1.050641">
        <ele>512</ele>
      </trkpt>
      <trkpt lat="39.121351" lon="-1.050707">
        <ele>509.25</ele>
      </trkpt>
      <trkpt lat="39.121134" lon="-1.050725">
        <ele>504.75</ele>
      </trkpt>
      <trkpt lat="39.12096" lon="-1.050716">
        <ele>501</ele>
      </trkpt>
      <trkpt lat="39.120643" lon="-1.050688">
        <ele>495.75</ele>
      </trkpt>
      <trkpt lat="39.120288" lon="-1.050571">
        <ele>490.5</ele>
      </trkpt>
      <trkpt lat="39.120085" lon="-1.050521">
        <ele>487.75</ele>
      </trkpt>
      <trkpt lat="39.119925" lon="-1.050514">
        <ele>486.5</ele>
      </trkpt>
      <trkpt lat="39.119859" lon="-1.050536">
        <ele>486.5</ele>
      </trkpt>
      <trkpt lat="39.11976" lon="-1.050473">
        <ele>486.25</ele>
      </trkpt>
      <trkpt lat="39.119683" lon="-1.050412">
        <ele>486</ele>
      </trkpt>
      <trkpt lat="39.119606" lon="-1.050393">
        <ele>485.75</ele>
      </trkpt>
      <trkpt lat="39.1195" lon="-1.050401">
        <ele>485.75</ele>
      </trkpt>
      <trkpt lat="39.119389" lon="-1.05039">
        <ele>485.75</ele>
      </trkpt>
      <trkpt lat="39.119343" lon="-1.050412">
        <ele>485.5</ele>
      </trkpt>
      <trkpt lat="39.119231" lon="-1.050464">
        <ele>485.5</ele>
      </trkpt>
      <trkpt lat="39.118934" lon="-1.050735">
        <ele>484.5</ele>
      </trkpt>
      <trkpt lat="39.118826" lon="-1.050857">
        <ele>483.75</ele>
      </trkpt>
      <trkpt lat="39.118673" lon="-1.051053">
        <ele>483</ele>
      </trkpt>
      <trkpt lat="39.118543" lon="-1.05123">
        <ele>482.25</ele>
      </trkpt>
      <trkpt lat="39.118427" lon="-1.051417">
        <ele>481.5</ele>
      </trkpt>
      <trkpt lat="39.118311" lon="-1.051492">
        <ele>481</ele>
      </trkpt>
      <trkpt lat="39.118231" lon="-1.051641">
        <ele>480.25</ele>
      </trkpt>
      <trkpt lat="39.118043" lon="-1.051716">
        <ele>478.75</ele>
      </trkpt>
      <trkpt lat="39.117949" lon="-1.051819">
        <ele>478</ele>
      </trkpt>
      <trkpt lat="39.117884" lon="-1.051959">
        <ele>477.25</ele>
      </trkpt>
      <trkpt lat="39.117833" lon="-1.052145">
        <ele>476.5</ele>
      </trkpt>
      <trkpt lat="39.117776" lon="-1.052235">
        <ele>476</ele>
      </trkpt>
      <trkpt lat="39.117672" lon="-1.052296">
        <ele>475</ele>
      </trkpt>
      <trkpt lat="39.117581" lon="-1.052369">
        <ele>474</ele>
      </trkpt>
      <trkpt lat="39.117483" lon="-1.052413">
        <ele>473</ele>
      </trkpt>
      <trkpt lat="39.117338" lon="-1.05245">
        <ele>472</ele>
      </trkpt>
      <trkpt lat="39.117259" lon="-1.05234">
        <ele>471.5</ele>
      </trkpt>
      <trkpt lat="39.117212" lon="-1.052206">
        <ele>471</ele>
      </trkpt>
      <trkpt lat="39.117145" lon="-1.052084">
        <ele>470.5</ele>
      </trkpt>
      <trkpt lat="39.117041" lon="-1.051962">
        <ele>469.25</ele>
      </trkpt>
      <trkpt lat="39.116795" lon="-1.051787">
        <ele>466</ele>
      </trkpt>
      <trkpt lat="39.116685" lon="-1.05169">
        <ele>464.25</ele>
      </trkpt>
      <trkpt lat="39.116625" lon="-1.051543">
        <ele>463.75</ele>
      </trkpt>
      <trkpt lat="39.116581" lon="-1.051405">
        <ele>463.5</ele>
      </trkpt>
      <trkpt lat="39.116533" lon="-1.051243">
        <ele>463.25</ele>
      </trkpt>
      <trkpt lat="39.116445" lon="-1.050893">
        <ele>462.75</ele>
      </trkpt>
      <trkpt lat="39.116351" lon="-1.050726">
        <ele>462.5</ele>
      </trkpt>
      <trkpt lat="39.116187" lon="-1.05056">
        <ele>461.75</ele>
      </trkpt>
      <trkpt lat="39.116105" lon="-1.050434">
        <ele>461</ele>
      </trkpt>
      <trkpt lat="39.116064" lon="-1.050358">
        <ele>460.75</ele>
      </trkpt>
      <trkpt lat="39.116031" lon="-1.050213">
        <ele>460</ele>
      </trkpt>
      <trkpt lat="39.116209" lon="-1.049911">
        <ele>460.75</ele>
      </trkpt>
      <trkpt lat="39.116294" lon="-1.049674">
        <ele>462.25</ele>
      </trkpt>
      <trkpt lat="39.116304" lon="-1.049564">
        <ele>462.5</ele>
      </trkpt>
      <trkpt lat="39.116302" lon="-1.049489">
        <ele>462.75</ele>
      </trkpt>
      <trkpt lat="39.116272" lon="-1.049372">
        <ele>463</ele>
      </trkpt>
      <trkpt lat="39.116198" lon="-1.0492">
        <ele>463</ele>
      </trkpt>
      <trkpt lat="39.11619" lon="-1.049022">
        <ele>463</ele>
      </trkpt>
      <trkpt lat="39.116144" lon="-1.048852">
        <ele>463</ele>
      </trkpt>
      <trkpt lat="39.11614" lon="-1.048692">
        <ele>463</ele>
      </trkpt>
      <trkpt lat="39.116164" lon="-1.048574">
        <ele>463.25</ele>
      </trkpt>
      <trkpt lat="39.116175" lon="-1.048462">
        <ele>463.5</ele>
      </trkpt>
      <trkpt lat="39.116239" lon="-1.048217">
        <ele>463.75</ele>
      </trkpt>
      <trkpt lat="39.116289" lon="-1.048079">
        <ele>463.5</ele>
      </trkpt>
      <trkpt lat="39.116329" lon="-1.047947">
        <ele>463.25</ele>
      </trkpt>
      <trkpt lat="39.116321" lon="-1.047898">
        <ele>463</ele>
      </trkpt>
      <trkpt lat="39.116274" lon="-1.047841">
        <ele>463</ele>
      </trkpt>
      <trkpt lat="39.116203" lon="-1.047815">
        <ele>463</ele>
      </trkpt>
      <trkpt lat="39.116119" lon="-1.047854">
        <ele>463</ele>
      </trkpt>
      <trkpt lat="39.116065" lon="-1.047841">
        <ele>463</ele>
      </trkpt>
      <trkpt lat="39.115978" lon="-1.047864">
        <ele>463</ele>
      </trkpt>
      <trkpt lat="39.115942" lon="-1.047986">
        <ele>462.75</ele>
      </trkpt>
      <trkpt lat="39.115925" lon="-1.048188">
        <ele>462.5</ele>
      </trkpt>
      <trkpt lat="39.115885" lon="-1.048471">
        <ele>462</ele>
      </trkpt>
      <trkpt lat="39.115815" lon="-1.048843">
        <ele>461.5</ele>
      </trkpt>
      <trkpt lat="39.115783" lon="-1.048984">
        <ele>462</ele>
      </trkpt>
      <trkpt lat="39.115682" lon="-1.049142">
        <ele>463.75</ele>
      </trkpt>
      <trkpt lat="39.115693" lon="-1.049245">
        <ele>463.5</ele>
      </trkpt>
      <trkpt lat="39.115641" lon="-1.04936">
        <ele>464.25</ele>
      </trkpt>
      <trkpt lat="39.115646" lon="-1.049493">
        <ele>464</ele>
      </trkpt>
      <trkpt lat="39.115606" lon="-1.049581">
        <ele>464.75</ele>
      </trkpt>
      <trkpt lat="39.115493" lon="-1.049782">
        <ele>467.25</ele>
      </trkpt>
      <trkpt lat="39.115459" lon="-1.049755">
        <ele>468.25</ele>
      </trkpt>
      <trkpt lat="39.115405" lon="-1.049798">
        <ele>469.5</ele>
      </trkpt>
      <trkpt lat="39.115404" lon="-1.04992">
        <ele>469.75</ele>
      </trkpt>
      <trkpt lat="39.115353" lon="-1.050004">
        <ele>471.25</ele>
      </trkpt>
      <trkpt lat="39.115294" lon="-1.05002">
        <ele>472.75</ele>
      </trkpt>
      <trkpt lat="39.115231" lon="-1.049987">
        <ele>474.5</ele>
      </trkpt>
      <trkpt lat="39.115079" lon="-1.049855">
        <ele>478</ele>
      </trkpt>
      <trkpt lat="39.114951" lon="-1.049701">
        <ele>480</ele>
      </trkpt>
      <trkpt lat="39.114868" lon="-1.049553">
        <ele>479.75</ele>
      </trkpt>
      <trkpt lat="39.114821" lon="-1.04943">
        <ele>479.5</ele>
      </trkpt>
      <trkpt lat="39.114799" lon="-1.04934">
        <ele>479</ele>
      </trkpt>
      <trkpt lat="39.114738" lon="-1.049208">
        <ele>478.5</ele>
      </trkpt>
      <trkpt lat="39.114681" lon="-1.049166">
        <ele>478.5</ele>
      </trkpt>
      <trkpt lat="39.114613" lon="-1.049155">
        <ele>478.75</ele>
      </trkpt>
      <trkpt lat="39.114336" lon="-1.049228">
        <ele>480.75</ele>
      </trkpt>
      <trkpt lat="39.114214" lon="-1.049237">
        <ele>481.5</ele>
      </trkpt>
      <trkpt lat="39.114009" lon="-1.049397">
        <ele>482.75</ele>
      </trkpt>
      <trkpt lat="39.113803" lon="-1.049591">
        <ele>483.5</ele>
      </trkpt>
      <trkpt lat="39.113752" lon="-1.049613">
        <ele>483.5</ele>
      </trkpt>
      <trkpt lat="39.113691" lon="-1.04971">
        <ele>483.75</ele>
      </trkpt>
      <trkpt lat="39.113244" lon="-1.050257">
        <ele>484.25</ele>
      </trkpt>
      <trkpt lat="39.113112" lon="-1.050426">
        <ele>485</ele>
      </trkpt>
      <trkpt lat="39.113074" lon="-1.050502">
        <ele>485.25</ele>
      </trkpt>
      <trkpt lat="39.113052" lon="-1.050603">
        <ele>485.75</ele>
      </trkpt>
      <trkpt lat="39.113017" lon="-1.050762">
        <ele>486.5</ele>
      </trkpt>
      <trkpt lat="39.112902" lon="-1.050971">
        <ele>487.5</ele>
      </trkpt>
      <trkpt lat="39.112757" lon="-1.05115">
        <ele>488.5</ele>
      </trkpt>
      <trkpt lat="39.112681" lon="-1.051365">
        <ele>489.75</ele>
      </trkpt>
      <trkpt lat="39.112608" lon="-1.051602">
        <ele>491.25</ele>
      </trkpt>
      <trkpt lat="39.112547" lon="-1.051738">
        <ele>491.5</ele>
      </trkpt>
      <trkpt lat="39.11233" lon="-1.05195">
        <ele>491.25</ele>
      </trkpt>
      <trkpt lat="39.112101" lon="-1.052143">
        <ele>490.25</ele>
      </trkpt>
      <trkpt lat="39.11185" lon="-1.052302">
        <ele>488.5</ele>
      </trkpt>
      <trkpt lat="39.111454" lon="-1.052447">
        <ele>489</ele>
      </trkpt>
      <trkpt lat="39.111025" lon="-1.052545">
        <ele>492.5</ele>
      </trkpt>
      <trkpt lat="39.110718" lon="-1.052625">
        <ele>494</ele>
      </trkpt>
      <trkpt lat="39.110542" lon="-1.052637">
        <ele>494.5</ele>
      </trkpt>
      <trkpt lat="39.110439" lon="-1.052604">
        <ele>495.5</ele>
      </trkpt>
      <trkpt lat="39.110373" lon="-1.052497">
        <ele>497</ele>
      </trkpt>
      <trkpt lat="39.110271" lon="-1.052304">
        <ele>499.75</ele>
      </trkpt>
      <trkpt lat="39.110219" lon="-1.052097">
        <ele>502.25</ele>
      </trkpt>
      <trkpt lat="39.110141" lon="-1.051616">
        <ele>507.25</ele>
      </trkpt>
      <trkpt lat="39.110033" lon="-1.051391">
        <ele>507</ele>
      </trkpt>
      <trkpt lat="39.109927" lon="-1.051287">
        <ele>508.5</ele>
      </trkpt>
      <trkpt lat="39.10982" lon="-1.051261">
        <ele>510.75</ele>
      </trkpt>
      <trkpt lat="39.109721" lon="-1.051383">
        <ele>512.75</ele>
      </trkpt>
      <trkpt lat="39.109542" lon="-1.051769">
        <ele>514.75</ele>
      </trkpt>
      <trkpt lat="39.109494" lon="-1.051851">
        <ele>514.75</ele>
      </trkpt>
      <trkpt lat="39.109452" lon="-1.051895">
        <ele>515</ele>
      </trkpt>
      <trkpt lat="39.109382" lon="-1.051927">
        <ele>515.75</ele>
      </trkpt>
      <trkpt lat="39.109309" lon="-1.052022">
        <ele>515.75</ele>
      </trkpt>
      <trkpt lat="39.1089" lon="-1.052469">
        <ele>521.5</ele>
      </trkpt>
      <trkpt lat="39.108583" lon="-1.052835">
        <ele>519.25</ele>
      </trkpt>
      <trkpt lat="39.108393" lon="-1.052982">
        <ele>518</ele>
      </trkpt>
      <trkpt lat="39.108066" lon="-1.053153">
        <ele>515.25</ele>
      </trkpt>
      <trkpt lat="39.107635" lon="-1.053303">
        <ele>515.75</ele>
      </trkpt>
      <trkpt lat="39.107276" lon="-1.053415">
        <ele>514.25</ele>
      </trkpt>
      <trkpt lat="39.10716" lon="-1.05341">
        <ele>514.5</ele>
      </trkpt>
      <trkpt lat="39.106845" lon="-1.053372">
        <ele>516.25</ele>
      </trkpt>
      <trkpt lat="39.106459" lon="-1.053228">
        <ele>517.5</ele>
      </trkpt>
      <trkpt lat="39.106222" lon="-1.05317">
        <ele>516.25</ele>
      </trkpt>
      <trkpt lat="39.105927" lon="-1.053067">
        <ele>515.75</ele>
      </trkpt>
      <trkpt lat="39.10585" lon="-1.05304">
        <ele>515.75</ele>
      </trkpt>
      <trkpt lat="39.105545" lon="-1.052894">
        <ele>515.75</ele>
      </trkpt>
      <trkpt lat="39.105372" lon="-1.052748">
        <ele>517.25</ele>
      </trkpt>
      <trkpt lat="39.105387" lon="-1.052857">
        <ele>514.5</ele>
      </trkpt>
      <trkpt lat="39.10533" lon="-1.05285">
        <ele>514</ele>
      </trkpt>
      <trkpt lat="39.10497" lon="-1.05274">
        <ele>512</ele>
      </trkpt>
      <trkpt lat="39.10477" lon="-1.0527">
        <ele>510</ele>
      </trkpt>
      <trkpt lat="39.10461" lon="-1.05263">
        <ele>508.75</ele>
      </trkpt>
      <trkpt lat="39.103938" lon="-1.052087">
        <ele>504.75</ele>
      </trkpt>
      <trkpt lat="39.10369" lon="-1.051946">
        <ele>503.25</ele>
      </trkpt>
      <trkpt lat="39.103646" lon="-1.051912">
        <ele>503</ele>
      </trkpt>
      <trkpt lat="39.103525" lon="-1.051842">
        <ele>502</ele>
      </trkpt>
      <trkpt lat="39.103503" lon="-1.051862">
        <ele>501.5</ele>
      </trkpt>
      <trkpt lat="39.103544" lon="-1.051992">
        <ele>501</ele>
      </trkpt>
      <trkpt lat="39.103572" lon="-1.052139">
        <ele>500.25</ele>
      </trkpt>
      <trkpt lat="39.103647" lon="-1.052245">
        <ele>500</ele>
      </trkpt>
      <trkpt lat="39.104113" lon="-1.052646">
        <ele>500.5</ele>
      </trkpt>
      <trkpt lat="39.104187" lon="-1.052736">
        <ele>500</ele>
      </trkpt>
      <trkpt lat="39.10421" lon="-1.05282">
        <ele>499.25</ele>
      </trkpt>
      <trkpt lat="39.104239" lon="-1.053078">
        <ele>496</ele>
      </trkpt>
      <trkpt lat="39.104277" lon="-1.053152">
        <ele>495.25</ele>
      </trkpt>
      <trkpt lat="39.104239" lon="-1.053078">
        <ele>496</ele>
      </trkpt>
      <trkpt lat="39.10421" lon="-1.05282">
        <ele>499.25</ele>
      </trkpt>
      <trkpt lat="39.104187" lon="-1.052736">
        <ele>500</ele>
      </trkpt>
      <trkpt lat="39.104113" lon="-1.052646">
        <ele>500.5</ele>
      </trkpt>
      <trkpt lat="39.103647" lon="-1.052245">
        <ele>500</ele>
      </trkpt>
      <trkpt lat="39.103572" lon="-1.052139">
        <ele>500.25</ele>
      </trkpt>
      <trkpt lat="39.103528" lon="-1.052056">
        <ele>500.25</ele>
      </trkpt>
      <trkpt lat="39.103496" lon="-1.051954">
        <ele>500.75</ele>
      </trkpt>
      <trkpt lat="39.10345" lon="-1.051867">
        <ele>500.75</ele>
      </trkpt>
      <trkpt lat="39.103435" lon="-1.051859">
        <ele>500.75</ele>
      </trkpt>
      <trkpt lat="39.103419" lon="-1.051843">
        <ele>500.75</ele>
      </trkpt>
      <trkpt lat="39.103403" lon="-1.051813">
        <ele>500.75</ele>
      </trkpt>
      <trkpt lat="39.103397" lon="-1.051774">
        <ele>501</ele>
      </trkpt>
      <trkpt lat="39.103404" lon="-1.051736">
        <ele>501.25</ele>
      </trkpt>
      <trkpt lat="39.103419" lon="-1.051706">
        <ele>501.75</ele>
      </trkpt>
      <trkpt lat="39.103417" lon="-1.051627">
        <ele>502.5</ele>
      </trkpt>
      <trkpt lat="39.103396" lon="-1.051489">
        <ele>504</ele>
      </trkpt>
      <trkpt lat="39.103347" lon="-1.051406">
        <ele>504.5</ele>
      </trkpt>
      <trkpt lat="39.103298" lon="-1.051345">
        <ele>505.25</ele>
      </trkpt>
      <trkpt lat="39.103231" lon="-1.051282">
        <ele>506</ele>
      </trkpt>
      <trkpt lat="39.102836" lon="-1.051005">
        <ele>507.5</ele>
      </trkpt>
      <trkpt lat="39.102748" lon="-1.050893">
        <ele>507.5</ele>
      </trkpt>
      <trkpt lat="39.102689" lon="-1.050762">
        <ele>507</ele>
      </trkpt>
      <trkpt lat="39.102675" lon="-1.0507">
        <ele>506.75</ele>
      </trkpt>
      <trkpt lat="39.102673" lon="-1.050636">
        <ele>506.75</ele>
      </trkpt>
      <trkpt lat="39.102609" lon="-1.050566">
        <ele>506</ele>
      </trkpt>
      <trkpt lat="39.102454" lon="-1.050383">
        <ele>505</ele>
      </trkpt>
      <trkpt lat="39.102318" lon="-1.050177">
        <ele>504.75</ele>
      </trkpt>
      <trkpt lat="39.102276" lon="-1.0501">
        <ele>504.75</ele>
      </trkpt>
      <trkpt lat="39.102235" lon="-1.050018">
        <ele>504.75</ele>
      </trkpt>
      <trkpt lat="39.102185" lon="-1.049896">
        <ele>504.25</ele>
      </trkpt>
      <trkpt lat="39.102134" lon="-1.049756">
        <ele>503.5</ele>
      </trkpt>
      <trkpt lat="39.102054" lon="-1.049504">
        <ele>502.5</ele>
      </trkpt>
      <trkpt lat="39.102004" lon="-1.049344">
        <ele>502</ele>
      </trkpt>
      <trkpt lat="39.101753" lon="-1.048544">
        <ele>499.25</ele>
      </trkpt>
      <trkpt lat="39.101569" lon="-1.047953">
        <ele>497.75</ele>
      </trkpt>
      <trkpt lat="39.101489" lon="-1.047702">
        <ele>496</ele>
      </trkpt>
      <trkpt lat="39.101398" lon="-1.047319">
        <ele>495.25</ele>
      </trkpt>
      <trkpt lat="39.101368" lon="-1.047079">
        <ele>497</ele>
      </trkpt>
      <trkpt lat="39.101345" lon="-1.046438">
        <ele>501</ele>
      </trkpt>
      <trkpt lat="39.10134" lon="-1.04558">
        <ele>504.25</ele>
      </trkpt>
      <trkpt lat="39.101337" lon="-1.045388">
        <ele>504.75</ele>
      </trkpt>
      <trkpt lat="39.10136" lon="-1.045144">
        <ele>506</ele>
      </trkpt>
      <trkpt lat="39.101513" lon="-1.044506">
        <ele>507.75</ele>
      </trkpt>
      <trkpt lat="39.101523" lon="-1.044297">
        <ele>508</ele>
      </trkpt>
      <trkpt lat="39.101472" lon="-1.043998">
        <ele>507.25</ele>
      </trkpt>
      <trkpt lat="39.101343" lon="-1.043601">
        <ele>506</ele>
      </trkpt>
      <trkpt lat="39.10133" lon="-1.043475">
        <ele>505.75</ele>
      </trkpt>
      <trkpt lat="39.101369" lon="-1.043286">
        <ele>505.75</ele>
      </trkpt>
      <trkpt lat="39.10147" lon="-1.043134">
        <ele>506.25</ele>
      </trkpt>
      <trkpt lat="39.101595" lon="-1.043008">
        <ele>506.75</ele>
      </trkpt>
      <trkpt lat="39.10231" lon="-1.042404">
        <ele>500.25</ele>
      </trkpt>
      <trkpt lat="39.102405" lon="-1.04229">
        <ele>498</ele>
      </trkpt>
      <trkpt lat="39.10246" lon="-1.042193">
        <ele>496.5</ele>
      </trkpt>
      <trkpt lat="39.102498" lon="-1.042088">
        <ele>495</ele>
      </trkpt>
      <trkpt lat="39.102524" lon="-1.041947">
        <ele>493.5</ele>
      </trkpt>
      <trkpt lat="39.102522" lon="-1.041793">
        <ele>492</ele>
      </trkpt>
      <trkpt lat="39.102502" lon="-1.041664">
        <ele>490.75</ele>
      </trkpt>
      <trkpt lat="39.102462" lon="-1.04155">
        <ele>490</ele>
      </trkpt>
      <trkpt lat="39.1024" lon="-1.041433">
        <ele>489.5</ele>
      </trkpt>
      <trkpt lat="39.102019" lon="-1.041069">
        <ele>491.25</ele>
      </trkpt>
      <trkpt lat="39.101932" lon="-1.040956">
        <ele>491</ele>
      </trkpt>
      <trkpt lat="39.101867" lon="-1.040791">
        <ele>490</ele>
      </trkpt>
      <trkpt lat="39.101856" lon="-1.040689">
        <ele>489.5</ele>
      </trkpt>
      <trkpt lat="39.101867" lon="-1.040594">
        <ele>488.75</ele>
      </trkpt>
      <trkpt lat="39.101901" lon="-1.040497">
        <ele>487.5</ele>
      </trkpt>
      <trkpt lat="39.101948" lon="-1.040421">
        <ele>486.5</ele>
      </trkpt>
      <trkpt lat="39.102004" lon="-1.040366">
        <ele>485.5</ele>
      </trkpt>
      <trkpt lat="39.102253" lon="-1.040162">
        <ele>482.5</ele>
      </trkpt>
      <trkpt lat="39.102333" lon="-1.040084">
        <ele>482</ele>
      </trkpt>
      <trkpt lat="39.102425" lon="-1.039905">
        <ele>481.5</ele>
      </trkpt>
      <trkpt lat="39.102508" lon="-1.039545">
        <ele>481.5</ele>
      </trkpt>
      <trkpt lat="39.102587" lon="-1.039293">
        <ele>482.75</ele>
      </trkpt>
      <trkpt lat="39.102656" lon="-1.039095">
        <ele>484.25</ele>
      </trkpt>
      <trkpt lat="39.102752" lon="-1.038875">
        <ele>486.5</ele>
      </trkpt>
      <trkpt lat="39.103126" lon="-1.038336">
        <ele>492.75</ele>
      </trkpt>
      <trkpt lat="39.103341" lon="-1.038051">
        <ele>496.5</ele>
      </trkpt>
      <trkpt lat="39.103395" lon="-1.037957">
        <ele>497.5</ele>
      </trkpt>
      <trkpt lat="39.103428" lon="-1.03785">
        <ele>498.25</ele>
      </trkpt>
      <trkpt lat="39.103447" lon="-1.037716">
        <ele>499.25</ele>
      </trkpt>
      <trkpt lat="39.103434" lon="-1.037579">
        <ele>500</ele>
      </trkpt>
      <trkpt lat="39.103324" lon="-1.037228">
        <ele>501</ele>
      </trkpt>
      <trkpt lat="39.103284" lon="-1.037061">
        <ele>501.25</ele>
      </trkpt>
      <trkpt lat="39.103272" lon="-1.036898">
        <ele>502</ele>
      </trkpt>
      <trkpt lat="39.103282" lon="-1.036788">
        <ele>502.75</ele>
      </trkpt>
      <trkpt lat="39.103314" lon="-1.036656">
        <ele>503.75</ele>
      </trkpt>
      <trkpt lat="39.103351" lon="-1.036563">
        <ele>504.5</ele>
      </trkpt>
      <trkpt lat="39.103403" lon="-1.036447">
        <ele>505.5</ele>
      </trkpt>
      <trkpt lat="39.103482" lon="-1.036356">
        <ele>506.25</ele>
      </trkpt>
      <trkpt lat="39.104156" lon="-1.035908">
        <ele>511.5</ele>
      </trkpt>
      <trkpt lat="39.104268" lon="-1.035575">
        <ele>512.25</ele>
      </trkpt>
      <trkpt lat="39.104289" lon="-1.035138">
        <ele>514.25</ele>
      </trkpt>
      <trkpt lat="39.103906" lon="-1.03483">
        <ele>518.5</ele>
      </trkpt>
      <trkpt lat="39.103582" lon="-1.034433">
        <ele>522.75</ele>
      </trkpt>
      <trkpt lat="39.102863" lon="-1.032146">
        <ele>542.5</ele>
      </trkpt>
      <trkpt lat="39.102282" lon="-1.031412">
        <ele>546.25</ele>
      </trkpt>
      <trkpt lat="39.102195" lon="-1.030707">
        <ele>549.25</ele>
      </trkpt>
      <trkpt lat="39.10197" lon="-1.030154">
        <ele>553</ele>
      </trkpt>
      <trkpt lat="39.10191" lon="-1.02993">
        <ele>554.5</ele>
      </trkpt>
      <trkpt lat="39.101647" lon="-1.02893">
        <ele>562.5</ele>
      </trkpt>
      <trkpt lat="39.101317" lon="-1.028251">
        <ele>565</ele>
      </trkpt>
      <trkpt lat="39.101254" lon="-1.028051">
        <ele>565</ele>
      </trkpt>
      <trkpt lat="39.101011" lon="-1.027869">
        <ele>567.75</ele>
      </trkpt>
      <trkpt lat="39.099478" lon="-1.026565">
        <ele>570</ele>
      </trkpt>
      <trkpt lat="39.099413" lon="-1.026512">
        <ele>570.5</ele>
      </trkpt>
      <trkpt lat="39.099273" lon="-1.026418">
        <ele>572</ele>
      </trkpt>
      <trkpt lat="39.099234" lon="-1.026378">
        <ele>572.25</ele>
      </trkpt>
      <trkpt lat="39.099224" lon="-1.026361">
        <ele>572.5</ele>
      </trkpt>
      <trkpt lat="39.099211" lon="-1.026297">
        <ele>572.75</ele>
      </trkpt>
      <trkpt lat="39.099209" lon="-1.026043">
        <ele>573.75</ele>
      </trkpt>
      <trkpt lat="39.099201" lon="-1.025947">
        <ele>574.25</ele>
      </trkpt>
      <trkpt lat="39.099181" lon="-1.025844">
        <ele>574.75</ele>
      </trkpt>
      <trkpt lat="39.099146" lon="-1.025707">
        <ele>575</ele>
      </trkpt>
      <trkpt lat="39.099071" lon="-1.025464">
        <ele>576</ele>
      </trkpt>
      <trkpt lat="39.098976" lon="-1.02526">
        <ele>577.75</ele>
      </trkpt>
      <trkpt lat="39.098945" lon="-1.02517">
        <ele>578.25</ele>
      </trkpt>
      <trkpt lat="39.09888" lon="-1.024861">
        <ele>579.5</ele>
      </trkpt>
      <trkpt lat="39.098846" lon="-1.024626">
        <ele>580</ele>
      </trkpt>
      <trkpt lat="39.09883" lon="-1.02456">
        <ele>580.25</ele>
      </trkpt>
      <trkpt lat="39.098783" lon="-1.024417">
        <ele>581</ele>
      </trkpt>
      <trkpt lat="39.09869" lon="-1.024223">
        <ele>582.25</ele>
      </trkpt>
      <trkpt lat="39.098684" lon="-1.024208">
        <ele>582.5</ele>
      </trkpt>
      <trkpt lat="39.098596" lon="-1.023997">
        <ele>583.75</ele>
      </trkpt>
      <trkpt lat="39.098369" lon="-1.023342">
        <ele>585.75</ele>
      </trkpt>
      <trkpt lat="39.098358" lon="-1.023266">
        <ele>585.5</ele>
      </trkpt>
      <trkpt lat="39.098359" lon="-1.023226">
        <ele>585.25</ele>
      </trkpt>
      <trkpt lat="39.098373" lon="-1.023186">
        <ele>585.25</ele>
      </trkpt>
      <trkpt lat="39.098396" lon="-1.023147">
        <ele>585</ele>
      </trkpt>
      <trkpt lat="39.098448" lon="-1.023082">
        <ele>584.5</ele>
      </trkpt>
      <trkpt lat="39.09854" lon="-1.022998">
        <ele>584</ele>
      </trkpt>
      <trkpt lat="39.098789" lon="-1.022806">
        <ele>583.5</ele>
      </trkpt>
      <trkpt lat="39.098909" lon="-1.022695">
        <ele>583.75</ele>
      </trkpt>
      <trkpt lat="39.098964" lon="-1.022617">
        <ele>584</ele>
      </trkpt>
      <trkpt lat="39.098986" lon="-1.022568">
        <ele>584.25</ele>
      </trkpt>
      <trkpt lat="39.099013" lon="-1.022455">
        <ele>584.5</ele>
      </trkpt>
      <trkpt lat="39.09905" lon="-1.022109">
        <ele>585.5</ele>
      </trkpt>
      <trkpt lat="39.099047" lon="-1.022056">
        <ele>585.75</ele>
      </trkpt>
      <trkpt lat="39.099037" lon="-1.022029">
        <ele>585.75</ele>
      </trkpt>
      <trkpt lat="39.099017" lon="-1.022005">
        <ele>585.5</ele>
      </trkpt>
      <trkpt lat="39.099034" lon="-1.021816">
        <ele>586</ele>
      </trkpt>
      <trkpt lat="39.099053" lon="-1.021676">
        <ele>586.5</ele>
      </trkpt>
      <trkpt lat="39.098975" lon="-1.021507">
        <ele>587.25</ele>
      </trkpt>
      <trkpt lat="39.098775" lon="-1.021152">
        <ele>589.75</ele>
      </trkpt>
      <trkpt lat="39.098565" lon="-1.020418">
        <ele>598.5</ele>
      </trkpt>
      <trkpt lat="39.09852" lon="-1.020201">
        <ele>601.5</ele>
      </trkpt>
      <trkpt lat="39.098456" lon="-1.01965">
        <ele>610</ele>
      </trkpt>
      <trkpt lat="39.098323" lon="-1.018942">
        <ele>620.25</ele>
      </trkpt>
      <trkpt lat="39.098296" lon="-1.018842">
        <ele>620.75</ele>
      </trkpt>
      <trkpt lat="39.09825" lon="-1.018745">
        <ele>621.5</ele>
      </trkpt>
      <trkpt lat="39.097911" lon="-1.01837">
        <ele>627</ele>
      </trkpt>
      <trkpt lat="39.097834" lon="-1.018215">
        <ele>630</ele>
      </trkpt>
      <trkpt lat="39.09774" lon="-1.017925">
        <ele>635.75</ele>
      </trkpt>
      <trkpt lat="39.097619" lon="-1.017409">
        <ele>645.5</ele>
      </trkpt>
      <trkpt lat="39.09755" lon="-1.016989">
        <ele>653.5</ele>
      </trkpt>
      <trkpt lat="39.097535" lon="-1.016931">
        <ele>654.5</ele>
      </trkpt>
      <trkpt lat="39.097507" lon="-1.016899">
        <ele>655</ele>
      </trkpt>
      <trkpt lat="39.097474" lon="-1.016895">
        <ele>655.25</ele>
      </trkpt>
      <trkpt lat="39.097454" lon="-1.01691">
        <ele>655</ele>
      </trkpt>
      <trkpt lat="39.097438" lon="-1.01695">
        <ele>654.5</ele>
      </trkpt>
      <trkpt lat="39.097343" lon="-1.017399">
        <ele>646.25</ele>
      </trkpt>
      <trkpt lat="39.097324" lon="-1.017461">
        <ele>645</ele>
      </trkpt>
      <trkpt lat="39.097301" lon="-1.017497">
        <ele>644.25</ele>
      </trkpt>
      <trkpt lat="39.097276" lon="-1.017507">
        <ele>644</ele>
      </trkpt>
      <trkpt lat="39.097246" lon="-1.017504">
        <ele>644</ele>
      </trkpt>
      <trkpt lat="39.097217" lon="-1.017472">
        <ele>644.5</ele>
      </trkpt>
      <trkpt lat="39.097198" lon="-1.01743">
        <ele>645.25</ele>
      </trkpt>
      <trkpt lat="39.097189" lon="-1.017362">
        <ele>646.75</ele>
      </trkpt>
      <trkpt lat="39.097171" lon="-1.015578">
        <ele>685.25</ele>
      </trkpt>
      <trkpt lat="39.097111" lon="-1.015272">
        <ele>691.25</ele>
      </trkpt>
      <trkpt lat="39.097112" lon="-1.015207">
        <ele>692.25</ele>
      </trkpt>
      <trkpt lat="39.09713" lon="-1.015177">
        <ele>692.5</ele>
      </trkpt>
      <trkpt lat="39.097201" lon="-1.015171">
        <ele>691.5</ele>
      </trkpt>
      <trkpt lat="39.097328" lon="-1.015199">
        <ele>689.25</ele>
      </trkpt>
      <trkpt lat="39.097402" lon="-1.015206">
        <ele>688</ele>
      </trkpt>
      <trkpt lat="39.097465" lon="-1.015194">
        <ele>687.5</ele>
      </trkpt>
      <trkpt lat="39.097511" lon="-1.015172">
        <ele>687.5</ele>
      </trkpt>
      <trkpt lat="39.097556" lon="-1.015174">
        <ele>687.75</ele>
      </trkpt>
      <trkpt lat="39.09759" lon="-1.015205">
        <ele>687.5</ele>
      </trkpt>
      <trkpt lat="39.097604" lon="-1.015245">
        <ele>687</ele>
      </trkpt>
      <trkpt lat="39.097631" lon="-1.015376">
        <ele>684.75</ele>
      </trkpt>
      <trkpt lat="39.097661" lon="-1.015485">
        <ele>683</ele>
      </trkpt>
      <trkpt lat="39.097711" lon="-1.015604">
        <ele>681.25</ele>
      </trkpt>
      <trkpt lat="39.09775" lon="-1.015681">
        <ele>680.25</ele>
      </trkpt>
      <trkpt lat="39.097802" lon="-1.015753">
        <ele>679.75</ele>
      </trkpt>
      <trkpt lat="39.097865" lon="-1.015818">
        <ele>679.5</ele>
      </trkpt>
      <trkpt lat="39.097958" lon="-1.015893">
        <ele>679</ele>
      </trkpt>
      <trkpt lat="39.09829" lon="-1.01613">
        <ele>677.25</ele>
      </trkpt>
      <trkpt lat="39.09836" lon="-1.016168">
        <ele>676.25</ele>
      </trkpt>
      <trkpt lat="39.098434" lon="-1.016186">
        <ele>674.75</ele>
      </trkpt>
      <trkpt lat="39.098526" lon="-1.016184">
        <ele>673.5</ele>
      </trkpt>
      <trkpt lat="39.098588" lon="-1.01617">
        <ele>673</ele>
      </trkpt>
      <trkpt lat="39.098626" lon="-1.016151">
        <ele>673</ele>
      </trkpt>
      <trkpt lat="39.098683" lon="-1.016107">
        <ele>673</ele>
      </trkpt>
      <trkpt lat="39.098719" lon="-1.016056">
        <ele>673.5</ele>
      </trkpt>
      <trkpt lat="39.098736" lon="-1.016003">
        <ele>674.25</ele>
      </trkpt>
      <trkpt lat="39.098732" lon="-1.015803">
        <ele>678</ele>
      </trkpt>
      <trkpt lat="39.098703" lon="-1.015493">
        <ele>681.25</ele>
      </trkpt>
      <trkpt lat="39.098685" lon="-1.015387">
        <ele>682.75</ele>
      </trkpt>
      <trkpt lat="39.09858" lon="-1.014931">
        <ele>690.25</ele>
      </trkpt>
      <trkpt lat="39.098403" lon="-1.014255">
        <ele>700.75</ele>
      </trkpt>
      <trkpt lat="39.098379" lon="-1.014094">
        <ele>702.25</ele>
      </trkpt>
      <trkpt lat="39.098376" lon="-1.013927">
        <ele>703.5</ele>
      </trkpt>
      <trkpt lat="39.098419" lon="-1.013366">
        <ele>707</ele>
      </trkpt>
      <trkpt lat="39.098427" lon="-1.013041">
        <ele>709.25</ele>
      </trkpt>
      <trkpt lat="39.098416" lon="-1.012544">
        <ele>712.25</ele>
      </trkpt>
      <trkpt lat="39.098415" lon="-1.012344">
        <ele>713.75</ele>
      </trkpt>
      <trkpt lat="39.098432" lon="-1.011935">
        <ele>716.75</ele>
      </trkpt>
      <trkpt lat="39.098423" lon="-1.01186">
        <ele>717.25</ele>
      </trkpt>
      <trkpt lat="39.098391" lon="-1.011781">
        <ele>718</ele>
      </trkpt>
      <trkpt lat="39.098309" lon="-1.011683">
        <ele>719</ele>
      </trkpt>
      <trkpt lat="39.098166" lon="-1.011624">
        <ele>720.75</ele>
      </trkpt>
      <trkpt lat="39.098108" lon="-1.011574">
        <ele>721.75</ele>
      </trkpt>
      <trkpt lat="39.098027" lon="-1.011447">
        <ele>723.25</ele>
      </trkpt>
      <trkpt lat="39.097712" lon="-1.010973">
        <ele>728.5</ele>
      </trkpt>
      <trkpt lat="39.097549" lon="-1.010674">
        <ele>731</ele>
      </trkpt>
      <trkpt lat="39.097246" lon="-1.010458">
        <ele>730.75</ele>
      </trkpt>
      <trkpt lat="39.096983" lon="-1.010131">
        <ele>728.5</ele>
      </trkpt>
      <trkpt lat="39.096848" lon="-1.009656">
        <ele>722.5</ele>
      </trkpt>
      <trkpt lat="39.097013" lon="-1.009061">
        <ele>723</ele>
      </trkpt>
      <trkpt lat="39.096861" lon="-1.007965">
        <ele>731.25</ele>
      </trkpt>
      <trkpt lat="39.096673" lon="-1.00749">
        <ele>734</ele>
      </trkpt>
      <trkpt lat="39.096719" lon="-1.006969">
        <ele>735</ele>
      </trkpt>
      <trkpt lat="39.096861" lon="-1.006657">
        <ele>736.5</ele>
      </trkpt>
      <trkpt lat="39.097168" lon="-1.005988">
        <ele>740.25</ele>
      </trkpt>
      <trkpt lat="39.097439" lon="-1.005674">
        <ele>746.75</ele>
      </trkpt>
      <trkpt lat="39.097397" lon="-1.004713">
        <ele>734</ele>
      </trkpt>
      <trkpt lat="39.09761" lon="-1.004303">
        <ele>733</ele>
      </trkpt>
      <trkpt lat="39.098592" lon="-1.003521">
        <ele>741</ele>
      </trkpt>
      <trkpt lat="39.098718" lon="-1.003344">
        <ele>739.5</ele>
      </trkpt>
      <trkpt lat="39.098798" lon="-1.003032">
        <ele>742.75</ele>
      </trkpt>
      <trkpt lat="39.098643" lon="-1.003075">
        <ele>740.75</ele>
      </trkpt>
      <trkpt lat="39.098364" lon="-1.003153">
        <ele>736.25</ele>
      </trkpt>
      <trkpt lat="39.097507" lon="-1.002886">
        <ele>739.75</ele>
      </trkpt>
      <trkpt lat="39.097146" lon="-1.003039">
        <ele>732</ele>
      </trkpt>
      <trkpt lat="39.096702" lon="-1.002871">
        <ele>731.5</ele>
      </trkpt>
      <trkpt lat="39.0963" lon="-1.001662">
        <ele>737.5</ele>
      </trkpt>
      <trkpt lat="39.096202" lon="-1.001562">
        <ele>736.5</ele>
      </trkpt>
      <trkpt lat="39.09652" lon="-1.001059">
        <ele>740.5</ele>
      </trkpt>
      <trkpt lat="39.096661" lon="-1.000431">
        <ele>741.75</ele>
      </trkpt>
      <trkpt lat="39.096559" lon="-0.999835">
        <ele>745.25</ele>
      </trkpt>
      <trkpt lat="39.096443" lon="-0.999223">
        <ele>750</ele>
      </trkpt>
      <trkpt lat="39.096289" lon="-0.998595">
        <ele>750</ele>
      </trkpt>
      <trkpt lat="39.096324" lon="-0.99827">
        <ele>749.5</ele>
      </trkpt>
      <trkpt lat="39.096475" lon="-0.997953">
        <ele>748.25</ele>
      </trkpt>
      <trkpt lat="39.096841" lon="-0.997718">
        <ele>748.75</ele>
      </trkpt>
      <trkpt lat="39.096808" lon="-0.997635">
        <ele>747.5</ele>
      </trkpt>
      <trkpt lat="39.096673" lon="-0.997294">
        <ele>745</ele>
      </trkpt>
      <trkpt lat="39.096525" lon="-0.996957">
        <ele>749.5</ele>
      </trkpt>
      <trkpt lat="39.096509" lon="-0.996771">
        <ele>750.5</ele>
      </trkpt>
      <trkpt lat="39.096559" lon="-0.996577">
        <ele>751</ele>
      </trkpt>
      <trkpt lat="39.096762" lon="-0.996398">
        <ele>751.5</ele>
      </trkpt>
      <trkpt lat="39.096908" lon="-0.996208">
        <ele>754.75</ele>
      </trkpt>
      <trkpt lat="39.096944" lon="-0.996146">
        <ele>755.75</ele>
      </trkpt>
      <trkpt lat="39.097025" lon="-0.995808">
        <ele>759.75</ele>
      </trkpt>
      <trkpt lat="39.096929" lon="-0.995262">
        <ele>765.25</ele>
      </trkpt>
      <trkpt lat="39.096738" lon="-0.994871">
        <ele>764.75</ele>
      </trkpt>
      <trkpt lat="39.096677" lon="-0.99472">
        <ele>764.25</ele>
      </trkpt>
      <trkpt lat="39.09666" lon="-0.994541">
        <ele>765.25</ele>
      </trkpt>
      <trkpt lat="39.096795" lon="-0.993943">
        <ele>774.25</ele>
      </trkpt>
      <trkpt lat="39.096685" lon="-0.993709">
        <ele>773</ele>
      </trkpt>
      <trkpt lat="39.096515" lon="-0.993463">
        <ele>775.5</ele>
      </trkpt>
      <trkpt lat="39.096361" lon="-0.993263">
        <ele>777.5</ele>
      </trkpt>
      <trkpt lat="39.096327" lon="-0.993156">
        <ele>778</ele>
      </trkpt>
      <trkpt lat="39.096351" lon="-0.993041">
        <ele>778.25</ele>
      </trkpt>
      <trkpt lat="39.096539" lon="-0.992888">
        <ele>777.75</ele>
      </trkpt>
      <trkpt lat="39.096642" lon="-0.992648">
        <ele>777.75</ele>
      </trkpt>
      <trkpt lat="39.096713" lon="-0.992226">
        <ele>780</ele>
      </trkpt>
      <trkpt lat="39.096661" lon="-0.991862">
        <ele>780.25</ele>
      </trkpt>
      <trkpt lat="39.096559" lon="-0.991358">
        <ele>784.25</ele>
      </trkpt>
      <trkpt lat="39.096372" lon="-0.990779">
        <ele>789.5</ele>
      </trkpt>
      <trkpt lat="39.096321" lon="-0.990498">
        <ele>791</ele>
      </trkpt>
      <trkpt lat="39.096404" lon="-0.99013">
        <ele>790.75</ele>
      </trkpt>
      <trkpt lat="39.096571" lon="-0.989935">
        <ele>789</ele>
      </trkpt>
      <trkpt lat="39.096719" lon="-0.989646">
        <ele>790.25</ele>
      </trkpt>
      <trkpt lat="39.09677" lon="-0.98939">
        <ele>793</ele>
      </trkpt>
      <trkpt lat="39.096629" lon="-0.988455">
        <ele>799.75</ele>
      </trkpt>
      <trkpt lat="39.096462" lon="-0.987744">
        <ele>802.5</ele>
      </trkpt>
      <trkpt lat="39.096405" lon="-0.987305">
        <ele>804.25</ele>
      </trkpt>
      <trkpt lat="39.096751" lon="-0.986718">
        <ele>804</ele>
      </trkpt>
      <trkpt lat="39.097149" lon="-0.98585">
        <ele>810</ele>
      </trkpt>
      <trkpt lat="39.097271" lon="-0.985163">
        <ele>811</ele>
      </trkpt>
      <trkpt lat="39.09738" lon="-0.984915">
        <ele>811.5</ele>
      </trkpt>
      <trkpt lat="39.09738" lon="-0.98456">
        <ele>816.25</ele>
      </trkpt>
      <trkpt lat="39.097566" lon="-0.983931">
        <ele>824.5</ele>
      </trkpt>
      <trkpt lat="39.097772" lon="-0.983112">
        <ele>836</ele>
      </trkpt>
      <trkpt lat="39.097849" lon="-0.982492">
        <ele>843.75</ele>
      </trkpt>
      <trkpt lat="39.098022" lon="-0.981864">
        <ele>849.75</ele>
      </trkpt>
      <trkpt lat="39.098555" lon="-0.980929">
        <ele>857.25</ele>
      </trkpt>
      <trkpt lat="39.098612" lon="-0.980664">
        <ele>859</ele>
      </trkpt>
      <trkpt lat="39.099036" lon="-0.980176">
        <ele>864.75</ele>
      </trkpt>
      <trkpt lat="39.099485" lon="-0.979688">
        <ele>871.75</ele>
      </trkpt>
      <trkpt lat="39.099967" lon="-0.979027">
        <ele>876.25</ele>
      </trkpt>
      <trkpt lat="39.1003" lon="-0.978779">
        <ele>880.25</ele>
      </trkpt>
      <trkpt lat="39.10027" lon="-0.978275">
        <ele>881</ele>
      </trkpt>
      <trkpt lat="39.100165" lon="-0.978108">
        <ele>880.5</ele>
      </trkpt>
      <trkpt lat="39.100086" lon="-0.97795">
        <ele>880</ele>
      </trkpt>
      <trkpt lat="39.10005" lon="-0.977865">
        <ele>879.75</ele>
      </trkpt>
      <trkpt lat="39.09999" lon="-0.97776">
        <ele>879.5</ele>
      </trkpt>
      <trkpt lat="39.099991" lon="-0.97769">
        <ele>879.75</ele>
      </trkpt>
      <trkpt lat="39.100009" lon="-0.977633">
        <ele>879.75</ele>
      </trkpt>
      <trkpt lat="39.100037" lon="-0.977562">
        <ele>880</ele>
      </trkpt>
      <trkpt lat="39.10008" lon="-0.977479">
        <ele>880.25</ele>
      </trkpt>
      <trkpt lat="39.100118" lon="-0.977411">
        <ele>879.75</ele>
      </trkpt>
      <trkpt lat="39.100254" lon="-0.977227">
        <ele>879</ele>
      </trkpt>
      <trkpt lat="39.100574" lon="-0.97669">
        <ele>877.25</ele>
      </trkpt>
      <trkpt lat="39.100644" lon="-0.976603">
        <ele>877</ele>
      </trkpt>
      <trkpt lat="39.100732" lon="-0.976512">
        <ele>876.75</ele>
      </trkpt>
      <trkpt lat="39.100881" lon="-0.976394">
        <ele>877.25</ele>
      </trkpt>
      <trkpt lat="39.100986" lon="-0.97629">
        <ele>877</ele>
      </trkpt>
      <trkpt lat="39.101033" lon="-0.976233">
        <ele>876.75</ele>
      </trkpt>
      <trkpt lat="39.10108" lon="-0.976158">
        <ele>876.25</ele>
      </trkpt>
      <trkpt lat="39.101251" lon="-0.975709">
        <ele>871.75</ele>
      </trkpt>
      <trkpt lat="39.10135" lon="-0.975484">
        <ele>869.75</ele>
      </trkpt>
      <trkpt lat="39.101391" lon="-0.97541">
        <ele>869</ele>
      </trkpt>
      <trkpt lat="39.101397" lon="-0.975371">
        <ele>868.5</ele>
      </trkpt>
      <trkpt lat="39.101395" lon="-0.975337">
        <ele>868</ele>
      </trkpt>
      <trkpt lat="39.101346" lon="-0.975219">
        <ele>865.75</ele>
      </trkpt>
      <trkpt lat="39.1013" lon="-0.975062">
        <ele>863</ele>
      </trkpt>
      <trkpt lat="39.10126" lon="-0.974966">
        <ele>861.25</ele>
      </trkpt>
      <trkpt lat="39.101237" lon="-0.974886">
        <ele>859.5</ele>
      </trkpt>
      <trkpt lat="39.10123" lon="-0.974836">
        <ele>858.25</ele>
      </trkpt>
      <trkpt lat="39.101235" lon="-0.974678">
        <ele>855</ele>
      </trkpt>
      <trkpt lat="39.101226" lon="-0.974601">
        <ele>853.5</ele>
      </trkpt>
      <trkpt lat="39.10119" lon="-0.974502">
        <ele>851.25</ele>
      </trkpt>
      <trkpt lat="39.101158" lon="-0.974467">
        <ele>850.5</ele>
      </trkpt>
      <trkpt lat="39.101131" lon="-0.974443">
        <ele>849.75</ele>
      </trkpt>
      <trkpt lat="39.101093" lon="-0.974435">
        <ele>849.5</ele>
      </trkpt>
      <trkpt lat="39.101052" lon="-0.974441">
        <ele>849.5</ele>
      </trkpt>
      <trkpt lat="39.100996" lon="-0.974463">
        <ele>849.75</ele>
      </trkpt>
      <trkpt lat="39.1008" lon="-0.974581">
        <ele>850.25</ele>
      </trkpt>
      <trkpt lat="39.100718" lon="-0.974643">
        <ele>848.75</ele>
      </trkpt>
      <trkpt lat="39.100695" lon="-0.974673">
        <ele>848.75</ele>
      </trkpt>
      <trkpt lat="39.10057" lon="-0.974982">
        <ele>850</ele>
      </trkpt>
      <trkpt lat="39.100433" lon="-0.975277">
        <ele>850.25</ele>
      </trkpt>
      <trkpt lat="39.100305" lon="-0.975614">
        <ele>852.25</ele>
      </trkpt>
      <trkpt lat="39.100265" lon="-0.975688">
        <ele>852.5</ele>
      </trkpt>
      <trkpt lat="39.100212" lon="-0.975754">
        <ele>852.25</ele>
      </trkpt>
      <trkpt lat="39.099956" lon="-0.97598">
        <ele>852.75</ele>
      </trkpt>
      <trkpt lat="39.099905" lon="-0.976013">
        <ele>854</ele>
      </trkpt>
      <trkpt lat="39.099827" lon="-0.976023">
        <ele>855</ele>
      </trkpt>
      <trkpt lat="39.099775" lon="-0.976008">
        <ele>855.25</ele>
      </trkpt>
      <trkpt lat="39.099724" lon="-0.975976">
        <ele>855</ele>
      </trkpt>
      <trkpt lat="39.099669" lon="-0.975922">
        <ele>854.25</ele>
      </trkpt>
      <trkpt lat="39.099559" lon="-0.975832">
        <ele>853</ele>
      </trkpt>
      <trkpt lat="39.099401" lon="-0.975748">
        <ele>852.25</ele>
      </trkpt>
      <trkpt lat="39.099318" lon="-0.975686">
        <ele>851.25</ele>
      </trkpt>
      <trkpt lat="39.099252" lon="-0.975621">
        <ele>850</ele>
      </trkpt>
      <trkpt lat="39.099194" lon="-0.975577">
        <ele>849</ele>
      </trkpt>
      <trkpt lat="39.099135" lon="-0.975551">
        <ele>849.25</ele>
      </trkpt>
      <trkpt lat="39.098999" lon="-0.975533">
        <ele>852.25</ele>
      </trkpt>
      <trkpt lat="39.098973" lon="-0.975509">
        <ele>852.25</ele>
      </trkpt>
      <trkpt lat="39.098958" lon="-0.97548">
        <ele>851.75</ele>
      </trkpt>
      <trkpt lat="39.098953" lon="-0.975435">
        <ele>850.5</ele>
      </trkpt>
      <trkpt lat="39.098972" lon="-0.97523">
        <ele>844.25</ele>
      </trkpt>
      <trkpt lat="39.098968" lon="-0.975036">
        <ele>838.75</ele>
      </trkpt>
      <trkpt lat="39.098957" lon="-0.974945">
        <ele>836.5</ele>
      </trkpt>
      <trkpt lat="39.09894" lon="-0.974881">
        <ele>835.5</ele>
      </trkpt>
      <trkpt lat="39.098922" lon="-0.974844">
        <ele>835</ele>
      </trkpt>
      <trkpt lat="39.098887" lon="-0.974798">
        <ele>834.75</ele>
      </trkpt>
      <trkpt lat="39.098838" lon="-0.97475">
        <ele>834.75</ele>
      </trkpt>
      <trkpt lat="39.098778" lon="-0.974709">
        <ele>835</ele>
      </trkpt>
      <trkpt lat="39.098702" lon="-0.974689">
        <ele>836.25</ele>
      </trkpt>
      <trkpt lat="39.098608" lon="-0.974692">
        <ele>838.5</ele>
      </trkpt>
      <trkpt lat="39.098563" lon="-0.974675">
        <ele>839.25</ele>
      </trkpt>
      <trkpt lat="39.098418" lon="-0.974501">
        <ele>836.75</ele>
      </trkpt>
      <trkpt lat="39.098361" lon="-0.974455">
        <ele>836.25</ele>
      </trkpt>
      <trkpt lat="39.098191" lon="-0.974347">
        <ele>837.5</ele>
      </trkpt>
      <trkpt lat="39.098144" lon="-0.974303">
        <ele>837.5</ele>
      </trkpt>
      <trkpt lat="39.098043" lon="-0.974186">
        <ele>836.75</ele>
      </trkpt>
      <trkpt lat="39.09796" lon="-0.974074">
        <ele>835.5</ele>
      </trkpt>
      <trkpt lat="39.097849" lon="-0.973955">
        <ele>835</ele>
      </trkpt>
      <trkpt lat="39.097805" lon="-0.973921">
        <ele>835.25</ele>
      </trkpt>
      <trkpt lat="39.097635" lon="-0.97383">
        <ele>837.25</ele>
      </trkpt>
      <trkpt lat="39.097563" lon="-0.97378">
        <ele>837.5</ele>
      </trkpt>
      <trkpt lat="39.097497" lon="-0.973722">
        <ele>837.5</ele>
      </trkpt>
      <trkpt lat="39.097445" lon="-0.973639">
        <ele>836.75</ele>
      </trkpt>
      <trkpt lat="39.097418" lon="-0.973575">
        <ele>835.75</ele>
      </trkpt>
      <trkpt lat="39.097358" lon="-0.973386">
        <ele>832.25</ele>
      </trkpt>
      <trkpt lat="39.097267" lon="-0.97305">
        <ele>829.25</ele>
      </trkpt>
      <trkpt lat="39.097229" lon="-0.97293">
        <ele>828.5</ele>
      </trkpt>
      <trkpt lat="39.097178" lon="-0.972804">
        <ele>827.75</ele>
      </trkpt>
      <trkpt lat="39.097144" lon="-0.97274">
        <ele>827.75</ele>
      </trkpt>
      <trkpt lat="39.097104" lon="-0.972687">
        <ele>828.25</ele>
      </trkpt>
      <trkpt lat="39.09707" lon="-0.97265">
        <ele>828.75</ele>
      </trkpt>
      <trkpt lat="39.09698" lon="-0.972582">
        <ele>830.5</ele>
      </trkpt>
      <trkpt lat="39.096934" lon="-0.972534">
        <ele>831</ele>
      </trkpt>
      <trkpt lat="39.096903" lon="-0.972476">
        <ele>831</ele>
      </trkpt>
      <trkpt lat="39.096858" lon="-0.972298">
        <ele>829</ele>
      </trkpt>
      <trkpt lat="39.096825" lon="-0.972215">
        <ele>828.5</ele>
      </trkpt>
      <trkpt lat="39.09676" lon="-0.972095">
        <ele>828.25</ele>
      </trkpt>
      <trkpt lat="39.096665" lon="-0.971884">
        <ele>826.75</ele>
      </trkpt>
      <trkpt lat="39.096628" lon="-0.971779">
        <ele>825.5</ele>
      </trkpt>
      <trkpt lat="39.096588" lon="-0.971711">
        <ele>825</ele>
      </trkpt>
      <trkpt lat="39.096328" lon="-0.971402">
        <ele>824.75</ele>
      </trkpt>
      <trkpt lat="39.096275" lon="-0.971359">
        <ele>825.25</ele>
      </trkpt>
      <trkpt lat="39.095968" lon="-0.971188">
        <ele>829</ele>
      </trkpt>
      <trkpt lat="39.095898" lon="-0.971138">
        <ele>829.5</ele>
      </trkpt>
      <trkpt lat="39.095838" lon="-0.971063">
        <ele>829.25</ele>
      </trkpt>
      <trkpt lat="39.095727" lon="-0.970882">
        <ele>824</ele>
      </trkpt>
      <trkpt lat="39.095666" lon="-0.970795">
        <ele>821.5</ele>
      </trkpt>
      <trkpt lat="39.095637" lon="-0.970764">
        <ele>820.75</ele>
      </trkpt>
      <trkpt lat="39.095586" lon="-0.970738">
        <ele>819.75</ele>
      </trkpt>
      <trkpt lat="39.09545" lon="-0.970701">
        <ele>817.5</ele>
      </trkpt>
      <trkpt lat="39.095265" lon="-0.970738">
        <ele>816.5</ele>
      </trkpt>
      <trkpt lat="39.095099" lon="-0.970782">
        <ele>815.75</ele>
      </trkpt>
      <trkpt lat="39.095036" lon="-0.970815">
        <ele>815.75</ele>
      </trkpt>
      <trkpt lat="39.09498" lon="-0.970865">
        <ele>816.25</ele>
      </trkpt>
      <trkpt lat="39.094842" lon="-0.971026">
        <ele>818.25</ele>
      </trkpt>
      <trkpt lat="39.094753" lon="-0.971101">
        <ele>818.75</ele>
      </trkpt>
      <trkpt lat="39.094583" lon="-0.971156">
        <ele>817.25</ele>
      </trkpt>
      <trkpt lat="39.094383" lon="-0.971294">
        <ele>818.75</ele>
      </trkpt>
      <trkpt lat="39.094326" lon="-0.971318">
        <ele>818.75</ele>
      </trkpt>
      <trkpt lat="39.094242" lon="-0.97134">
        <ele>818</ele>
      </trkpt>
      <trkpt lat="39.094146" lon="-0.971343">
        <ele>817.25</ele>
      </trkpt>
      <trkpt lat="39.094047" lon="-0.971325">
        <ele>818</ele>
      </trkpt>
      <trkpt lat="39.093986" lon="-0.971307">
        <ele>818.25</ele>
      </trkpt>
      <trkpt lat="39.09393" lon="-0.97128">
        <ele>818</ele>
      </trkpt>
      <trkpt lat="39.093899" lon="-0.971236">
        <ele>816.5</ele>
      </trkpt>
      <trkpt lat="39.093822" lon="-0.9711">
        <ele>811.75</ele>
      </trkpt>
      <trkpt lat="39.093759" lon="-0.971053">
        <ele>810.5</ele>
      </trkpt>
      <trkpt lat="39.093678" lon="-0.971018">
        <ele>810.25</ele>
      </trkpt>
      <trkpt lat="39.093592" lon="-0.970972">
        <ele>809.5</ele>
      </trkpt>
      <trkpt lat="39.093533" lon="-0.970917">
        <ele>807.75</ele>
      </trkpt>
      <trkpt lat="39.093507" lon="-0.970877">
        <ele>806.25</ele>
      </trkpt>
      <trkpt lat="39.093469" lon="-0.970837">
        <ele>805</ele>
      </trkpt>
      <trkpt lat="39.093216" lon="-0.970681">
        <ele>806.5</ele>
      </trkpt>
      <trkpt lat="39.093031" lon="-0.970481">
        <ele>807</ele>
      </trkpt>
      <trkpt lat="39.092862" lon="-0.97026">
        <ele>806.5</ele>
      </trkpt>
      <trkpt lat="39.092602" lon="-0.969835">
        <ele>804.25</ele>
      </trkpt>
      <trkpt lat="39.092548" lon="-0.969727">
        <ele>803.5</ele>
      </trkpt>
      <trkpt lat="39.092457" lon="-0.969295">
        <ele>795.25</ele>
      </trkpt>
      <trkpt lat="39.092406" lon="-0.969093">
        <ele>792.25</ele>
      </trkpt>
      <trkpt lat="39.092355" lon="-0.968965">
        <ele>791.25</ele>
      </trkpt>
      <trkpt lat="39.092296" lon="-0.968853">
        <ele>790.5</ele>
      </trkpt>
      <trkpt lat="39.092194" lon="-0.968704">
        <ele>789.5</ele>
      </trkpt>
      <trkpt lat="39.092099" lon="-0.968544">
        <ele>787.5</ele>
      </trkpt>
      <trkpt lat="39.092068" lon="-0.968444">
        <ele>785.75</ele>
      </trkpt>
      <trkpt lat="39.092017" lon="-0.968343">
        <ele>784</ele>
      </trkpt>
      <trkpt lat="39.091966" lon="-0.968265">
        <ele>783.5</ele>
      </trkpt>
      <trkpt lat="39.091912" lon="-0.968201">
        <ele>783</ele>
      </trkpt>
      <trkpt lat="39.091825" lon="-0.968139">
        <ele>782.75</ele>
      </trkpt>
      <trkpt lat="39.09169" lon="-0.968069">
        <ele>782.25</ele>
      </trkpt>
      <trkpt lat="39.091339" lon="-0.96794">
        <ele>777.25</ele>
      </trkpt>
      <trkpt lat="39.090836" lon="-0.967806">
        <ele>771</ele>
      </trkpt>
      <trkpt lat="39.090578" lon="-0.967721">
        <ele>767.5</ele>
      </trkpt>
      <trkpt lat="39.090469" lon="-0.967697">
        <ele>766.5</ele>
      </trkpt>
      <trkpt lat="39.090273" lon="-0.967688">
        <ele>764.75</ele>
      </trkpt>
      <trkpt lat="39.090192" lon="-0.967557">
        <ele>763.25</ele>
      </trkpt>
      <trkpt lat="39.090081" lon="-0.967432">
        <ele>762.25</ele>
      </trkpt>
      <trkpt lat="39.090012" lon="-0.967273">
        <ele>762</ele>
      </trkpt>
      <trkpt lat="39.089986" lon="-0.967133">
        <ele>762</ele>
      </trkpt>
      <trkpt lat="39.08995" lon="-0.966927">
        <ele>762.5</ele>
      </trkpt>
      <trkpt lat="39.089902" lon="-0.966593">
        <ele>763.25</ele>
      </trkpt>
      <trkpt lat="39.089873" lon="-0.966488">
        <ele>764</ele>
      </trkpt>
      <trkpt lat="39.089837" lon="-0.966408">
        <ele>764.5</ele>
      </trkpt>
      <trkpt lat="39.089775" lon="-0.966317">
        <ele>765.25</ele>
      </trkpt>
      <trkpt lat="39.089495" lon="-0.965979">
        <ele>766.5</ele>
      </trkpt>
      <trkpt lat="39.089339" lon="-0.965773">
        <ele>766.25</ele>
      </trkpt>
      <trkpt lat="39.089293" lon="-0.965727">
        <ele>766.25</ele>
      </trkpt>
      <trkpt lat="39.089199" lon="-0.96567">
        <ele>766.25</ele>
      </trkpt>
      <trkpt lat="39.089162" lon="-0.965653">
        <ele>766.25</ele>
      </trkpt>
      <trkpt lat="39.089094" lon="-0.965607">
        <ele>768.5</ele>
      </trkpt>
      <trkpt lat="39.089047" lon="-0.965555">
        <ele>769.75</ele>
      </trkpt>
      <trkpt lat="39.088965" lon="-0.96543">
        <ele>771.25</ele>
      </trkpt>
      <trkpt lat="39.08879" lon="-0.965218">
        <ele>772.75</ele>
      </trkpt>
      <trkpt lat="39.08865" lon="-0.965113">
        <ele>772.75</ele>
      </trkpt>
      <trkpt lat="39.088027" lon="-0.964753">
        <ele>777.5</ele>
      </trkpt>
      <trkpt lat="39.087776" lon="-0.964596">
        <ele>779.5</ele>
      </trkpt>
      <trkpt lat="39.087557" lon="-0.964428">
        <ele>779</ele>
      </trkpt>
      <trkpt lat="39.087212" lon="-0.964094">
        <ele>781.5</ele>
      </trkpt>
      <trkpt lat="39.087119" lon="-0.96399">
        <ele>783.5</ele>
      </trkpt>
      <trkpt lat="39.087056" lon="-0.963882">
        <ele>784.25</ele>
      </trkpt>
      <trkpt lat="39.086987" lon="-0.963759">
        <ele>784.75</ele>
      </trkpt>
      <trkpt lat="39.086864" lon="-0.963515">
        <ele>784.75</ele>
      </trkpt>
      <trkpt lat="39.086693" lon="-0.963229">
        <ele>784</ele>
      </trkpt>
      <trkpt lat="39.086654" lon="-0.963142">
        <ele>784.25</ele>
      </trkpt>
      <trkpt lat="39.086629" lon="-0.963">
        <ele>784.5</ele>
      </trkpt>
      <trkpt lat="39.086595" lon="-0.962647">
        <ele>783.75</ele>
      </trkpt>
      <trkpt lat="39.08648" lon="-0.961772">
        <ele>786</ele>
      </trkpt>
      <trkpt lat="39.086449" lon="-0.961563">
        <ele>786.75</ele>
      </trkpt>
      <trkpt lat="39.086403" lon="-0.96139">
        <ele>787.75</ele>
      </trkpt>
      <trkpt lat="39.086076" lon="-0.960473">
        <ele>792.25</ele>
      </trkpt>
      <trkpt lat="39.085868" lon="-0.960004">
        <ele>788.75</ele>
      </trkpt>
      <trkpt lat="39.08576" lon="-0.959822">
        <ele>790.75</ele>
      </trkpt>
      <trkpt lat="39.085624" lon="-0.959555">
        <ele>793.5</ele>
      </trkpt>
      <trkpt lat="39.085535" lon="-0.959143">
        <ele>791.25</ele>
      </trkpt>
      <trkpt lat="39.085495" lon="-0.95903">
        <ele>792</ele>
      </trkpt>
      <trkpt lat="39.085454" lon="-0.958963">
        <ele>792.75</ele>
      </trkpt>
      <trkpt lat="39.085349" lon="-0.958873">
        <ele>794.75</ele>
      </trkpt>
      <trkpt lat="39.085297" lon="-0.958819">
        <ele>795.25</ele>
      </trkpt>
      <trkpt lat="39.085281" lon="-0.958763">
        <ele>795</ele>
      </trkpt>
      <trkpt lat="39.085279" lon="-0.958733">
        <ele>794.75</ele>
      </trkpt>
      <trkpt lat="39.085285" lon="-0.958699">
        <ele>794.5</ele>
      </trkpt>
      <trkpt lat="39.085309" lon="-0.958667">
        <ele>793.75</ele>
      </trkpt>
      <trkpt lat="39.085342" lon="-0.95866">
        <ele>793</ele>
      </trkpt>
      <trkpt lat="39.0854" lon="-0.95868">
        <ele>792.25</ele>
      </trkpt>
      <trkpt lat="39.085662" lon="-0.95883">
        <ele>787.5</ele>
      </trkpt>
      <trkpt lat="39.085744" lon="-0.958858">
        <ele>785.75</ele>
      </trkpt>
      <trkpt lat="39.085842" lon="-0.958864">
        <ele>783.75</ele>
      </trkpt>
      <trkpt lat="39.085917" lon="-0.958851">
        <ele>785</ele>
      </trkpt>
      <trkpt lat="39.085977" lon="-0.958817">
        <ele>786</ele>
      </trkpt>
      <trkpt lat="39.086011" lon="-0.958775">
        <ele>786.75</ele>
      </trkpt>
      <trkpt lat="39.086123" lon="-0.958286">
        <ele>790.5</ele>
      </trkpt>
      <trkpt lat="39.086186" lon="-0.9581">
        <ele>792.25</ele>
      </trkpt>
      <trkpt lat="39.086254" lon="-0.957942">
        <ele>793.25</ele>
      </trkpt>
      <trkpt lat="39.086289" lon="-0.957828">
        <ele>794</ele>
      </trkpt>
      <trkpt lat="39.0863" lon="-0.957706">
        <ele>794.25</ele>
      </trkpt>
      <trkpt lat="39.086252" lon="-0.957392">
        <ele>796</ele>
      </trkpt>
      <trkpt lat="39.086211" lon="-0.957222">
        <ele>797.5</ele>
      </trkpt>
      <trkpt lat="39.086144" lon="-0.957006">
        <ele>799.25</ele>
      </trkpt>
      <trkpt lat="39.086018" lon="-0.956725">
        <ele>800.5</ele>
      </trkpt>
      <trkpt lat="39.085948" lon="-0.956622">
        <ele>800.25</ele>
      </trkpt>
      <trkpt lat="39.085866" lon="-0.956524">
        <ele>799.5</ele>
      </trkpt>
      <trkpt lat="39.08573" lon="-0.956422">
        <ele>798</ele>
      </trkpt>
      <trkpt lat="39.085422" lon="-0.956248">
        <ele>795</ele>
      </trkpt>
      <trkpt lat="39.085352" lon="-0.956178">
        <ele>794.25</ele>
      </trkpt>
      <trkpt lat="39.085306" lon="-0.956093">
        <ele>793.75</ele>
      </trkpt>
      <trkpt lat="39.085233" lon="-0.955896">
        <ele>792.75</ele>
      </trkpt>
      <trkpt lat="39.085207" lon="-0.955796">
        <ele>792.75</ele>
      </trkpt>
      <trkpt lat="39.085159" lon="-0.955624">
        <ele>793.5</ele>
      </trkpt>
      <trkpt lat="39.085076" lon="-0.955478">
        <ele>793.75</ele>
      </trkpt>
      <trkpt lat="39.084884" lon="-0.955357">
        <ele>795.75</ele>
      </trkpt>
      <trkpt lat="39.084768" lon="-0.955262">
        <ele>797.75</ele>
      </trkpt>
      <trkpt lat="39.08463" lon="-0.955105">
        <ele>799.25</ele>
      </trkpt>
      <trkpt lat="39.084326" lon="-0.954694">
        <ele>801.25</ele>
      </trkpt>
      <trkpt lat="39.083956" lon="-0.954209">
        <ele>805.75</ele>
      </trkpt>
      <trkpt lat="39.083702" lon="-0.953798">
        <ele>809.25</ele>
      </trkpt>
      <trkpt lat="39.083514" lon="-0.953256">
        <ele>803.5</ele>
      </trkpt>
      <trkpt lat="39.083434" lon="-0.952901">
        <ele>803</ele>
      </trkpt>
      <trkpt lat="39.083434" lon="-0.952742">
        <ele>803</ele>
      </trkpt>
      <trkpt lat="39.083366" lon="-0.952556">
        <ele>801.75</ele>
      </trkpt>
      <trkpt lat="39.083332" lon="-0.952407">
        <ele>802</ele>
      </trkpt>
      <trkpt lat="39.083329" lon="-0.952203">
        <ele>804</ele>
      </trkpt>
      <trkpt lat="39.083305" lon="-0.952108">
        <ele>805.25</ele>
      </trkpt>
      <trkpt lat="39.083263" lon="-0.952026">
        <ele>806</ele>
      </trkpt>
      <trkpt lat="39.083178" lon="-0.951922">
        <ele>806.75</ele>
      </trkpt>
      <trkpt lat="39.082912" lon="-0.951668">
        <ele>806.75</ele>
      </trkpt>
      <trkpt lat="39.08285" lon="-0.951595">
        <ele>806.5</ele>
      </trkpt>
      <trkpt lat="39.08259" lon="-0.951327">
        <ele>805</ele>
      </trkpt>
      <trkpt lat="39.08245" lon="-0.95115">
        <ele>805.75</ele>
      </trkpt>
      <trkpt lat="39.082419" lon="-0.951067">
        <ele>806.5</ele>
      </trkpt>
      <trkpt lat="39.082403" lon="-0.950961">
        <ele>806.75</ele>
      </trkpt>
      <trkpt lat="39.082385" lon="-0.950738">
        <ele>807.5</ele>
      </trkpt>
      <trkpt lat="39.082217" lon="-0.950343">
        <ele>811.75</ele>
      </trkpt>
      <trkpt lat="39.082101" lon="-0.950047">
        <ele>814</ele>
      </trkpt>
      <trkpt lat="39.082083" lon="-0.949952">
        <ele>814.5</ele>
      </trkpt>
      <trkpt lat="39.082086" lon="-0.949842">
        <ele>814.75</ele>
      </trkpt>
      <trkpt lat="39.0821" lon="-0.949735">
        <ele>814.75</ele>
      </trkpt>
      <trkpt lat="39.08222" lon="-0.949315">
        <ele>815.25</ele>
      </trkpt>
      <trkpt lat="39.08223" lon="-0.949181">
        <ele>815.75</ele>
      </trkpt>
      <trkpt lat="39.082222" lon="-0.94904">
        <ele>815.5</ele>
      </trkpt>
      <trkpt lat="39.082194" lon="-0.948857">
        <ele>815</ele>
      </trkpt>
      <trkpt lat="39.082112" lon="-0.948617">
        <ele>814.25</ele>
      </trkpt>
      <trkpt lat="39.082042" lon="-0.948427">
        <ele>813.5</ele>
      </trkpt>
      <trkpt lat="39.081897" lon="-0.948114">
        <ele>813.75</ele>
      </trkpt>
      <trkpt lat="39.081848" lon="-0.948046">
        <ele>813.75</ele>
      </trkpt>
      <trkpt lat="39.081324" lon="-0.947568">
        <ele>818</ele>
      </trkpt>
      <trkpt lat="39.081237" lon="-0.947437">
        <ele>818.75</ele>
      </trkpt>
      <trkpt lat="39.081092" lon="-0.947082">
        <ele>820.5</ele>
      </trkpt>
      <trkpt lat="39.080918" lon="-0.94683">
        <ele>820</ele>
      </trkpt>
      <trkpt lat="39.080802" lon="-0.946709">
        <ele>819.5</ele>
      </trkpt>
      <trkpt lat="39.080433" lon="-0.946699">
        <ele>825.25</ele>
      </trkpt>
      <trkpt lat="39.080358" lon="-0.946651">
        <ele>826.25</ele>
      </trkpt>
      <trkpt lat="39.080244" lon="-0.946578">
        <ele>828</ele>
      </trkpt>
      <trkpt lat="39.080172" lon="-0.946354">
        <ele>828.5</ele>
      </trkpt>
      <trkpt lat="39.080215" lon="-0.945756">
        <ele>826.75</ele>
      </trkpt>
      <trkpt lat="39.080172" lon="-0.945485">
        <ele>827.25</ele>
      </trkpt>
      <trkpt lat="39.08007" lon="-0.945102">
        <ele>827.75</ele>
      </trkpt>
      <trkpt lat="39.079957" lon="-0.944934">
        <ele>829.25</ele>
      </trkpt>
      <trkpt lat="39.079831" lon="-0.944831">
        <ele>832.75</ele>
      </trkpt>
      <trkpt lat="39.079773" lon="-0.94457">
        <ele>834</ele>
      </trkpt>
      <trkpt lat="39.079671" lon="-0.944299">
        <ele>836</ele>
      </trkpt>
      <trkpt lat="39.079299" lon="-0.943696">
        <ele>841.25</ele>
      </trkpt>
      <trkpt lat="39.079167" lon="-0.943235">
        <ele>839.25</ele>
      </trkpt>
      <trkpt lat="39.079078" lon="-0.943049">
        <ele>840</ele>
      </trkpt>
      <trkpt lat="39.078913" lon="-0.942839">
        <ele>841.5</ele>
      </trkpt>
      <trkpt lat="39.078699" lon="-0.942633">
        <ele>842.75</ele>
      </trkpt>
      <trkpt lat="39.078534" lon="-0.942499">
        <ele>843.25</ele>
      </trkpt>
      <trkpt lat="39.078498" lon="-0.942454">
        <ele>843.5</ele>
      </trkpt>
      <trkpt lat="39.078457" lon="-0.942381">
        <ele>843.75</ele>
      </trkpt>
      <trkpt lat="39.078429" lon="-0.942288">
        <ele>843.75</ele>
      </trkpt>
      <trkpt lat="39.078419" lon="-0.942207">
        <ele>843.5</ele>
      </trkpt>
      <trkpt lat="39.078421" lon="-0.942152">
        <ele>843.25</ele>
      </trkpt>
      <trkpt lat="39.07843" lon="-0.941995">
        <ele>842.75</ele>
      </trkpt>
      <trkpt lat="39.078394" lon="-0.941963">
        <ele>842.5</ele>
      </trkpt>
      <trkpt lat="39.078342" lon="-0.941934">
        <ele>842.5</ele>
      </trkpt>
      <trkpt lat="39.078215" lon="-0.941875">
        <ele>845.25</ele>
      </trkpt>
      <trkpt lat="39.078172" lon="-0.941833">
        <ele>846</ele>
      </trkpt>
      <trkpt lat="39.078166" lon="-0.941826">
        <ele>846.25</ele>
      </trkpt>
      <trkpt lat="39.078069" lon="-0.941634">
        <ele>847.25</ele>
      </trkpt>
      <trkpt lat="39.078028" lon="-0.941559">
        <ele>848.25</ele>
      </trkpt>
      <trkpt lat="39.078013" lon="-0.941562">
        <ele>848.5</ele>
      </trkpt>
      <trkpt lat="39.077792" lon="-0.941299">
        <ele>852</ele>
      </trkpt>
      <trkpt lat="39.077734" lon="-0.94122">
        <ele>852.5</ele>
      </trkpt>
      <trkpt lat="39.077695" lon="-0.941145">
        <ele>852.5</ele>
      </trkpt>
      <trkpt lat="39.077681" lon="-0.941081">
        <ele>852.25</ele>
      </trkpt>
      <trkpt lat="39.077681" lon="-0.941024">
        <ele>852</ele>
      </trkpt>
      <trkpt lat="39.077695" lon="-0.940967">
        <ele>851.5</ele>
      </trkpt>
      <trkpt lat="39.077804" lon="-0.940691">
        <ele>850</ele>
      </trkpt>
      <trkpt lat="39.077843" lon="-0.94056">
        <ele>850</ele>
      </trkpt>
      <trkpt lat="39.077862" lon="-0.94043">
        <ele>850.25</ele>
      </trkpt>
      <trkpt lat="39.077858" lon="-0.940316">
        <ele>850.5</ele>
      </trkpt>
      <trkpt lat="39.077839" lon="-0.940174">
        <ele>850.75</ele>
      </trkpt>
      <trkpt lat="39.077809" lon="-0.940028">
        <ele>851.25</ele>
      </trkpt>
      <trkpt lat="39.077776" lon="-0.939932">
        <ele>852.25</ele>
      </trkpt>
      <trkpt lat="39.077734" lon="-0.939848">
        <ele>853</ele>
      </trkpt>
      <trkpt lat="39.07747" lon="-0.939407">
        <ele>857</ele>
      </trkpt>
      <trkpt lat="39.077311" lon="-0.939128">
        <ele>860.5</ele>
      </trkpt>
      <trkpt lat="39.077221" lon="-0.939016">
        <ele>862.25</ele>
      </trkpt>
      <trkpt lat="39.07712" lon="-0.938904">
        <ele>863.5</ele>
      </trkpt>
      <trkpt lat="39.076849" lon="-0.93866">
        <ele>865.25</ele>
      </trkpt>
      <trkpt lat="39.076422" lon="-0.938369">
        <ele>867.75</ele>
      </trkpt>
      <trkpt lat="39.076302" lon="-0.938252">
        <ele>869.5</ele>
      </trkpt>
      <trkpt lat="39.07589" lon="-0.937658">
        <ele>874</ele>
      </trkpt>
      <trkpt lat="39.075614" lon="-0.937081">
        <ele>880.25</ele>
      </trkpt>
      <trkpt lat="39.07552" lon="-0.936834">
        <ele>883</ele>
      </trkpt>
      <trkpt lat="39.075419" lon="-0.936644">
        <ele>885</ele>
      </trkpt>
      <trkpt lat="39.075112" lon="-0.936241">
        <ele>890</ele>
      </trkpt>
      <trkpt lat="39.074716" lon="-0.935677">
        <ele>897.25</ele>
      </trkpt>
      <trkpt lat="39.074507" lon="-0.93521">
        <ele>899.5</ele>
      </trkpt>
      <trkpt lat="39.074476" lon="-0.935032">
        <ele>899.5</ele>
      </trkpt>
      <trkpt lat="39.074485" lon="-0.93482">
        <ele>897.5</ele>
      </trkpt>
      <trkpt lat="39.074453" lon="-0.934719">
        <ele>896.75</ele>
      </trkpt>
      <trkpt lat="39.074411" lon="-0.934663">
        <ele>896</ele>
      </trkpt>
      <trkpt lat="39.07418" lon="-0.934531">
        <ele>893.5</ele>
      </trkpt>
      <trkpt lat="39.074058" lon="-0.934494">
        <ele>891.25</ele>
      </trkpt>
      <trkpt lat="39.073959" lon="-0.934495">
        <ele>889.5</ele>
      </trkpt>
      <trkpt lat="39.073839" lon="-0.934511">
        <ele>888</ele>
      </trkpt>
      <trkpt lat="39.073244" lon="-0.934688">
        <ele>883.25</ele>
      </trkpt>
      <trkpt lat="39.072954" lon="-0.934843">
        <ele>881.75</ele>
      </trkpt>
      <trkpt lat="39.072784" lon="-0.934958">
        <ele>881.25</ele>
      </trkpt>
      <trkpt lat="39.072659" lon="-0.935071">
        <ele>880.25</ele>
      </trkpt>
      <trkpt lat="39.07249" lon="-0.935247">
        <ele>877.25</ele>
      </trkpt>
      <trkpt lat="39.072355" lon="-0.935389">
        <ele>875</ele>
      </trkpt>
      <trkpt lat="39.07205" lon="-0.93575">
        <ele>869.75</ele>
      </trkpt>
      <trkpt lat="39.071915" lon="-0.935941">
        <ele>867.5</ele>
      </trkpt>
      <trkpt lat="39.071611" lon="-0.936444">
        <ele>860.75</ele>
      </trkpt>
      <trkpt lat="39.071527" lon="-0.936576">
        <ele>858.5</ele>
      </trkpt>
      <trkpt lat="39.071477" lon="-0.936639">
        <ele>857.25</ele>
      </trkpt>
      <trkpt lat="39.071408" lon="-0.936709">
        <ele>855.75</ele>
      </trkpt>
      <trkpt lat="39.07123" lon="-0.936831">
        <ele>852</ele>
      </trkpt>
      <trkpt lat="39.071126" lon="-0.936918">
        <ele>850</ele>
      </trkpt>
      <trkpt lat="39.070911" lon="-0.93713">
        <ele>846.75</ele>
      </trkpt>
      <trkpt lat="39.070861" lon="-0.937166">
        <ele>845.75</ele>
      </trkpt>
      <trkpt lat="39.070775" lon="-0.93719">
        <ele>844.25</ele>
      </trkpt>
      <trkpt lat="39.070583" lon="-0.937202">
        <ele>840.75</ele>
      </trkpt>
      <trkpt lat="39.070483" lon="-0.937218">
        <ele>839.25</ele>
      </trkpt>
      <trkpt lat="39.070288" lon="-0.937287">
        <ele>836.75</ele>
      </trkpt>
      <trkpt lat="39.070094" lon="-0.937384">
        <ele>834.75</ele>
      </trkpt>
      <trkpt lat="39.070012" lon="-0.937407">
        <ele>833.5</ele>
      </trkpt>
      <trkpt lat="39.069705" lon="-0.937441">
        <ele>828</ele>
      </trkpt>
      <trkpt lat="39.06961" lon="-0.937459">
        <ele>826.5</ele>
      </trkpt>
      <trkpt lat="39.069416" lon="-0.937555">
        <ele>823.25</ele>
      </trkpt>
      <trkpt lat="39.069271" lon="-0.937632">
        <ele>820.75</ele>
      </trkpt>
      <trkpt lat="39.069143" lon="-0.93768">
        <ele>818.25</ele>
      </trkpt>
      <trkpt lat="39.068981" lon="-0.937711">
        <ele>816</ele>
      </trkpt>
      <trkpt lat="39.068812" lon="-0.937728">
        <ele>813.25</ele>
      </trkpt>
      <trkpt lat="39.068694" lon="-0.937729">
        <ele>811.25</ele>
      </trkpt>
      <trkpt lat="39.068594" lon="-0.937713">
        <ele>809.5</ele>
      </trkpt>
      <trkpt lat="39.068502" lon="-0.937684">
        <ele>808</ele>
      </trkpt>
      <trkpt lat="39.068325" lon="-0.937645">
        <ele>805.25</ele>
      </trkpt>
      <trkpt lat="39.068225" lon="-0.937631">
        <ele>804.25</ele>
      </trkpt>
      <trkpt lat="39.068114" lon="-0.937643">
        <ele>803</ele>
      </trkpt>
      <trkpt lat="39.067954" lon="-0.937687">
        <ele>801.75</ele>
      </trkpt>
      <trkpt lat="39.06776" lon="-0.937788">
        <ele>800</ele>
      </trkpt>
      <trkpt lat="39.06786" lon="-0.937555">
        <ele>800.5</ele>
      </trkpt>
      <trkpt lat="39.067934" lon="-0.937448">
        <ele>800.5</ele>
      </trkpt>
      <trkpt lat="39.068047" lon="-0.937323">
        <ele>800.25</ele>
      </trkpt>
      <trkpt lat="39.06815" lon="-0.937247">
        <ele>800.5</ele>
      </trkpt>
      <trkpt lat="39.068219" lon="-0.937184">
        <ele>800.5</ele>
      </trkpt>
      <trkpt lat="39.068262" lon="-0.937093">
        <ele>800.25</ele>
      </trkpt>
      <trkpt lat="39.068283" lon="-0.936993">
        <ele>799.5</ele>
      </trkpt>
      <trkpt lat="39.068283" lon="-0.936818">
        <ele>797.75</ele>
      </trkpt>
      <trkpt lat="39.068269" lon="-0.936637">
        <ele>796</ele>
      </trkpt>
      <trkpt lat="39.06824" lon="-0.936447">
        <ele>795</ele>
      </trkpt>
      <trkpt lat="39.068212" lon="-0.936341">
        <ele>794.25</ele>
      </trkpt>
      <trkpt lat="39.068159" lon="-0.936215">
        <ele>792.75</ele>
      </trkpt>
      <trkpt lat="39.067976" lon="-0.935805">
        <ele>787.5</ele>
      </trkpt>
      <trkpt lat="39.067879" lon="-0.935613">
        <ele>784.75</ele>
      </trkpt>
      <trkpt lat="39.067531" lon="-0.935073">
        <ele>776.5</ele>
      </trkpt>
      <trkpt lat="39.067367" lon="-0.934835">
        <ele>772.75</ele>
      </trkpt>
      <trkpt lat="39.067251" lon="-0.934692">
        <ele>770.5</ele>
      </trkpt>
      <trkpt lat="39.067191" lon="-0.934605">
        <ele>769.5</ele>
      </trkpt>
      <trkpt lat="39.067147" lon="-0.934455">
        <ele>769</ele>
      </trkpt>
      <trkpt lat="39.067138" lon="-0.934377">
        <ele>768.75</ele>
      </trkpt>
      <trkpt lat="39.067172" lon="-0.9341">
        <ele>769</ele>
      </trkpt>
      <trkpt lat="39.067206" lon="-0.933955">
        <ele>768.25</ele>
      </trkpt>
      <trkpt lat="39.067338" lon="-0.933494">
        <ele>766</ele>
      </trkpt>
      <trkpt lat="39.067583" lon="-0.933073">
        <ele>763.75</ele>
      </trkpt>
      <trkpt lat="39.067877" lon="-0.932745">
        <ele>761</ele>
      </trkpt>
      <trkpt lat="39.068184" lon="-0.932481">
        <ele>758.75</ele>
      </trkpt>
      <trkpt lat="39.068278" lon="-0.932344">
        <ele>757.25</ele>
      </trkpt>
      <trkpt lat="39.068291" lon="-0.932097">
        <ele>755</ele>
      </trkpt>
      <trkpt lat="39.068331" lon="-0.93177">
        <ele>751.75</ele>
      </trkpt>
      <trkpt lat="39.068347" lon="-0.931565">
        <ele>750</ele>
      </trkpt>
      <trkpt lat="39.068284" lon="-0.931327">
        <ele>748</ele>
      </trkpt>
      <trkpt lat="39.068178" lon="-0.931114">
        <ele>745.75</ele>
      </trkpt>
      <trkpt lat="39.067984" lon="-0.930957">
        <ele>744</ele>
      </trkpt>
      <trkpt lat="39.067832" lon="-0.930821">
        <ele>742.5</ele>
      </trkpt>
      <trkpt lat="39.067686" lon="-0.930557">
        <ele>740.75</ele>
      </trkpt>
      <trkpt lat="39.067332" lon="-0.930004">
        <ele>735.5</ele>
      </trkpt>
      <trkpt lat="39.067124" lon="-0.92968">
        <ele>732.25</ele>
      </trkpt>
      <trkpt lat="39.066959" lon="-0.929297">
        <ele>729.25</ele>
      </trkpt>
      <trkpt lat="39.066896" lon="-0.928718">
        <ele>726.5</ele>
      </trkpt>
      <trkpt lat="39.066896" lon="-0.928199">
        <ele>724.75</ele>
      </trkpt>
      <trkpt lat="39.066877" lon="-0.927909">
        <ele>723.75</ele>
      </trkpt>
      <trkpt lat="39.066807" lon="-0.927795">
        <ele>723.75</ele>
      </trkpt>
      <trkpt lat="39.066695" lon="-0.927778">
        <ele>724</ele>
      </trkpt>
      <trkpt lat="39.066563" lon="-0.927778">
        <ele>723</ele>
      </trkpt>
      <trkpt lat="39.066401" lon="-0.927705">
        <ele>721.25</ele>
      </trkpt>
      <trkpt lat="39.066216" lon="-0.927526">
        <ele>719</ele>
      </trkpt>
      <trkpt lat="39.066103" lon="-0.927301">
        <ele>717.5</ele>
      </trkpt>
      <trkpt lat="39.0661" lon="-0.927011">
        <ele>716.75</ele>
      </trkpt>
      <trkpt lat="39.066183" lon="-0.926671">
        <ele>717</ele>
      </trkpt>
      <trkpt lat="39.066175" lon="-0.926501">
        <ele>715.5</ele>
      </trkpt>
      <trkpt lat="39.066152" lon="-0.926267">
        <ele>712.75</ele>
      </trkpt>
      <trkpt lat="39.06618" lon="-0.926017">
        <ele>710.75</ele>
      </trkpt>
      <trkpt lat="39.066329" lon="-0.925671">
        <ele>708.75</ele>
      </trkpt>
      <trkpt lat="39.066565" lon="-0.925436">
        <ele>708.75</ele>
      </trkpt>
      <trkpt lat="39.066841" lon="-0.925198">
        <ele>704.75</ele>
      </trkpt>
      <trkpt lat="39.067103" lon="-0.92496">
        <ele>698.75</ele>
      </trkpt>
      <trkpt lat="39.06721" lon="-0.924771">
        <ele>695.75</ele>
      </trkpt>
      <trkpt lat="39.067234" lon="-0.924641">
        <ele>694.5</ele>
      </trkpt>
      <trkpt lat="39.067163" lon="-0.924488">
        <ele>694</ele>
      </trkpt>
      <trkpt lat="39.066897" lon="-0.924295">
        <ele>695</ele>
      </trkpt>
      <trkpt lat="39.066383" lon="-0.924112">
        <ele>691.75</ele>
      </trkpt>
      <trkpt lat="39.066325" lon="-0.92404">
        <ele>690</ele>
      </trkpt>
      <trkpt lat="39.066332" lon="-0.923973">
        <ele>689.25</ele>
      </trkpt>
      <trkpt lat="39.066453" lon="-0.923793">
        <ele>688</ele>
      </trkpt>
      <trkpt lat="39.066586" lon="-0.92342">
        <ele>683.5</ele>
      </trkpt>
      <trkpt lat="39.066701" lon="-0.923119">
        <ele>678.5</ele>
      </trkpt>
      <trkpt lat="39.066829" lon="-0.92295">
        <ele>673.5</ele>
      </trkpt>
      <trkpt lat="39.066914" lon="-0.9228">
        <ele>669.25</ele>
      </trkpt>
      <trkpt lat="39.066923" lon="-0.92273">
        <ele>667.75</ele>
      </trkpt>
      <trkpt lat="39.066855" lon="-0.922565">
        <ele>665.75</ele>
      </trkpt>
      <trkpt lat="39.066664" lon="-0.922294">
        <ele>664.75</ele>
      </trkpt>
      <trkpt lat="39.066465" lon="-0.922032">
        <ele>660.5</ele>
      </trkpt>
      <trkpt lat="39.066341" lon="-0.921966">
        <ele>659.5</ele>
      </trkpt>
      <trkpt lat="39.066166" lon="-0.921978">
        <ele>659.5</ele>
      </trkpt>
      <trkpt lat="39.065895" lon="-0.922029">
        <ele>659.75</ele>
      </trkpt>
      <trkpt lat="39.065741" lon="-0.921993">
        <ele>657.5</ele>
      </trkpt>
      <trkpt lat="39.065654" lon="-0.921873">
        <ele>655</ele>
      </trkpt>
      <trkpt lat="39.065654" lon="-0.921686">
        <ele>653.25</ele>
      </trkpt>
      <trkpt lat="39.065715" lon="-0.921382">
        <ele>650.5</ele>
      </trkpt>
      <trkpt lat="39.065787" lon="-0.921075">
        <ele>647.5</ele>
      </trkpt>
      <trkpt lat="39.065797" lon="-0.920577">
        <ele>642.5</ele>
      </trkpt>
      <trkpt lat="39.065741" lon="-0.920392">
        <ele>640.25</ele>
      </trkpt>
      <trkpt lat="39.065644" lon="-0.920295">
        <ele>638.5</ele>
      </trkpt>
      <trkpt lat="39.065471" lon="-0.920187">
        <ele>635.5</ele>
      </trkpt>
      <trkpt lat="39.0653" lon="-0.920126">
        <ele>633</ele>
      </trkpt>
      <trkpt lat="39.065108" lon="-0.920098">
        <ele>630.5</ele>
      </trkpt>
      <trkpt lat="39.064954" lon="-0.920108">
        <ele>628.5</ele>
      </trkpt>
      <trkpt lat="39.064743" lon="-0.920147">
        <ele>624.5</ele>
      </trkpt>
      <trkpt lat="39.064575" lon="-0.920255">
        <ele>622.25</ele>
      </trkpt>
      <trkpt lat="39.064419" lon="-0.920436">
        <ele>620.75</ele>
      </trkpt>
      <trkpt lat="39.064357" lon="-0.920607">
        <ele>620.75</ele>
      </trkpt>
      <trkpt lat="39.06431" lon="-0.920789">
        <ele>621</ele>
      </trkpt>
      <trkpt lat="39.064266" lon="-0.921135">
        <ele>620.25</ele>
      </trkpt>
      <trkpt lat="39.064184" lon="-0.921587">
        <ele>617.5</ele>
      </trkpt>
      <trkpt lat="39.064089" lon="-0.921939">
        <ele>614.25</ele>
      </trkpt>
      <trkpt lat="39.064026" lon="-0.922045">
        <ele>613</ele>
      </trkpt>
      <trkpt lat="39.06395" lon="-0.922117">
        <ele>611.5</ele>
      </trkpt>
      <trkpt lat="39.063883" lon="-0.92214">
        <ele>610.5</ele>
      </trkpt>
      <trkpt lat="39.063817" lon="-0.922142">
        <ele>609.5</ele>
      </trkpt>
      <trkpt lat="39.063745" lon="-0.922112">
        <ele>608.5</ele>
      </trkpt>
      <trkpt lat="39.063656" lon="-0.92204">
        <ele>607.25</ele>
      </trkpt>
      <trkpt lat="39.063583" lon="-0.921965">
        <ele>606.25</ele>
      </trkpt>
      <trkpt lat="39.063366" lon="-0.921744">
        <ele>602.5</ele>
      </trkpt>
      <trkpt lat="39.062938" lon="-0.921286">
        <ele>603</ele>
      </trkpt>
      <trkpt lat="39.06286" lon="-0.921247">
        <ele>603</ele>
      </trkpt>
      <trkpt lat="39.06279" lon="-0.921247">
        <ele>603.25</ele>
      </trkpt>
      <trkpt lat="39.062638" lon="-0.921298">
        <ele>603.75</ele>
      </trkpt>
      <trkpt lat="39.062578" lon="-0.921304">
        <ele>604</ele>
      </trkpt>
      <trkpt lat="39.062523" lon="-0.921283">
        <ele>604</ele>
      </trkpt>
      <trkpt lat="39.062477" lon="-0.921238">
        <ele>604.5</ele>
      </trkpt>
      <trkpt lat="39.062438" lon="-0.921173">
        <ele>605</ele>
      </trkpt>
      <trkpt lat="39.06232" lon="-0.920777">
        <ele>605.5</ele>
      </trkpt>
      <trkpt lat="39.062224" lon="-0.920585">
        <ele>606.25</ele>
      </trkpt>
      <trkpt lat="39.061887" lon="-0.920079">
        <ele>606</ele>
      </trkpt>
      <trkpt lat="39.061609" lon="-0.919751">
        <ele>608</ele>
      </trkpt>
      <trkpt lat="39.061408" lon="-0.919673">
        <ele>610</ele>
      </trkpt>
      <trkpt lat="39.061135" lon="-0.919703">
        <ele>612.25</ele>
      </trkpt>
      <trkpt lat="39.06077" lon="-0.919898">
        <ele>612.5</ele>
      </trkpt>
      <trkpt lat="39.060716" lon="-0.919921">
        <ele>612.25</ele>
      </trkpt>
      <trkpt lat="39.060518" lon="-0.920004">
        <ele>611.75</ele>
      </trkpt>
      <trkpt lat="39.060268" lon="-0.920034">
        <ele>612.5</ele>
      </trkpt>
      <trkpt lat="39.059758" lon="-0.920184">
        <ele>614.75</ele>
      </trkpt>
      <trkpt lat="39.059522" lon="-0.920184">
        <ele>615.25</ele>
      </trkpt>
      <trkpt lat="39.059496" lon="-0.920173">
        <ele>615.25</ele>
      </trkpt>
      <trkpt lat="39.059347" lon="-0.920109">
        <ele>615</ele>
      </trkpt>
      <trkpt lat="39.059113" lon="-0.919871">
        <ele>615.5</ele>
      </trkpt>
      <trkpt lat="39.058811" lon="-0.919447">
        <ele>619.75</ele>
      </trkpt>
      <trkpt lat="39.05871" lon="-0.919378">
        <ele>620</ele>
      </trkpt>
      <trkpt lat="39.05855" lon="-0.919375">
        <ele>619.75</ele>
      </trkpt>
      <trkpt lat="39.058314" lon="-0.919477">
        <ele>618.75</ele>
      </trkpt>
      <trkpt lat="39.058027" lon="-0.919649">
        <ele>622</ele>
      </trkpt>
      <trkpt lat="39.057735" lon="-0.919889">
        <ele>623.5</ele>
      </trkpt>
      <trkpt lat="39.057529" lon="-0.920245">
        <ele>622.5</ele>
      </trkpt>
      <trkpt lat="39.057293" lon="-0.920503">
        <ele>623.5</ele>
      </trkpt>
      <trkpt lat="39.057092" lon="-0.920672">
        <ele>624.25</ele>
      </trkpt>
      <trkpt lat="39.05701" lon="-0.920723">
        <ele>624.75</ele>
      </trkpt>
      <trkpt lat="39.056674" lon="-0.92072">
        <ele>628.75</ele>
      </trkpt>
      <trkpt lat="39.056197" lon="-0.920871">
        <ele>629.5</ele>
      </trkpt>
      <trkpt lat="39.056047" lon="-0.920858">
        <ele>630.5</ele>
      </trkpt>
      <trkpt lat="39.055905" lon="-0.920723">
        <ele>634</ele>
      </trkpt>
      <trkpt lat="39.055709" lon="-0.920576">
        <ele>638.5</ele>
      </trkpt>
      <trkpt lat="39.055391" lon="-0.920494">
        <ele>642.5</ele>
      </trkpt>
      <trkpt lat="39.055047" lon="-0.920527">
        <ele>643</ele>
      </trkpt>
      <trkpt lat="39.054608" lon="-0.920684">
        <ele>647</ele>
      </trkpt>
      <trkpt lat="39.054404" lon="-0.920919">
        <ele>645.75</ele>
      </trkpt>
      <trkpt lat="39.054292" lon="-0.921211">
        <ele>644</ele>
      </trkpt>
      <trkpt lat="39.054194" lon="-0.921644">
        <ele>639</ele>
      </trkpt>
      <trkpt lat="39.054175" lon="-0.921951">
        <ele>637</ele>
      </trkpt>
      <trkpt lat="39.054129" lon="-0.922113">
        <ele>636.25</ele>
      </trkpt>
      <trkpt lat="39.05401" lon="-0.922141">
        <ele>636.75</ele>
      </trkpt>
      <trkpt lat="39.053865" lon="-0.922062">
        <ele>637.75</ele>
      </trkpt>
      <trkpt lat="39.053666" lon="-0.921879">
        <ele>638.75</ele>
      </trkpt>
      <trkpt lat="39.053458" lon="-0.921566">
        <ele>639.75</ele>
      </trkpt>
      <trkpt lat="39.053341" lon="-0.921242">
        <ele>642</ele>
      </trkpt>
      <trkpt lat="39.053283" lon="-0.921131">
        <ele>642.75</ele>
      </trkpt>
      <trkpt lat="39.053187" lon="-0.920949">
        <ele>643.5</ele>
      </trkpt>
      <trkpt lat="39.053004" lon="-0.920768">
        <ele>644.75</ele>
      </trkpt>
      <trkpt lat="39.052822" lon="-0.920744">
        <ele>644</ele>
      </trkpt>
      <trkpt lat="39.052558" lon="-0.920874">
        <ele>641.25</ele>
      </trkpt>
      <trkpt lat="39.052352" lon="-0.921084">
        <ele>644.75</ele>
      </trkpt>
      <trkpt lat="39.052292" lon="-0.921135">
        <ele>645.75</ele>
      </trkpt>
      <trkpt lat="39.051717" lon="-0.921611">
        <ele>648.5</ele>
      </trkpt>
      <trkpt lat="39.051453" lon="-0.921803">
        <ele>653.75</ele>
      </trkpt>
      <trkpt lat="39.051291" lon="-0.921806">
        <ele>656.25</ele>
      </trkpt>
      <trkpt lat="39.051133" lon="-0.92171">
        <ele>656</ele>
      </trkpt>
      <trkpt lat="39.051018" lon="-0.921536">
        <ele>656.25</ele>
      </trkpt>
      <trkpt lat="39.050942" lon="-0.921302">
        <ele>656.25</ele>
      </trkpt>
      <trkpt lat="39.050903" lon="-0.921072">
        <ele>655.25</ele>
      </trkpt>
      <trkpt lat="39.050801" lon="-0.920777">
        <ele>654.75</ele>
      </trkpt>
      <trkpt lat="39.050632" lon="-0.920248">
        <ele>660</ele>
      </trkpt>
      <trkpt lat="39.050478" lon="-0.92013">
        <ele>660.25</ele>
      </trkpt>
      <trkpt lat="39.05033" lon="-0.920082">
        <ele>659.75</ele>
      </trkpt>
      <trkpt lat="39.050272" lon="-0.920064">
        <ele>659.5</ele>
      </trkpt>
      <trkpt lat="39.049931" lon="-0.9201">
        <ele>658.75</ele>
      </trkpt>
      <trkpt lat="39.049368" lon="-0.92029">
        <ele>663.25</ele>
      </trkpt>
      <trkpt lat="39.049209" lon="-0.920272">
        <ele>664</ele>
      </trkpt>
      <trkpt lat="39.049111" lon="-0.920148">
        <ele>663</ele>
      </trkpt>
      <trkpt lat="39.049003" lon="-0.919965">
        <ele>662.25</ele>
      </trkpt>
      <trkpt lat="39.048905" lon="-0.919817">
        <ele>664.5</ele>
      </trkpt>
      <trkpt lat="39.048791" lon="-0.919594">
        <ele>666.25</ele>
      </trkpt>
      <trkpt lat="39.04877" lon="-0.919327">
        <ele>666.5</ele>
      </trkpt>
      <trkpt lat="39.048877" lon="-0.919164">
        <ele>665.5</ele>
      </trkpt>
      <trkpt lat="39.048937" lon="-0.919087">
        <ele>665.5</ele>
      </trkpt>
      <trkpt lat="39.049015" lon="-0.918987">
        <ele>665.25</ele>
      </trkpt>
      <trkpt lat="39.049087" lon="-0.91883">
        <ele>665.75</ele>
      </trkpt>
      <trkpt lat="39.049083" lon="-0.91871">
        <ele>666.25</ele>
      </trkpt>
      <trkpt lat="39.049038" lon="-0.918553">
        <ele>666.75</ele>
      </trkpt>
      <trkpt lat="39.048957" lon="-0.918454">
        <ele>667</ele>
      </trkpt>
      <trkpt lat="39.048807" lon="-0.918294">
        <ele>668</ele>
      </trkpt>
      <trkpt lat="39.04869" lon="-0.918254">
        <ele>668.75</ele>
      </trkpt>
      <trkpt lat="39.048643" lon="-0.918237">
        <ele>669</ele>
      </trkpt>
      <trkpt lat="39.048452" lon="-0.918324">
        <ele>666.25</ele>
      </trkpt>
      <trkpt lat="39.048106" lon="-0.918409">
        <ele>667.25</ele>
      </trkpt>
      <trkpt lat="39.047891" lon="-0.918442">
        <ele>668.5</ele>
      </trkpt>
      <trkpt lat="39.047606" lon="-0.918502">
        <ele>670.25</ele>
      </trkpt>
      <trkpt lat="39.047444" lon="-0.918556">
        <ele>670.75</ele>
      </trkpt>
      <trkpt lat="39.047035" lon="-0.918592">
        <ele>670.25</ele>
      </trkpt>
      <trkpt lat="39.046701" lon="-0.918686">
        <ele>670.5</ele>
      </trkpt>
      <trkpt lat="39.04647" lon="-0.918713">
        <ele>672</ele>
      </trkpt>
      <trkpt lat="39.046337" lon="-0.918683">
        <ele>673</ele>
      </trkpt>
      <trkpt lat="39.046266" lon="-0.918559">
        <ele>672.75</ele>
      </trkpt>
      <trkpt lat="39.046229" lon="-0.918309">
        <ele>672.5</ele>
      </trkpt>
      <trkpt lat="39.046189" lon="-0.918126">
        <ele>675</ele>
      </trkpt>
      <trkpt lat="39.046028" lon="-0.917969">
        <ele>678</ele>
      </trkpt>
      <trkpt lat="39.045897" lon="-0.918042">
        <ele>678.25</ele>
      </trkpt>
      <trkpt lat="39.045745" lon="-0.918042">
        <ele>679.25</ele>
      </trkpt>
      <trkpt lat="39.04546" lon="-0.917915">
        <ele>682.25</ele>
      </trkpt>
      <trkpt lat="39.045168" lon="-0.917852">
        <ele>685.25</ele>
      </trkpt>
      <trkpt lat="39.044943" lon="-0.917828">
        <ele>687.5</ele>
      </trkpt>
      <trkpt lat="39.044572" lon="-0.917921">
        <ele>689.75</ele>
      </trkpt>
      <trkpt lat="39.04428" lon="-0.917957">
        <ele>691.75</ele>
      </trkpt>
      <trkpt lat="39.044016" lon="-0.917897">
        <ele>694.5</ele>
      </trkpt>
      <trkpt lat="39.043616" lon="-0.917665">
        <ele>700.5</ele>
      </trkpt>
      <trkpt lat="39.043232" lon="-0.917425">
        <ele>707.25</ele>
      </trkpt>
      <trkpt lat="39.042866" lon="-0.91731">
        <ele>712.25</ele>
      </trkpt>
      <trkpt lat="39.042414" lon="-0.917295">
        <ele>714.5</ele>
      </trkpt>
      <trkpt lat="39.0419" lon="-0.917208">
        <ele>715.75</ele>
      </trkpt>
      <trkpt lat="39.041762" lon="-0.917148">
        <ele>717.5</ele>
      </trkpt>
      <trkpt lat="39.041713" lon="-0.917082">
        <ele>719.5</ele>
      </trkpt>
      <trkpt lat="39.041744" lon="-0.917">
        <ele>722.25</ele>
      </trkpt>
      <trkpt lat="39.041853" lon="-0.916949">
        <ele>724</ele>
      </trkpt>
      <trkpt lat="39.042174" lon="-0.916835">
        <ele>727.75</ele>
      </trkpt>
      <trkpt lat="39.042784" lon="-0.916507">
        <ele>730.5</ele>
      </trkpt>
      <trkpt lat="39.042821" lon="-0.916434">
        <ele>730.25</ele>
      </trkpt>
      <trkpt lat="39.042805" lon="-0.916395">
        <ele>730.75</ele>
      </trkpt>
      <trkpt lat="39.042707" lon="-0.916347">
        <ele>732</ele>
      </trkpt>
      <trkpt lat="39.042012" lon="-0.91623">
        <ele>737.75</ele>
      </trkpt>
      <trkpt lat="39.04187" lon="-0.916158">
        <ele>739.5</ele>
      </trkpt>
      <trkpt lat="39.041727" lon="-0.915983">
        <ele>743</ele>
      </trkpt>
      <trkpt lat="39.041592" lon="-0.915706">
        <ele>744.5</ele>
      </trkpt>
      <trkpt lat="39.041384" lon="-0.915414">
        <ele>744.25</ele>
      </trkpt>
      <trkpt lat="39.041157" lon="-0.915158">
        <ele>748</ele>
      </trkpt>
      <trkpt lat="39.040881" lon="-0.914888">
        <ele>755.5</ele>
      </trkpt>
      <trkpt lat="39.040671" lon="-0.914767">
        <ele>757.5</ele>
      </trkpt>
      <trkpt lat="39.040393" lon="-0.914638">
        <ele>759.5</ele>
      </trkpt>
      <trkpt lat="39.040231" lon="-0.914481">
        <ele>762.25</ele>
      </trkpt>
      <trkpt lat="39.039955" lon="-0.91363">
        <ele>772.25</ele>
      </trkpt>
      <trkpt lat="39.039878" lon="-0.913274">
        <ele>772.5</ele>
      </trkpt>
      <trkpt lat="39.039878" lon="-0.912874">
        <ele>776.5</ele>
      </trkpt>
      <trkpt lat="39.039853" lon="-0.912468">
        <ele>779.5</ele>
      </trkpt>
      <trkpt lat="39.039773" lon="-0.912023">
        <ele>780.5</ele>
      </trkpt>
      <trkpt lat="39.039588" lon="-0.911466">
        <ele>782.75</ele>
      </trkpt>
      <trkpt lat="39.03945" lon="-0.911153">
        <ele>784.75</ele>
      </trkpt>
      <trkpt lat="39.039102" lon="-0.910614">
        <ele>791.75</ele>
      </trkpt>
      <trkpt lat="39.038646" lon="-0.909916">
        <ele>797.5</ele>
      </trkpt>
      <trkpt lat="39.037722" lon="-0.908579">
        <ele>815.5</ele>
      </trkpt>
      <trkpt lat="39.037609" lon="-0.908319">
        <ele>819</ele>
      </trkpt>
      <trkpt lat="39.03755" lon="-0.907944">
        <ele>824.25</ele>
      </trkpt>
      <trkpt lat="39.037404" lon="-0.906744">
        <ele>838.25</ele>
      </trkpt>
      <trkpt lat="39.037358" lon="-0.906536">
        <ele>839.75</ele>
      </trkpt>
      <trkpt lat="39.037239" lon="-0.906242">
        <ele>842.5</ele>
      </trkpt>
      <trkpt lat="39.036733" lon="-0.905408">
        <ele>852</ele>
      </trkpt>
      <trkpt lat="39.036032" lon="-0.904195">
        <ele>862.5</ele>
      </trkpt>
      <trkpt lat="39.035576" lon="-0.903378">
        <ele>870.75</ele>
      </trkpt>
      <trkpt lat="39.035454" lon="-0.903101">
        <ele>872.5</ele>
      </trkpt>
      <trkpt lat="39.035272" lon="-0.90288">
        <ele>874.75</ele>
      </trkpt>
      <trkpt lat="39.034895" lon="-0.90245">
        <ele>878.75</ele>
      </trkpt>
      <trkpt lat="39.033764" lon="-0.901369">
        <ele>877.25</ele>
      </trkpt>
      <trkpt lat="39.033454" lon="-0.901105">
        <ele>880</ele>
      </trkpt>
      <trkpt lat="39.033202" lon="-0.900781">
        <ele>882.25</ele>
      </trkpt>
      <trkpt lat="39.032839" lon="-0.900151">
        <ele>882.75</ele>
      </trkpt>
      <trkpt lat="39.032743" lon="-0.899909">
        <ele>885</ele>
      </trkpt>
      <trkpt lat="39.032671" lon="-0.899528">
        <ele>888.25</ele>
      </trkpt>
      <trkpt lat="39.032594" lon="-0.898964">
        <ele>893.5</ele>
      </trkpt>
      <trkpt lat="39.032488" lon="-0.898036">
        <ele>905.25</ele>
      </trkpt>
      <trkpt lat="39.032515" lon="-0.897717">
        <ele>909</ele>
      </trkpt>
      <trkpt lat="39.032855" lon="-0.896551">
        <ele>924.25</ele>
      </trkpt>
      <trkpt lat="39.032885" lon="-0.896189">
        <ele>932</ele>
      </trkpt>
      <trkpt lat="39.032858" lon="-0.89598">
        <ele>937.5</ele>
      </trkpt>
      <trkpt lat="39.032829" lon="-0.89561">
        <ele>944.5</ele>
      </trkpt>
      <trkpt lat="39.032898" lon="-0.89521">
        <ele>949.5</ele>
      </trkpt>
      <trkpt lat="39.03303" lon="-0.894912">
        <ele>952</ele>
      </trkpt>
      <trkpt lat="39.033113" lon="-0.894708">
        <ele>953</ele>
      </trkpt>
      <trkpt lat="39.033123" lon="-0.894606">
        <ele>954</ele>
      </trkpt>
      <trkpt lat="39.03307" lon="-0.894495">
        <ele>955.25</ele>
      </trkpt>
      <trkpt lat="39.032677" lon="-0.894031">
        <ele>960</ele>
      </trkpt>
      <trkpt lat="39.032472" lon="-0.89381">
        <ele>962.75</ele>
      </trkpt>
      <trkpt lat="39.032283" lon="-0.893469">
        <ele>968</ele>
      </trkpt>
      <trkpt lat="39.032045" lon="-0.893095">
        <ele>973.25</ele>
      </trkpt>
      <trkpt lat="39.031814" lon="-0.892627">
        <ele>977</ele>
      </trkpt>
      <trkpt lat="39.031635" lon="-0.892239">
        <ele>977.75</ele>
      </trkpt>
      <trkpt lat="39.031424" lon="-0.891861">
        <ele>978</ele>
      </trkpt>
      <trkpt lat="39.031301" lon="-0.891737">
        <ele>978.25</ele>
      </trkpt>
      <trkpt lat="39.031126" lon="-0.891533">
        <ele>978.25</ele>
      </trkpt>
      <trkpt lat="39.03095" lon="-0.891534">
        <ele>979</ele>
      </trkpt>
      <trkpt lat="39.030659" lon="-0.891568">
        <ele>980.5</ele>
      </trkpt>
      <trkpt lat="39.030097" lon="-0.891708">
        <ele>983.25</ele>
      </trkpt>
      <trkpt lat="39.029994" lon="-0.891714">
        <ele>983.75</ele>
      </trkpt>
      <trkpt lat="39.029803" lon="-0.891608">
        <ele>984.25</ele>
      </trkpt>
      <trkpt lat="39.029648" lon="-0.891487">
        <ele>984.75</ele>
      </trkpt>
      <trkpt lat="39.029439" lon="-0.89134">
        <ele>986</ele>
      </trkpt>
      <trkpt lat="39.029172" lon="-0.891191">
        <ele>987.5</ele>
      </trkpt>
      <trkpt lat="39.028964" lon="-0.891064">
        <ele>988.5</ele>
      </trkpt>
      <trkpt lat="39.028722" lon="-0.890957">
        <ele>989.5</ele>
      </trkpt>
      <trkpt lat="39.028632" lon="-0.890906">
        <ele>990</ele>
      </trkpt>
      <trkpt lat="39.028517" lon="-0.890806">
        <ele>990.5</ele>
      </trkpt>
      <trkpt lat="39.028157" lon="-0.890328">
        <ele>992</ele>
      </trkpt>
      <trkpt lat="39.02797" lon="-0.890076">
        <ele>992</ele>
      </trkpt>
      <trkpt lat="39.027941" lon="-0.890035">
        <ele>992.25</ele>
      </trkpt>
      <trkpt lat="39.027886" lon="-0.88998">
        <ele>992.25</ele>
      </trkpt>
      <trkpt lat="39.027595" lon="-0.889734">
        <ele>992</ele>
      </trkpt>
      <trkpt lat="39.027508" lon="-0.889648">
        <ele>992</ele>
      </trkpt>
      <trkpt lat="39.027404" lon="-0.889537">
        <ele>992.25</ele>
      </trkpt>
      <trkpt lat="39.027365" lon="-0.889486">
        <ele>992.25</ele>
      </trkpt>
      <trkpt lat="39.027318" lon="-0.889383">
        <ele>992</ele>
      </trkpt>
      <trkpt lat="39.027021" lon="-0.889457">
        <ele>993.5</ele>
      </trkpt>
      <trkpt lat="39.02692" lon="-0.889501">
        <ele>994</ele>
      </trkpt>
      <trkpt lat="39.026401" lon="-0.889808">
        <ele>996.75</ele>
      </trkpt>
      <trkpt lat="39.026297" lon="-0.889833">
        <ele>997</ele>
      </trkpt>
      <trkpt lat="39.026172" lon="-0.889836">
        <ele>997.25</ele>
      </trkpt>
      <trkpt lat="39.026031" lon="-0.889813">
        <ele>997.5</ele>
      </trkpt>
      <trkpt lat="39.025843" lon="-0.889741">
        <ele>997.75</ele>
      </trkpt>
      <trkpt lat="39.025557" lon="-0.889581">
        <ele>998.5</ele>
      </trkpt>
      <trkpt lat="39.025355" lon="-0.889499">
        <ele>999.25</ele>
      </trkpt>
      <trkpt lat="39.025034" lon="-0.889468">
        <ele>1000</ele>
      </trkpt>
      <trkpt lat="39.024621" lon="-0.889467">
        <ele>1002.75</ele>
      </trkpt>
      <trkpt lat="39.024113" lon="-0.889511">
        <ele>1006</ele>
      </trkpt>
      <trkpt lat="39.023989" lon="-0.889491">
        <ele>1006</ele>
      </trkpt>
      <trkpt lat="39.023724" lon="-0.889395">
        <ele>1006.75</ele>
      </trkpt>
      <trkpt lat="39.023551" lon="-0.889302">
        <ele>1007.75</ele>
      </trkpt>
      <trkpt lat="39.023427" lon="-0.889177">
        <ele>1009.25</ele>
      </trkpt>
      <trkpt lat="39.023246" lon="-0.888863">
        <ele>1009</ele>
      </trkpt>
      <trkpt lat="39.023195" lon="-0.888799">
        <ele>1008.75</ele>
      </trkpt>
      <trkpt lat="39.023095" lon="-0.888728">
        <ele>1008</ele>
      </trkpt>
      <trkpt lat="39.022973" lon="-0.888711">
        <ele>1007.5</ele>
      </trkpt>
      <trkpt lat="39.02285" lon="-0.888732">
        <ele>1006.75</ele>
      </trkpt>
      <trkpt lat="39.022433" lon="-0.888884">
        <ele>1003.25</ele>
      </trkpt>
      <trkpt lat="39.022357" lon="-0.888935">
        <ele>1002</ele>
      </trkpt>
      <trkpt lat="39.022304" lon="-0.888987">
        <ele>1001.25</ele>
      </trkpt>
      <trkpt lat="39.022253" lon="-0.889064">
        <ele>1000.75</ele>
      </trkpt>
      <trkpt lat="39.022206" lon="-0.889211">
        <ele>1000.5</ele>
      </trkpt>
      <trkpt lat="39.022201" lon="-0.889346">
        <ele>1000</ele>
      </trkpt>
      <trkpt lat="39.022228" lon="-0.889513">
        <ele>999.5</ele>
      </trkpt>
      <trkpt lat="39.022496" lon="-0.890274">
        <ele>994.5</ele>
      </trkpt>
      <trkpt lat="39.022558" lon="-0.890547">
        <ele>992</ele>
      </trkpt>
      <trkpt lat="39.022649" lon="-0.89127">
        <ele>981.25</ele>
      </trkpt>
      <trkpt lat="39.022653" lon="-0.89143">
        <ele>978.5</ele>
      </trkpt>
      <trkpt lat="39.02264" lon="-0.89152">
        <ele>977.25</ele>
      </trkpt>
      <trkpt lat="39.022606" lon="-0.891596">
        <ele>976.5</ele>
      </trkpt>
      <trkpt lat="39.022549" lon="-0.891642">
        <ele>976.5</ele>
      </trkpt>
      <trkpt lat="39.022454" lon="-0.891658">
        <ele>976.75</ele>
      </trkpt>
      <trkpt lat="39.021592" lon="-0.891445">
        <ele>975.25</ele>
      </trkpt>
      <trkpt lat="39.021222" lon="-0.891325">
        <ele>973.5</ele>
      </trkpt>
      <trkpt lat="39.021082" lon="-0.891296">
        <ele>972.25</ele>
      </trkpt>
      <trkpt lat="39.020868" lon="-0.8913">
        <ele>969.75</ele>
      </trkpt>
      <trkpt lat="39.020722" lon="-0.891346">
        <ele>967.25</ele>
      </trkpt>
      <trkpt lat="39.020098" lon="-0.891682">
        <ele>959.5</ele>
      </trkpt>
      <trkpt lat="39.019759" lon="-0.891818">
        <ele>954.75</ele>
      </trkpt>
      <trkpt lat="39.019552" lon="-0.891924">
        <ele>952.5</ele>
      </trkpt>
      <trkpt lat="39.019452" lon="-0.891996">
        <ele>951.75</ele>
      </trkpt>
      <trkpt lat="39.019325" lon="-0.892121">
        <ele>951.5</ele>
      </trkpt>
      <trkpt lat="39.019218" lon="-0.89226">
        <ele>952</ele>
      </trkpt>
      <trkpt lat="39.019051" lon="-0.892558">
        <ele>952.25</ele>
      </trkpt>
      <trkpt lat="39.018945" lon="-0.892833">
        <ele>951.5</ele>
      </trkpt>
      <trkpt lat="39.018901" lon="-0.893006">
        <ele>951.5</ele>
      </trkpt>
      <trkpt lat="39.018859" lon="-0.89332">
        <ele>952</ele>
      </trkpt>
      <trkpt lat="39.018875" lon="-0.894173">
        <ele>959.25</ele>
      </trkpt>
      <trkpt lat="39.018853" lon="-0.894505">
        <ele>960.75</ele>
      </trkpt>
      <trkpt lat="39.01882" lon="-0.894669">
        <ele>961.75</ele>
      </trkpt>
      <trkpt lat="39.018779" lon="-0.89477">
        <ele>962.75</ele>
      </trkpt>
      <trkpt lat="39.01851" lon="-0.895199">
        <ele>968.5</ele>
      </trkpt>
      <trkpt lat="39.018446" lon="-0.895337">
        <ele>969.75</ele>
      </trkpt>
      <trkpt lat="39.018388" lon="-0.895529">
        <ele>971.25</ele>
      </trkpt>
      <trkpt lat="39.018348" lon="-0.896088">
        <ele>972.75</ele>
      </trkpt>
      <trkpt lat="39.01832" lon="-0.89621">
        <ele>973</ele>
      </trkpt>
      <trkpt lat="39.018285" lon="-0.896288">
        <ele>973.5</ele>
      </trkpt>
      <trkpt lat="39.018258" lon="-0.896347">
        <ele>973.75</ele>
      </trkpt>
      <trkpt lat="39.018209" lon="-0.896395">
        <ele>974.25</ele>
      </trkpt>
      <trkpt lat="39.018143" lon="-0.896424">
        <ele>975</ele>
      </trkpt>
      <trkpt lat="39.018007" lon="-0.896396">
        <ele>976.75</ele>
      </trkpt>
      <trkpt lat="39.017895" lon="-0.896325">
        <ele>978</ele>
      </trkpt>
      <trkpt lat="39.017628" lon="-0.896021">
        <ele>981.75</ele>
      </trkpt>
      <trkpt lat="39.017514" lon="-0.895914">
        <ele>983.5</ele>
      </trkpt>
      <trkpt lat="39.017389" lon="-0.895855">
        <ele>984</ele>
      </trkpt>
      <trkpt lat="39.017321" lon="-0.895866">
        <ele>984.25</ele>
      </trkpt>
      <trkpt lat="39.017228" lon="-0.895964">
        <ele>984.75</ele>
      </trkpt>
      <trkpt lat="39.01701" lon="-0.896601">
        <ele>991.25</ele>
      </trkpt>
      <trkpt lat="39.016925" lon="-0.896748">
        <ele>993.75</ele>
      </trkpt>
      <trkpt lat="39.016876" lon="-0.896797">
        <ele>995</ele>
      </trkpt>
      <trkpt lat="39.016794" lon="-0.896831">
        <ele>997</ele>
      </trkpt>
      <trkpt lat="39.016667" lon="-0.896795">
        <ele>999.75</ele>
      </trkpt>
      <trkpt lat="39.016415" lon="-0.896651">
        <ele>1003.75</ele>
      </trkpt>
      <trkpt lat="39.016199" lon="-0.896594">
        <ele>1006.25</ele>
      </trkpt>
      <trkpt lat="39.015935" lon="-0.896552">
        <ele>1009.5</ele>
      </trkpt>
      <trkpt lat="39.015775" lon="-0.896535">
        <ele>1011.5</ele>
      </trkpt>
      <trkpt lat="39.015092" lon="-0.896532">
        <ele>1022.25</ele>
      </trkpt>
      <trkpt lat="39.014612" lon="-0.896481">
        <ele>1025</ele>
      </trkpt>
      <trkpt lat="39.014481" lon="-0.896447">
        <ele>1025</ele>
      </trkpt>
      <trkpt lat="39.014272" lon="-0.896354">
        <ele>1024.25</ele>
      </trkpt>
      <trkpt lat="39.013878" lon="-0.896052">
        <ele>1015.5</ele>
      </trkpt>
      <trkpt lat="39.013792" lon="-0.896045">
        <ele>1014.5</ele>
      </trkpt>
      <trkpt lat="39.013766" lon="-0.896065">
        <ele>1014.75</ele>
      </trkpt>
      <trkpt lat="39.013741" lon="-0.896133">
        <ele>1015.25</ele>
      </trkpt>
      <trkpt lat="39.013749" lon="-0.896219">
        <ele>1016.25</ele>
      </trkpt>
      <trkpt lat="39.013837" lon="-0.896788">
        <ele>1023.5</ele>
      </trkpt>
      <trkpt lat="39.013939" lon="-0.897272">
        <ele>1026</ele>
      </trkpt>
      <trkpt lat="39.013964" lon="-0.897532">
        <ele>1027</ele>
      </trkpt>
      <trkpt lat="39.013962" lon="-0.897702">
        <ele>1028.5</ele>
      </trkpt>
      <trkpt lat="39.013919" lon="-0.897946">
        <ele>1029</ele>
      </trkpt>
      <trkpt lat="39.013744" lon="-0.898583">
        <ele>1031.25</ele>
      </trkpt>
      <trkpt lat="39.013637" lon="-0.898765">
        <ele>1032.25</ele>
      </trkpt>
      <trkpt lat="39.013575" lon="-0.89883">
        <ele>1032</ele>
      </trkpt>
      <trkpt lat="39.013474" lon="-0.898901">
        <ele>1031.25</ele>
      </trkpt>
      <trkpt lat="39.013102" lon="-0.899008">
        <ele>1025.25</ele>
      </trkpt>
      <trkpt lat="39.012924" lon="-0.899081">
        <ele>1024</ele>
      </trkpt>
      <trkpt lat="39.01279" lon="-0.89917">
        <ele>1024.75</ele>
      </trkpt>
      <trkpt lat="39.012652" lon="-0.899298">
        <ele>1024.25</ele>
      </trkpt>
      <trkpt lat="39.012553" lon="-0.899445">
        <ele>1024.5</ele>
      </trkpt>
      <trkpt lat="39.012522" lon="-0.899552">
        <ele>1025.75</ele>
      </trkpt>
      <trkpt lat="39.012517" lon="-0.899718">
        <ele>1028.5</ele>
      </trkpt>
      <trkpt lat="39.012544" lon="-0.899838">
        <ele>1031</ele>
      </trkpt>
      <trkpt lat="39.012772" lon="-0.900404">
        <ele>1038</ele>
      </trkpt>
      <trkpt lat="39.012787" lon="-0.900539">
        <ele>1038.25</ele>
      </trkpt>
      <trkpt lat="39.012773" lon="-0.900699">
        <ele>1037.75</ele>
      </trkpt>
      <trkpt lat="39.012693" lon="-0.900952">
        <ele>1037.25</ele>
      </trkpt>
      <trkpt lat="39.012627" lon="-0.901022">
        <ele>1037</ele>
      </trkpt>
      <trkpt lat="39.012564" lon="-0.901121">
        <ele>1037.25</ele>
      </trkpt>
      <trkpt lat="39.012485" lon="-0.901272">
        <ele>1037.5</ele>
      </trkpt>
      <trkpt lat="39.01242" lon="-0.901435">
        <ele>1037</ele>
      </trkpt>
      <trkpt lat="39.012389" lon="-0.901596">
        <ele>1037.5</ele>
      </trkpt>
      <trkpt lat="39.012377" lon="-0.901765">
        <ele>1038.25</ele>
      </trkpt>
      <trkpt lat="39.012372" lon="-0.902205">
        <ele>1039.25</ele>
      </trkpt>
      <trkpt lat="39.012349" lon="-0.902406">
        <ele>1039.5</ele>
      </trkpt>
      <trkpt lat="39.012322" lon="-0.902524">
        <ele>1039.25</ele>
      </trkpt>
      <trkpt lat="39.012281" lon="-0.902629">
        <ele>1038.75</ele>
      </trkpt>
      <trkpt lat="39.012231" lon="-0.902693">
        <ele>1038.25</ele>
      </trkpt>
      <trkpt lat="39.012176" lon="-0.902741">
        <ele>1038</ele>
      </trkpt>
      <trkpt lat="39.012097" lon="-0.902782">
        <ele>1037.25</ele>
      </trkpt>
      <trkpt lat="39.012016" lon="-0.902809">
        <ele>1036.75</ele>
      </trkpt>
      <trkpt lat="39.011614" lon="-0.902859">
        <ele>1034.5</ele>
      </trkpt>
      <trkpt lat="39.01153" lon="-0.902889">
        <ele>1034.5</ele>
      </trkpt>
      <trkpt lat="39.011453" lon="-0.90294">
        <ele>1035</ele>
      </trkpt>
      <trkpt lat="39.011382" lon="-0.903012">
        <ele>1036</ele>
      </trkpt>
      <trkpt lat="39.011009" lon="-0.903511">
        <ele>1039.75</ele>
      </trkpt>
      <trkpt lat="39.010847" lon="-0.903667">
        <ele>1039.5</ele>
      </trkpt>
      <trkpt lat="39.010753" lon="-0.903739">
        <ele>1038.75</ele>
      </trkpt>
      <trkpt lat="39.010663" lon="-0.90379">
        <ele>1038.25</ele>
      </trkpt>
      <trkpt lat="39.010572" lon="-0.903822">
        <ele>1037.75</ele>
      </trkpt>
      <trkpt lat="39.010222" lon="-0.903916">
        <ele>1035.75</ele>
      </trkpt>
      <trkpt lat="39.010134" lon="-0.903965">
        <ele>1035.5</ele>
      </trkpt>
      <trkpt lat="39.010059" lon="-0.904018">
        <ele>1035.5</ele>
      </trkpt>
      <trkpt lat="39.009988" lon="-0.904085">
        <ele>1035</ele>
      </trkpt>
      <trkpt lat="39.009915" lon="-0.904179">
        <ele>1033.25</ele>
      </trkpt>
      <trkpt lat="39.009819" lon="-0.904324">
        <ele>1031</ele>
      </trkpt>
      <trkpt lat="39.009751" lon="-0.904461">
        <ele>1030</ele>
      </trkpt>
      <trkpt lat="39.009703" lon="-0.904598">
        <ele>1029.75</ele>
      </trkpt>
      <trkpt lat="39.009667" lon="-0.904764">
        <ele>1030</ele>
      </trkpt>
      <trkpt lat="39.009615" lon="-0.905051">
        <ele>1031</ele>
      </trkpt>
      <trkpt lat="39.00955" lon="-0.905335">
        <ele>1031.5</ele>
      </trkpt>
      <trkpt lat="39.009515" lon="-0.90544">
        <ele>1031.75</ele>
      </trkpt>
      <trkpt lat="39.009457" lon="-0.905542">
        <ele>1031.75</ele>
      </trkpt>
      <trkpt lat="39.009386" lon="-0.905625">
        <ele>1032</ele>
      </trkpt>
      <trkpt lat="39.009259" lon="-0.905732">
        <ele>1032.75</ele>
      </trkpt>
      <trkpt lat="39.008815" lon="-0.906003">
        <ele>1033.25</ele>
      </trkpt>
      <trkpt lat="39.008758" lon="-0.906057">
        <ele>1033.75</ele>
      </trkpt>
      <trkpt lat="39.008719" lon="-0.906121">
        <ele>1034.25</ele>
      </trkpt>
      <trkpt lat="39.008683" lon="-0.906204">
        <ele>1035</ele>
      </trkpt>
      <trkpt lat="39.008644" lon="-0.90632">
        <ele>1036.5</ele>
      </trkpt>
      <trkpt lat="39.008602" lon="-0.9064">
        <ele>1037.25</ele>
      </trkpt>
      <trkpt lat="39.00855" lon="-0.906478">
        <ele>1038.5</ele>
      </trkpt>
      <trkpt lat="39.008494" lon="-0.906534">
        <ele>1039.25</ele>
      </trkpt>
      <trkpt lat="39.008137" lon="-0.906778">
        <ele>1038.75</ele>
      </trkpt>
      <trkpt lat="39.008079" lon="-0.906826">
        <ele>1038</ele>
      </trkpt>
      <trkpt lat="39.008027" lon="-0.906891">
        <ele>1037.75</ele>
      </trkpt>
      <trkpt lat="39.007989" lon="-0.906955">
        <ele>1037.5</ele>
      </trkpt>
      <trkpt lat="39.007879" lon="-0.907245">
        <ele>1038.75</ele>
      </trkpt>
      <trkpt lat="39.007812" lon="-0.907371">
        <ele>1039.25</ele>
      </trkpt>
      <trkpt lat="39.007741" lon="-0.907459">
        <ele>1039.5</ele>
      </trkpt>
      <trkpt lat="39.007666" lon="-0.907513">
        <ele>1039.25</ele>
      </trkpt>
      <trkpt lat="39.007554" lon="-0.907564">
        <ele>1038.25</ele>
      </trkpt>
      <trkpt lat="39.007254" lon="-0.907655">
        <ele>1038</ele>
      </trkpt>
      <trkpt lat="39.007062" lon="-0.907728">
        <ele>1038.5</ele>
      </trkpt>
      <trkpt lat="39.00696" lon="-0.907784">
        <ele>1039</ele>
      </trkpt>
      <trkpt lat="39.006605" lon="-0.908031">
        <ele>1042</ele>
      </trkpt>
      <trkpt lat="39.006445" lon="-0.908127">
        <ele>1043.75</ele>
      </trkpt>
      <trkpt lat="39.006289" lon="-0.908213">
        <ele>1045.5</ele>
      </trkpt>
      <trkpt lat="39.006041" lon="-0.908312">
        <ele>1048.25</ele>
      </trkpt>
      <trkpt lat="39.005853" lon="-0.908401">
        <ele>1050.5</ele>
      </trkpt>
      <trkpt lat="39.005726" lon="-0.908476">
        <ele>1048.5</ele>
      </trkpt>
      <trkpt lat="39.005659" lon="-0.90853">
        <ele>1047.5</ele>
      </trkpt>
      <trkpt lat="39.005605" lon="-0.908591">
        <ele>1046.75</ele>
      </trkpt>
      <trkpt lat="39.005561" lon="-0.90868">
        <ele>1046.75</ele>
      </trkpt>
      <trkpt lat="39.005501" lon="-0.908838">
        <ele>1047.5</ele>
      </trkpt>
      <trkpt lat="39.005144" lon="-0.91">
        <ele>1056.5</ele>
      </trkpt>
      <trkpt lat="39.00509" lon="-0.910107">
        <ele>1057.5</ele>
      </trkpt>
      <trkpt lat="39.005025" lon="-0.910198">
        <ele>1058.25</ele>
      </trkpt>
      <trkpt lat="39.004957" lon="-0.910265">
        <ele>1058.75</ele>
      </trkpt>
      <trkpt lat="39.004863" lon="-0.910343">
        <ele>1059.5</ele>
      </trkpt>
      <trkpt lat="39.004748" lon="-0.910418">
        <ele>1060.25</ele>
      </trkpt>
      <trkpt lat="39.004613" lon="-0.910488">
        <ele>1061</ele>
      </trkpt>
      <trkpt lat="39.004025" lon="-0.910694">
        <ele>1065.5</ele>
      </trkpt>
      <trkpt lat="39.003831" lon="-0.910831">
        <ele>1070</ele>
      </trkpt>
      <trkpt lat="39.003212" lon="-0.911282">
        <ele>1074.25</ele>
      </trkpt>
      <trkpt lat="39.003135" lon="-0.91137">
        <ele>1075</ele>
      </trkpt>
      <trkpt lat="39.003068" lon="-0.911483">
        <ele>1076</ele>
      </trkpt>
      <trkpt lat="39.002987" lon="-0.91166">
        <ele>1077.5</ele>
      </trkpt>
      <trkpt lat="39.002668" lon="-0.912642">
        <ele>1077.5</ele>
      </trkpt>
      <trkpt lat="39.002616" lon="-0.91276">
        <ele>1077.75</ele>
      </trkpt>
      <trkpt lat="39.002547" lon="-0.912883">
        <ele>1078.25</ele>
      </trkpt>
      <trkpt lat="39.002355" lon="-0.913173">
        <ele>1078.5</ele>
      </trkpt>
      <trkpt lat="39.00231" lon="-0.913272">
        <ele>1078.5</ele>
      </trkpt>
      <trkpt lat="39.002205" lon="-0.91361">
        <ele>1080.25</ele>
      </trkpt>
      <trkpt lat="39.00216" lon="-0.913712">
        <ele>1081.25</ele>
      </trkpt>
      <trkpt lat="39.00211" lon="-0.913792">
        <ele>1082</ele>
      </trkpt>
      <trkpt lat="39.002051" lon="-0.913857">
        <ele>1082.75</ele>
      </trkpt>
      <trkpt lat="39.001966" lon="-0.913934">
        <ele>1084</ele>
      </trkpt>
      <trkpt lat="39.001155" lon="-0.914441">
        <ele>1088.75</ele>
      </trkpt>
      <trkpt lat="39.001081" lon="-0.914502">
        <ele>1089</ele>
      </trkpt>
      <trkpt lat="39.001038" lon="-0.914555">
        <ele>1089.25</ele>
      </trkpt>
      <trkpt lat="39.001" lon="-0.914622">
        <ele>1089.75</ele>
      </trkpt>
      <trkpt lat="39.000968" lon="-0.914703">
        <ele>1090.25</ele>
      </trkpt>
      <trkpt lat="39.000897" lon="-0.914957">
        <ele>1092.5</ele>
      </trkpt>
      <trkpt lat="39.000799" lon="-0.915271">
        <ele>1093</ele>
      </trkpt>
      <trkpt lat="39.00062" lon="-0.915617">
        <ele>1093.75</ele>
      </trkpt>
      <trkpt lat="39.000465" lon="-0.915893">
        <ele>1094.25</ele>
      </trkpt>
      <trkpt lat="39.000357" lon="-0.916049">
        <ele>1093.5</ele>
      </trkpt>
      <trkpt lat="38.9997" lon="-0.916837">
        <ele>1089.5</ele>
      </trkpt>
      <trkpt lat="38.999586" lon="-0.916958">
        <ele>1089</ele>
      </trkpt>
      <trkpt lat="38.999465" lon="-0.917068">
        <ele>1088.75</ele>
      </trkpt>
      <trkpt lat="38.999252" lon="-0.917245">
        <ele>1089.25</ele>
      </trkpt>
      <trkpt lat="38.998742" lon="-0.917602">
        <ele>1089</ele>
      </trkpt>
      <trkpt lat="38.99856" lon="-0.917744">
        <ele>1088.75</ele>
      </trkpt>
      <trkpt lat="38.9985" lon="-0.917811">
        <ele>1088.75</ele>
      </trkpt>
      <trkpt lat="38.998452" lon="-0.917891">
        <ele>1089</ele>
      </trkpt>
      <trkpt lat="38.998414" lon="-0.918001">
        <ele>1089</ele>
      </trkpt>
      <trkpt lat="38.998381" lon="-0.918135">
        <ele>1089.25</ele>
      </trkpt>
      <trkpt lat="38.998373" lon="-0.918272">
        <ele>1089.5</ele>
      </trkpt>
      <trkpt lat="38.998381" lon="-0.918404">
        <ele>1089.25</ele>
      </trkpt>
      <trkpt lat="38.998404" lon="-0.918516">
        <ele>1088.75</ele>
      </trkpt>
      <trkpt lat="38.998439" lon="-0.91861">
        <ele>1088</ele>
      </trkpt>
      <trkpt lat="38.998498" lon="-0.918717">
        <ele>1087.5</ele>
      </trkpt>
      <trkpt lat="38.998744" lon="-0.919055">
        <ele>1085</ele>
      </trkpt>
      <trkpt lat="38.998819" lon="-0.919187">
        <ele>1084.5</ele>
      </trkpt>
      <trkpt lat="38.998877" lon="-0.919297">
        <ele>1084</ele>
      </trkpt>
      <trkpt lat="38.998922" lon="-0.919401">
        <ele>1083.75</ele>
      </trkpt>
      <trkpt lat="38.998955" lon="-0.919548">
        <ele>1083.75</ele>
      </trkpt>
      <trkpt lat="38.998942" lon="-0.919676">
        <ele>1083.5</ele>
      </trkpt>
      <trkpt lat="38.998816" lon="-0.920065">
        <ele>1083</ele>
      </trkpt>
      <trkpt lat="38.998788" lon="-0.920176">
        <ele>1083.75</ele>
      </trkpt>
      <trkpt lat="38.998758" lon="-0.920436">
        <ele>1086</ele>
      </trkpt>
      <trkpt lat="38.998764" lon="-0.920542">
        <ele>1087.25</ele>
      </trkpt>
      <trkpt lat="38.998793" lon="-0.920732">
        <ele>1089</ele>
      </trkpt>
      <trkpt lat="38.998819" lon="-0.92086">
        <ele>1090</ele>
      </trkpt>
      <trkpt lat="38.998853" lon="-0.921001">
        <ele>1090.75</ele>
      </trkpt>
      <trkpt lat="38.998896" lon="-0.921141">
        <ele>1091.25</ele>
      </trkpt>
      <trkpt lat="38.998997" lon="-0.921411">
        <ele>1092.5</ele>
      </trkpt>
      <trkpt lat="38.999036" lon="-0.921541">
        <ele>1093</ele>
      </trkpt>
      <trkpt lat="38.99911" lon="-0.921854">
        <ele>1092.5</ele>
      </trkpt>
      <trkpt lat="38.999134" lon="-0.921997">
        <ele>1091.75</ele>
      </trkpt>
      <trkpt lat="38.999148" lon="-0.922145">
        <ele>1091</ele>
      </trkpt>
      <trkpt lat="38.999146" lon="-0.922247">
        <ele>1090.25</ele>
      </trkpt>
      <trkpt lat="38.999132" lon="-0.922327">
        <ele>1089.75</ele>
      </trkpt>
      <trkpt lat="38.999111" lon="-0.922397">
        <ele>1089</ele>
      </trkpt>
      <trkpt lat="38.999083" lon="-0.922464">
        <ele>1088.5</ele>
      </trkpt>
      <trkpt lat="38.999046" lon="-0.922525">
        <ele>1087.5</ele>
      </trkpt>
      <trkpt lat="38.999003" lon="-0.922567">
        <ele>1086.75</ele>
      </trkpt>
      <trkpt lat="38.998957" lon="-0.922588">
        <ele>1086.25</ele>
      </trkpt>
      <trkpt lat="38.998912" lon="-0.922593">
        <ele>1085.75</ele>
      </trkpt>
      <trkpt lat="38.998807" lon="-0.922576">
        <ele>1085</ele>
      </trkpt>
      <trkpt lat="38.998744" lon="-0.922551">
        <ele>1084.75</ele>
      </trkpt>
      <trkpt lat="38.99833" lon="-0.922301">
        <ele>1084</ele>
      </trkpt>
      <trkpt lat="38.998225" lon="-0.922244">
        <ele>1084.25</ele>
      </trkpt>
      <trkpt lat="38.998119" lon="-0.922196">
        <ele>1084</ele>
      </trkpt>
      <trkpt lat="38.997954" lon="-0.92215">
        <ele>1083.5</ele>
      </trkpt>
      <trkpt lat="38.997881" lon="-0.922148">
        <ele>1083.25</ele>
      </trkpt>
      <trkpt lat="38.997744" lon="-0.922158">
        <ele>1082.25</ele>
      </trkpt>
      <trkpt lat="38.997489" lon="-0.922201">
        <ele>1081</ele>
      </trkpt>
      <trkpt lat="38.997037" lon="-0.922322">
        <ele>1079.25</ele>
      </trkpt>
      <trkpt lat="38.996964" lon="-0.92236">
        <ele>1079.5</ele>
      </trkpt>
      <trkpt lat="38.996908" lon="-0.922413">
        <ele>1080</ele>
      </trkpt>
      <trkpt lat="38.996847" lon="-0.922486">
        <ele>1081</ele>
      </trkpt>
      <trkpt lat="38.996754" lon="-0.922671">
        <ele>1080.75</ele>
      </trkpt>
      <trkpt lat="38.996716" lon="-0.922789">
        <ele>1080.5</ele>
      </trkpt>
      <trkpt lat="38.996662" lon="-0.92299">
        <ele>1080.25</ele>
      </trkpt>
      <trkpt lat="38.996599" lon="-0.923183">
        <ele>1079.5</ele>
      </trkpt>
      <trkpt lat="38.996562" lon="-0.923247">
        <ele>1079.25</ele>
      </trkpt>
      <trkpt lat="38.996512" lon="-0.923314">
        <ele>1079</ele>
      </trkpt>
      <trkpt lat="38.996182" lon="-0.923711">
        <ele>1076.5</ele>
      </trkpt>
      <trkpt lat="38.996114" lon="-0.923784">
        <ele>1076.5</ele>
      </trkpt>
      <trkpt lat="38.996028" lon="-0.923862">
        <ele>1076.5</ele>
      </trkpt>
      <trkpt lat="38.995928" lon="-0.923934">
        <ele>1076.75</ele>
      </trkpt>
      <trkpt lat="38.995633" lon="-0.924114">
        <ele>1075</ele>
      </trkpt>
      <trkpt lat="38.995517" lon="-0.924218">
        <ele>1074.25</ele>
      </trkpt>
      <trkpt lat="38.99508" lon="-0.924785">
        <ele>1076.5</ele>
      </trkpt>
      <trkpt lat="38.995027" lon="-0.924871">
        <ele>1077.25</ele>
      </trkpt>
      <trkpt lat="38.994956" lon="-0.924962">
        <ele>1078</ele>
      </trkpt>
      <trkpt lat="38.9949" lon="-0.925018">
        <ele>1078.25</ele>
      </trkpt>
      <trkpt lat="38.994842" lon="-0.925055">
        <ele>1078.25</ele>
      </trkpt>
      <trkpt lat="38.99481" lon="-0.925064">
        <ele>1078</ele>
      </trkpt>
      <trkpt lat="38.994775" lon="-0.925074">
        <ele>1078</ele>
      </trkpt>
      <trkpt lat="38.994556" lon="-0.925066">
        <ele>1076.25</ele>
      </trkpt>
      <trkpt lat="38.994448" lon="-0.925082">
        <ele>1075.75</ele>
      </trkpt>
      <trkpt lat="38.994375" lon="-0.925109">
        <ele>1075.25</ele>
      </trkpt>
      <trkpt lat="38.994296" lon="-0.925154">
        <ele>1075.25</ele>
      </trkpt>
      <trkpt lat="38.994225" lon="-0.925219">
        <ele>1075.25</ele>
      </trkpt>
      <trkpt lat="38.994169" lon="-0.925291">
        <ele>1075.25</ele>
      </trkpt>
      <trkpt lat="38.994123" lon="-0.925378">
        <ele>1075.25</ele>
      </trkpt>
      <trkpt lat="38.994081" lon="-0.925498">
        <ele>1075.5</ele>
      </trkpt>
      <trkpt lat="38.993908" lon="-0.926128">
        <ele>1076.75</ele>
      </trkpt>
      <trkpt lat="38.993885" lon="-0.926257">
        <ele>1076.75</ele>
      </trkpt>
      <trkpt lat="38.993889" lon="-0.92637">
        <ele>1077.25</ele>
      </trkpt>
      <trkpt lat="38.993908" lon="-0.92646">
        <ele>1077.75</ele>
      </trkpt>
      <trkpt lat="38.993916" lon="-0.926501">
        <ele>1078</ele>
      </trkpt>
      <trkpt lat="38.993959" lon="-0.926607">
        <ele>1078.75</ele>
      </trkpt>
      <trkpt lat="38.994" lon="-0.92671">
        <ele>1079</ele>
      </trkpt>
      <trkpt lat="38.99405" lon="-0.926866">
        <ele>1079</ele>
      </trkpt>
      <trkpt lat="38.994085" lon="-0.926992">
        <ele>1079</ele>
      </trkpt>
      <trkpt lat="38.994098" lon="-0.92708">
        <ele>1078.75</ele>
      </trkpt>
      <trkpt lat="38.994098" lon="-0.927166">
        <ele>1078.75</ele>
      </trkpt>
      <trkpt lat="38.994079" lon="-0.927311">
        <ele>1078.5</ele>
      </trkpt>
      <trkpt lat="38.99405" lon="-0.927399">
        <ele>1078.5</ele>
      </trkpt>
      <trkpt lat="38.993998" lon="-0.927475">
        <ele>1078.5</ele>
      </trkpt>
      <trkpt lat="38.993837" lon="-0.927636">
        <ele>1078.25</ele>
      </trkpt>
      <trkpt lat="38.993741" lon="-0.927695">
        <ele>1078.5</ele>
      </trkpt>
      <trkpt lat="38.993616" lon="-0.927759">
        <ele>1078.75</ele>
      </trkpt>
      <trkpt lat="38.993451" lon="-0.927826">
        <ele>1079.5</ele>
      </trkpt>
      <trkpt lat="38.993193" lon="-0.927909">
        <ele>1080.5</ele>
      </trkpt>
      <trkpt lat="38.993074" lon="-0.92796">
        <ele>1081</ele>
      </trkpt>
      <trkpt lat="38.993003" lon="-0.928">
        <ele>1081.25</ele>
      </trkpt>
      <trkpt lat="38.992924" lon="-0.928067">
        <ele>1081.75</ele>
      </trkpt>
      <trkpt lat="38.99287" lon="-0.928126">
        <ele>1082.25</ele>
      </trkpt>
      <trkpt lat="38.992812" lon="-0.928228">
        <ele>1083</ele>
      </trkpt>
      <trkpt lat="38.992522" lon="-0.92891">
        <ele>1087</ele>
      </trkpt>
      <trkpt lat="38.992461" lon="-0.929234">
        <ele>1087.5</ele>
      </trkpt>
      <trkpt lat="38.99243" lon="-0.929355">
        <ele>1087.5</ele>
      </trkpt>
      <trkpt lat="38.992399" lon="-0.929446">
        <ele>1087.5</ele>
      </trkpt>
      <trkpt lat="38.992361" lon="-0.929535">
        <ele>1087.25</ele>
      </trkpt>
      <trkpt lat="38.992178" lon="-0.92984">
        <ele>1086.5</ele>
      </trkpt>
      <trkpt lat="38.992142" lon="-0.929932">
        <ele>1086.5</ele>
      </trkpt>
      <trkpt lat="38.992115" lon="-0.93005">
        <ele>1086.75</ele>
      </trkpt>
      <trkpt lat="38.99209" lon="-0.930221">
        <ele>1086.75</ele>
      </trkpt>
      <trkpt lat="38.992059" lon="-0.930827">
        <ele>1087.75</ele>
      </trkpt>
      <trkpt lat="38.991998" lon="-0.931274">
        <ele>1087.5</ele>
      </trkpt>
      <trkpt lat="38.991928" lon="-0.931777">
        <ele>1087.75</ele>
      </trkpt>
      <trkpt lat="38.991892" lon="-0.931978">
        <ele>1088.5</ele>
      </trkpt>
      <trkpt lat="38.991826" lon="-0.932142">
        <ele>1089.25</ele>
      </trkpt>
      <trkpt lat="38.991211" lon="-0.933244">
        <ele>1091</ele>
      </trkpt>
      <trkpt lat="38.991081" lon="-0.933434">
        <ele>1091</ele>
      </trkpt>
      <trkpt lat="38.990935" lon="-0.933622">
        <ele>1090.5</ele>
      </trkpt>
      <trkpt lat="38.990808" lon="-0.933778">
        <ele>1090.25</ele>
      </trkpt>
      <trkpt lat="38.990631" lon="-0.93396">
        <ele>1090</ele>
      </trkpt>
      <trkpt lat="38.990577" lon="-0.934038">
        <ele>1090</ele>
      </trkpt>
      <trkpt lat="38.990452" lon="-0.934266">
        <ele>1089.75</ele>
      </trkpt>
      <trkpt lat="38.990387" lon="-0.934416">
        <ele>1089</ele>
      </trkpt>
      <trkpt lat="38.990291" lon="-0.934687">
        <ele>1087.5</ele>
      </trkpt>
      <trkpt lat="38.990156" lon="-0.935105">
        <ele>1086.25</ele>
      </trkpt>
      <trkpt lat="38.989969" lon="-0.935755">
        <ele>1086.75</ele>
      </trkpt>
      <trkpt lat="38.989853" lon="-0.936106">
        <ele>1086.75</ele>
      </trkpt>
      <trkpt lat="38.989657" lon="-0.936618">
        <ele>1087</ele>
      </trkpt>
      <trkpt lat="38.989589" lon="-0.936822">
        <ele>1087.5</ele>
      </trkpt>
      <trkpt lat="38.989543" lon="-0.936996">
        <ele>1088</ele>
      </trkpt>
      <trkpt lat="38.989478" lon="-0.937334">
        <ele>1089.5</ele>
      </trkpt>
      <trkpt lat="38.989424" lon="-0.937565">
        <ele>1090.5</ele>
      </trkpt>
      <trkpt lat="38.989207" lon="-0.938338">
        <ele>1089.5</ele>
      </trkpt>
      <trkpt lat="38.989195" lon="-0.938407">
        <ele>1088.75</ele>
      </trkpt>
      <trkpt lat="38.989195" lon="-0.938483">
        <ele>1088</ele>
      </trkpt>
      <trkpt lat="38.989116" lon="-0.938483">
        <ele>1088.25</ele>
      </trkpt>
      <trkpt lat="38.988974" lon="-0.938515">
        <ele>1088.25</ele>
      </trkpt>
      <trkpt lat="38.988822" lon="-0.938582">
        <ele>1088</ele>
      </trkpt>
      <trkpt lat="38.988693" lon="-0.938652">
        <ele>1087.75</ele>
      </trkpt>
      <trkpt lat="38.988347" lon="-0.938858">
        <ele>1088</ele>
      </trkpt>
      <trkpt lat="38.988109" lon="-0.938931">
        <ele>1087.25</ele>
      </trkpt>
      <trkpt lat="38.987992" lon="-0.938939">
        <ele>1087</ele>
      </trkpt>
      <trkpt lat="38.987665" lon="-0.938891">
        <ele>1086.25</ele>
      </trkpt>
      <trkpt lat="38.987031" lon="-0.938751">
        <ele>1082.5</ele>
      </trkpt>
      <trkpt lat="38.986772" lon="-0.938762">
        <ele>1081</ele>
      </trkpt>
      <trkpt lat="38.986522" lon="-0.938934">
        <ele>1081</ele>
      </trkpt>
      <trkpt lat="38.98633" lon="-0.938955">
        <ele>1080.25</ele>
      </trkpt>
      <trkpt lat="38.986213" lon="-0.938955">
        <ele>1079.5</ele>
      </trkpt>
      <trkpt lat="38.986038" lon="-0.93888">
        <ele>1078</ele>
      </trkpt>
      <trkpt lat="38.985897" lon="-0.938687">
        <ele>1075.75</ele>
      </trkpt>
      <trkpt lat="38.985788" lon="-0.938419">
        <ele>1073.5</ele>
      </trkpt>
      <trkpt lat="38.98548" lon="-0.937271">
        <ele>1068</ele>
      </trkpt>
      <trkpt lat="38.985321" lon="-0.936563">
        <ele>1064.75</ele>
      </trkpt>
      <trkpt lat="38.984971" lon="-0.935747">
        <ele>1057.25</ele>
      </trkpt>
      <trkpt lat="38.984862" lon="-0.935597">
        <ele>1052.75</ele>
      </trkpt>
      <trkpt lat="38.984687" lon="-0.935522">
        <ele>1050.75</ele>
      </trkpt>
      <trkpt lat="38.984521" lon="-0.935619">
        <ele>1053.25</ele>
      </trkpt>
      <trkpt lat="38.984262" lon="-0.935908">
        <ele>1059.25</ele>
      </trkpt>
      <trkpt lat="38.98397" lon="-0.936327">
        <ele>1059.5</ele>
      </trkpt>
      <trkpt lat="38.983728" lon="-0.936767">
        <ele>1058.25</ele>
      </trkpt>
      <trkpt lat="38.983386" lon="-0.937207">
        <ele>1055.5</ele>
      </trkpt>
      <trkpt lat="38.982946" lon="-0.937726">
        <ele>1052.5</ele>
      </trkpt>
      <trkpt lat="38.982807" lon="-0.937854">
        <ele>1051.5</ele>
      </trkpt>
      <trkpt lat="38.98269" lon="-0.937947">
        <ele>1051</ele>
      </trkpt>
      <trkpt lat="38.981904" lon="-0.938412">
        <ele>1046.25</ele>
      </trkpt>
      <trkpt lat="38.981736" lon="-0.938484">
        <ele>1044.75</ele>
      </trkpt>
      <trkpt lat="38.981635" lon="-0.938506">
        <ele>1043.5</ele>
      </trkpt>
      <trkpt lat="38.981581" lon="-0.938507">
        <ele>1042.75</ele>
      </trkpt>
      <trkpt lat="38.981415" lon="-0.938473">
        <ele>1039.75</ele>
      </trkpt>
      <trkpt lat="38.981341" lon="-0.938466">
        <ele>1038.5</ele>
      </trkpt>
      <trkpt lat="38.98121" lon="-0.938468">
        <ele>1036.5</ele>
      </trkpt>
      <trkpt lat="38.981046" lon="-0.938485">
        <ele>1034.25</ele>
      </trkpt>
      <trkpt lat="38.980953" lon="-0.938503">
        <ele>1033</ele>
      </trkpt>
      <trkpt lat="38.980823" lon="-0.938546">
        <ele>1031.5</ele>
      </trkpt>
      <trkpt lat="38.980728" lon="-0.938625">
        <ele>1030.25</ele>
      </trkpt>
      <trkpt lat="38.980656" lon="-0.938729">
        <ele>1029.5</ele>
      </trkpt>
      <trkpt lat="38.980607" lon="-0.938829">
        <ele>1029.25</ele>
      </trkpt>
      <trkpt lat="38.980574" lon="-0.938931">
        <ele>1029</ele>
      </trkpt>
      <trkpt lat="38.980544" lon="-0.939053">
        <ele>1029.25</ele>
      </trkpt>
      <trkpt lat="38.980527" lon="-0.939199">
        <ele>1029.25</ele>
      </trkpt>
      <trkpt lat="38.980512" lon="-0.93941">
        <ele>1026.75</ele>
      </trkpt>
      <trkpt lat="38.980512" lon="-0.939633">
        <ele>1024.5</ele>
      </trkpt>
      <trkpt lat="38.980525" lon="-0.939869">
        <ele>1022.5</ele>
      </trkpt>
      <trkpt lat="38.98056" lon="-0.940101">
        <ele>1020.5</ele>
      </trkpt>
      <trkpt lat="38.980625" lon="-0.940371">
        <ele>1018</ele>
      </trkpt>
      <trkpt lat="38.98066" lon="-0.940478">
        <ele>1017.25</ele>
      </trkpt>
      <trkpt lat="38.980705" lon="-0.940577">
        <ele>1016.5</ele>
      </trkpt>
      <trkpt lat="38.980781" lon="-0.940688">
        <ele>1016.25</ele>
      </trkpt>
      <trkpt lat="38.980855" lon="-0.940777">
        <ele>1016</ele>
      </trkpt>
      <trkpt lat="38.98093" lon="-0.940849">
        <ele>1015</ele>
      </trkpt>
      <trkpt lat="38.9811" lon="-0.940958">
        <ele>1013.5</ele>
      </trkpt>
      <trkpt lat="38.981185" lon="-0.940999">
        <ele>1013.25</ele>
      </trkpt>
      <trkpt lat="38.981285" lon="-0.941026">
        <ele>1013.25</ele>
      </trkpt>
      <trkpt lat="38.981392" lon="-0.941043">
        <ele>1013.5</ele>
      </trkpt>
      <trkpt lat="38.981585" lon="-0.941029">
        <ele>1015.25</ele>
      </trkpt>
      <trkpt lat="38.9819" lon="-0.940935">
        <ele>1018.25</ele>
      </trkpt>
      <trkpt lat="38.982" lon="-0.940923">
        <ele>1018.5</ele>
      </trkpt>
      <trkpt lat="38.982297" lon="-0.940925">
        <ele>1019</ele>
      </trkpt>
      <trkpt lat="38.982359" lon="-0.940931">
        <ele>1019.25</ele>
      </trkpt>
      <trkpt lat="38.982416" lon="-0.940948">
        <ele>1019.25</ele>
      </trkpt>
      <trkpt lat="38.982468" lon="-0.940978">
        <ele>1019</ele>
      </trkpt>
      <trkpt lat="38.982511" lon="-0.941019">
        <ele>1019.25</ele>
      </trkpt>
      <trkpt lat="38.982551" lon="-0.941076">
        <ele>1020</ele>
      </trkpt>
      <trkpt lat="38.982598" lon="-0.941183">
        <ele>1020.5</ele>
      </trkpt>
      <trkpt lat="38.982612" lon="-0.941249">
        <ele>1020.75</ele>
      </trkpt>
      <trkpt lat="38.982619" lon="-0.941317">
        <ele>1020.75</ele>
      </trkpt>
      <trkpt lat="38.982615" lon="-0.94139">
        <ele>1020.5</ele>
      </trkpt>
      <trkpt lat="38.982598" lon="-0.941465">
        <ele>1019.75</ele>
      </trkpt>
      <trkpt lat="38.98254" lon="-0.941591">
        <ele>1017.5</ele>
      </trkpt>
      <trkpt lat="38.982495" lon="-0.941646">
        <ele>1016</ele>
      </trkpt>
      <trkpt lat="38.982419" lon="-0.941715">
        <ele>1015.5</ele>
      </trkpt>
      <trkpt lat="38.982324" lon="-0.941786">
        <ele>1015.25</ele>
      </trkpt>
      <trkpt lat="38.982151" lon="-0.941895">
        <ele>1014</ele>
      </trkpt>
      <trkpt lat="38.982079" lon="-0.94195">
        <ele>1013.25</ele>
      </trkpt>
      <trkpt lat="38.981945" lon="-0.942079">
        <ele>1011.75</ele>
      </trkpt>
      <trkpt lat="38.981428" lon="-0.942772">
        <ele>1006.5</ele>
      </trkpt>
      <trkpt lat="38.981349" lon="-0.94286">
        <ele>1006</ele>
      </trkpt>
      <trkpt lat="38.981258" lon="-0.942932">
        <ele>1005</ele>
      </trkpt>
      <trkpt lat="38.981087" lon="-0.94305">
        <ele>1003</ele>
      </trkpt>
      <trkpt lat="38.980782" lon="-0.943231">
        <ele>999.5</ele>
      </trkpt>
      <trkpt lat="38.980681" lon="-0.943264">
        <ele>998.75</ele>
      </trkpt>
      <trkpt lat="38.980612" lon="-0.943272">
        <ele>998</ele>
      </trkpt>
      <trkpt lat="38.980454" lon="-0.943253">
        <ele>995.75</ele>
      </trkpt>
      <trkpt lat="38.980332" lon="-0.943251">
        <ele>994.25</ele>
      </trkpt>
      <trkpt lat="38.98022" lon="-0.943264">
        <ele>993</ele>
      </trkpt>
      <trkpt lat="38.978668" lon="-0.943457">
        <ele>976.25</ele>
      </trkpt>
      <trkpt lat="38.97855" lon="-0.943487">
        <ele>974.75</ele>
      </trkpt>
      <trkpt lat="38.978496" lon="-0.943508">
        <ele>974</ele>
      </trkpt>
      <trkpt lat="38.978451" lon="-0.94354">
        <ele>973.75</ele>
      </trkpt>
      <trkpt lat="38.978378" lon="-0.943616">
        <ele>973.25</ele>
      </trkpt>
      <trkpt lat="38.977927" lon="-0.944167">
        <ele>969.5</ele>
      </trkpt>
      <trkpt lat="38.977863" lon="-0.944269">
        <ele>968.5</ele>
      </trkpt>
      <trkpt lat="38.977831" lon="-0.944337">
        <ele>968</ele>
      </trkpt>
      <trkpt lat="38.977795" lon="-0.944432">
        <ele>967.25</ele>
      </trkpt>
      <trkpt lat="38.977765" lon="-0.944541">
        <ele>966.75</ele>
      </trkpt>
      <trkpt lat="38.977728" lon="-0.944748">
        <ele>966.5</ele>
      </trkpt>
      <trkpt lat="38.977722" lon="-0.944975">
        <ele>966.75</ele>
      </trkpt>
      <trkpt lat="38.977735" lon="-0.945106">
        <ele>966.25</ele>
      </trkpt>
      <trkpt lat="38.977771" lon="-0.945338">
        <ele>965.5</ele>
      </trkpt>
      <trkpt lat="38.977836" lon="-0.945664">
        <ele>964.5</ele>
      </trkpt>
      <trkpt lat="38.977884" lon="-0.945869">
        <ele>963.5</ele>
      </trkpt>
      <trkpt lat="38.977921" lon="-0.945997">
        <ele>961.75</ele>
      </trkpt>
      <trkpt lat="38.977958" lon="-0.946083">
        <ele>960.75</ele>
      </trkpt>
      <trkpt lat="38.978" lon="-0.946172">
        <ele>959.75</ele>
      </trkpt>
      <trkpt lat="38.978041" lon="-0.946238">
        <ele>959</ele>
      </trkpt>
      <trkpt lat="38.978151" lon="-0.946362">
        <ele>958.25</ele>
      </trkpt>
      <trkpt lat="38.978203" lon="-0.946407">
        <ele>958</ele>
      </trkpt>
      <trkpt lat="38.978322" lon="-0.946482">
        <ele>958</ele>
      </trkpt>
      <trkpt lat="38.978458" lon="-0.946525">
        <ele>957.25</ele>
      </trkpt>
      <trkpt lat="38.978569" lon="-0.946537">
        <ele>957</ele>
      </trkpt>
      <trkpt lat="38.978662" lon="-0.946533">
        <ele>957.25</ele>
      </trkpt>
      <trkpt lat="38.979262" lon="-0.946455">
        <ele>959.25</ele>
      </trkpt>
      <trkpt lat="38.979782" lon="-0.946376">
        <ele>958.25</ele>
      </trkpt>
      <trkpt lat="38.979902" lon="-0.946376">
        <ele>957.5</ele>
      </trkpt>
      <trkpt lat="38.980102" lon="-0.946417">
        <ele>956.75</ele>
      </trkpt>
      <trkpt lat="38.980303" lon="-0.946486">
        <ele>956.5</ele>
      </trkpt>
      <trkpt lat="38.980435" lon="-0.946551">
        <ele>955.75</ele>
      </trkpt>
      <trkpt lat="38.980474" lon="-0.946592">
        <ele>955</ele>
      </trkpt>
      <trkpt lat="38.980502" lon="-0.946641">
        <ele>953.75</ele>
      </trkpt>
      <trkpt lat="38.980522" lon="-0.946694">
        <ele>953.5</ele>
      </trkpt>
      <trkpt lat="38.980536" lon="-0.946756">
        <ele>954.5</ele>
      </trkpt>
      <trkpt lat="38.980535" lon="-0.946826">
        <ele>955.25</ele>
      </trkpt>
      <trkpt lat="38.980525" lon="-0.946885">
        <ele>955.75</ele>
      </trkpt>
      <trkpt lat="38.980505" lon="-0.946943">
        <ele>956.25</ele>
      </trkpt>
      <trkpt lat="38.980484" lon="-0.946983">
        <ele>956.5</ele>
      </trkpt>
      <trkpt lat="38.98044" lon="-0.947026">
        <ele>956.5</ele>
      </trkpt>
      <trkpt lat="38.980395" lon="-0.947056">
        <ele>956.25</ele>
      </trkpt>
      <trkpt lat="38.980159" lon="-0.947104">
        <ele>954</ele>
      </trkpt>
      <trkpt lat="38.98005" lon="-0.947131">
        <ele>952.75</ele>
      </trkpt>
      <trkpt lat="38.979916" lon="-0.947179">
        <ele>951.75</ele>
      </trkpt>
      <trkpt lat="38.979733" lon="-0.947292">
        <ele>949.5</ele>
      </trkpt>
      <trkpt lat="38.979468" lon="-0.947501">
        <ele>943.5</ele>
      </trkpt>
      <trkpt lat="38.978745" lon="-0.94817">
        <ele>937</ele>
      </trkpt>
      <trkpt lat="38.978566" lon="-0.948314">
        <ele>933.5</ele>
      </trkpt>
      <trkpt lat="38.978482" lon="-0.948366">
        <ele>932</ele>
      </trkpt>
      <trkpt lat="38.978367" lon="-0.948429">
        <ele>930.5</ele>
      </trkpt>
      <trkpt lat="38.978239" lon="-0.94848">
        <ele>929.25</ele>
      </trkpt>
      <trkpt lat="38.978157" lon="-0.948495">
        <ele>928.25</ele>
      </trkpt>
      <trkpt lat="38.978035" lon="-0.948503">
        <ele>926.25</ele>
      </trkpt>
      <trkpt lat="38.977728" lon="-0.948502">
        <ele>921.5</ele>
      </trkpt>
      <trkpt lat="38.977642" lon="-0.948514">
        <ele>920.25</ele>
      </trkpt>
      <trkpt lat="38.977554" lon="-0.948542">
        <ele>919.25</ele>
      </trkpt>
      <trkpt lat="38.977464" lon="-0.948589">
        <ele>918.75</ele>
      </trkpt>
      <trkpt lat="38.976887" lon="-0.948967">
        <ele>916.25</ele>
      </trkpt>
      <trkpt lat="38.976774" lon="-0.949063">
        <ele>915.5</ele>
      </trkpt>
      <trkpt lat="38.976735" lon="-0.949132">
        <ele>915.75</ele>
      </trkpt>
      <trkpt lat="38.976721" lon="-0.949189">
        <ele>915.75</ele>
      </trkpt>
      <trkpt lat="38.976716" lon="-0.949243">
        <ele>915.75</ele>
      </trkpt>
      <trkpt lat="38.976718" lon="-0.949311">
        <ele>915.75</ele>
      </trkpt>
      <trkpt lat="38.976734" lon="-0.949379">
        <ele>916</ele>
      </trkpt>
      <trkpt lat="38.976822" lon="-0.949549">
        <ele>917.75</ele>
      </trkpt>
      <trkpt lat="38.976846" lon="-0.949605">
        <ele>918.25</ele>
      </trkpt>
      <trkpt lat="38.976862" lon="-0.949666">
        <ele>918.5</ele>
      </trkpt>
      <trkpt lat="38.976868" lon="-0.949724">
        <ele>918.75</ele>
      </trkpt>
      <trkpt lat="38.976858" lon="-0.949775">
        <ele>918.5</ele>
      </trkpt>
      <trkpt lat="38.976813" lon="-0.949854">
        <ele>917.75</ele>
      </trkpt>
      <trkpt lat="38.976771" lon="-0.949893">
        <ele>917</ele>
      </trkpt>
      <trkpt lat="38.976716" lon="-0.949925">
        <ele>915.75</ele>
      </trkpt>
      <trkpt lat="38.976593" lon="-0.949983">
        <ele>913.75</ele>
      </trkpt>
      <trkpt lat="38.97638" lon="-0.950101">
        <ele>911.75</ele>
      </trkpt>
      <trkpt lat="38.976188" lon="-0.950236">
        <ele>910</ele>
      </trkpt>
      <trkpt lat="38.976153" lon="-0.95028">
        <ele>909.75</ele>
      </trkpt>
      <trkpt lat="38.976129" lon="-0.950342">
        <ele>909.75</ele>
      </trkpt>
      <trkpt lat="38.976092" lon="-0.950497">
        <ele>910.25</ele>
      </trkpt>
      <trkpt lat="38.976072" lon="-0.950549">
        <ele>910.25</ele>
      </trkpt>
      <trkpt lat="38.976017" lon="-0.950623">
        <ele>910</ele>
      </trkpt>
      <trkpt lat="38.975981" lon="-0.950645">
        <ele>909.5</ele>
      </trkpt>
      <trkpt lat="38.975935" lon="-0.95066">
        <ele>908.75</ele>
      </trkpt>
      <trkpt lat="38.975878" lon="-0.950658">
        <ele>907.75</ele>
      </trkpt>
      <trkpt lat="38.975723" lon="-0.950606">
        <ele>905.25</ele>
      </trkpt>
      <trkpt lat="38.975643" lon="-0.950588">
        <ele>904.5</ele>
      </trkpt>
      <trkpt lat="38.97558" lon="-0.950586">
        <ele>903.75</ele>
      </trkpt>
      <trkpt lat="38.975449" lon="-0.950611">
        <ele>902.5</ele>
      </trkpt>
      <trkpt lat="38.975405" lon="-0.950627">
        <ele>902.25</ele>
      </trkpt>
      <trkpt lat="38.975364" lon="-0.950653">
        <ele>901.75</ele>
      </trkpt>
      <trkpt lat="38.975325" lon="-0.95069">
        <ele>901.75</ele>
      </trkpt>
      <trkpt lat="38.975287" lon="-0.950744">
        <ele>901.5</ele>
      </trkpt>
      <trkpt lat="38.975259" lon="-0.950812">
        <ele>901.5</ele>
      </trkpt>
      <trkpt lat="38.975187" lon="-0.951082">
        <ele>903.75</ele>
      </trkpt>
      <trkpt lat="38.975158" lon="-0.95114">
        <ele>904</ele>
      </trkpt>
      <trkpt lat="38.975119" lon="-0.951187">
        <ele>904.25</ele>
      </trkpt>
      <trkpt lat="38.975072" lon="-0.951222">
        <ele>904.25</ele>
      </trkpt>
      <trkpt lat="38.975022" lon="-0.951237">
        <ele>904</ele>
      </trkpt>
      <trkpt lat="38.974969" lon="-0.951239">
        <ele>904</ele>
      </trkpt>
      <trkpt lat="38.974918" lon="-0.951228">
        <ele>904.5</ele>
      </trkpt>
      <trkpt lat="38.974867" lon="-0.951202">
        <ele>904.75</ele>
      </trkpt>
      <trkpt lat="38.974814" lon="-0.951163">
        <ele>904.75</ele>
      </trkpt>
      <trkpt lat="38.974757" lon="-0.951109">
        <ele>904.75</ele>
      </trkpt>
      <trkpt lat="38.974693" lon="-0.951035">
        <ele>904.25</ele>
      </trkpt>
      <trkpt lat="38.974607" lon="-0.950914">
        <ele>903.5</ele>
      </trkpt>
      <trkpt lat="38.974406" lon="-0.950566">
        <ele>900.25</ele>
      </trkpt>
      <trkpt lat="38.974323" lon="-0.950407">
        <ele>898.25</ele>
      </trkpt>
      <trkpt lat="38.974087" lon="-0.950012">
        <ele>892.75</ele>
      </trkpt>
      <trkpt lat="38.974025" lon="-0.949924">
        <ele>892.25</ele>
      </trkpt>
      <trkpt lat="38.973766" lon="-0.94961">
        <ele>890.25</ele>
      </trkpt>
      <trkpt lat="38.973546" lon="-0.949301">
        <ele>887.75</ele>
      </trkpt>
      <trkpt lat="38.973236" lon="-0.948816">
        <ele>883.75</ele>
      </trkpt>
      <trkpt lat="38.973135" lon="-0.948673">
        <ele>882.5</ele>
      </trkpt>
      <trkpt lat="38.97309" lon="-0.948614">
        <ele>882.25</ele>
      </trkpt>
      <trkpt lat="38.973036" lon="-0.94856">
        <ele>881.75</ele>
      </trkpt>
      <trkpt lat="38.972917" lon="-0.948459">
        <ele>881</ele>
      </trkpt>
      <trkpt lat="38.972728" lon="-0.948316">
        <ele>880.25</ele>
      </trkpt>
      <trkpt lat="38.972674" lon="-0.948266">
        <ele>879.75</ele>
      </trkpt>
      <trkpt lat="38.972634" lon="-0.948216">
        <ele>879.25</ele>
      </trkpt>
      <trkpt lat="38.97257" lon="-0.948089">
        <ele>878.25</ele>
      </trkpt>
      <trkpt lat="38.97248" lon="-0.947734">
        <ele>874.5</ele>
      </trkpt>
      <trkpt lat="38.972441" lon="-0.947623">
        <ele>873.5</ele>
      </trkpt>
      <trkpt lat="38.972394" lon="-0.947518">
        <ele>872.75</ele>
      </trkpt>
      <trkpt lat="38.972326" lon="-0.947409">
        <ele>872.5</ele>
      </trkpt>
      <trkpt lat="38.97191" lon="-0.946834">
        <ele>869</ele>
      </trkpt>
      <trkpt lat="38.971846" lon="-0.946756">
        <ele>868.25</ele>
      </trkpt>
      <trkpt lat="38.971787" lon="-0.946696">
        <ele>867.5</ele>
      </trkpt>
      <trkpt lat="38.971655" lon="-0.946583">
        <ele>866.5</ele>
      </trkpt>
      <trkpt lat="38.971578" lon="-0.946493">
        <ele>866</ele>
      </trkpt>
      <trkpt lat="38.971484" lon="-0.946364">
        <ele>865.25</ele>
      </trkpt>
      <trkpt lat="38.971284" lon="-0.946047">
        <ele>864</ele>
      </trkpt>
      <trkpt lat="38.971103" lon="-0.945774">
        <ele>863</ele>
      </trkpt>
      <trkpt lat="38.971022" lon="-0.945673">
        <ele>862.5</ele>
      </trkpt>
      <trkpt lat="38.970939" lon="-0.945592">
        <ele>861.75</ele>
      </trkpt>
      <trkpt lat="38.970831" lon="-0.945504">
        <ele>861</ele>
      </trkpt>
      <trkpt lat="38.970057" lon="-0.944888">
        <ele>854.75</ele>
      </trkpt>
      <trkpt lat="38.96987" lon="-0.944787">
        <ele>854</ele>
      </trkpt>
      <trkpt lat="38.969544" lon="-0.944694">
        <ele>853.25</ele>
      </trkpt>
      <trkpt lat="38.969401" lon="-0.944639">
        <ele>852.75</ele>
      </trkpt>
      <trkpt lat="38.968899" lon="-0.94438">
        <ele>850</ele>
      </trkpt>
      <trkpt lat="38.968827" lon="-0.944333">
        <ele>849.5</ele>
      </trkpt>
      <trkpt lat="38.968759" lon="-0.944273">
        <ele>848.75</ele>
      </trkpt>
      <trkpt lat="38.96837" lon="-0.943916">
        <ele>846.75</ele>
      </trkpt>
      <trkpt lat="38.968277" lon="-0.943847">
        <ele>846.25</ele>
      </trkpt>
      <trkpt lat="38.968169" lon="-0.94378">
        <ele>845.5</ele>
      </trkpt>
      <trkpt lat="38.967945" lon="-0.943678">
        <ele>843.75</ele>
      </trkpt>
      <trkpt lat="38.966964" lon="-0.943291">
        <ele>836</ele>
      </trkpt>
      <trkpt lat="38.966225" lon="-0.943009">
        <ele>838.75</ele>
      </trkpt>
      <trkpt lat="38.966153" lon="-0.942979">
        <ele>839.25</ele>
      </trkpt>
      <trkpt lat="38.966092" lon="-0.942945">
        <ele>839.5</ele>
      </trkpt>
      <trkpt lat="38.966052" lon="-0.942913">
        <ele>839.75</ele>
      </trkpt>
      <trkpt lat="38.965901" lon="-0.942765">
        <ele>840</ele>
      </trkpt>
      <trkpt lat="38.965851" lon="-0.942702">
        <ele>840</ele>
      </trkpt>
      <trkpt lat="38.965765" lon="-0.942556">
        <ele>840.75</ele>
      </trkpt>
      <trkpt lat="38.96572" lon="-0.942464">
        <ele>841.25</ele>
      </trkpt>
      <trkpt lat="38.965675" lon="-0.942344">
        <ele>841.5</ele>
      </trkpt>
      <trkpt lat="38.965313" lon="-0.941267">
        <ele>843</ele>
      </trkpt>
      <trkpt lat="38.965244" lon="-0.941078">
        <ele>842.75</ele>
      </trkpt>
      <trkpt lat="38.965161" lon="-0.940903">
        <ele>842.75</ele>
      </trkpt>
      <trkpt lat="38.964795" lon="-0.94021">
        <ele>844</ele>
      </trkpt>
      <trkpt lat="38.964747" lon="-0.940078">
        <ele>844</ele>
      </trkpt>
      <trkpt lat="38.964725" lon="-0.940001">
        <ele>843.75</ele>
      </trkpt>
      <trkpt lat="38.964711" lon="-0.939893">
        <ele>844</ele>
      </trkpt>
      <trkpt lat="38.964667" lon="-0.939165">
        <ele>843.75</ele>
      </trkpt>
      <trkpt lat="38.964671" lon="-0.938935">
        <ele>844.25</ele>
      </trkpt>
      <trkpt lat="38.964713" lon="-0.938616">
        <ele>844</ele>
      </trkpt>
      <trkpt lat="38.964717" lon="-0.938559">
        <ele>844.25</ele>
      </trkpt>
      <trkpt lat="38.964713" lon="-0.938493">
        <ele>844.25</ele>
      </trkpt>
      <trkpt lat="38.964694" lon="-0.938421">
        <ele>844.75</ele>
      </trkpt>
      <trkpt lat="38.964506" lon="-0.937882">
        <ele>845.25</ele>
      </trkpt>
      <trkpt lat="38.964472" lon="-0.937739">
        <ele>845</ele>
      </trkpt>
      <trkpt lat="38.964461" lon="-0.937659">
        <ele>845</ele>
      </trkpt>
      <trkpt lat="38.964457" lon="-0.937586">
        <ele>844.75</ele>
      </trkpt>
      <trkpt lat="38.964461" lon="-0.937509">
        <ele>844.5</ele>
      </trkpt>
      <trkpt lat="38.964488" lon="-0.937305">
        <ele>843.25</ele>
      </trkpt>
      <trkpt lat="38.964544" lon="-0.936965">
        <ele>841.25</ele>
      </trkpt>
      <trkpt lat="38.964554" lon="-0.936871">
        <ele>840.5</ele>
      </trkpt>
      <trkpt lat="38.964554" lon="-0.936736">
        <ele>840</ele>
      </trkpt>
      <trkpt lat="38.964543" lon="-0.935913">
        <ele>835.5</ele>
      </trkpt>
      <trkpt lat="38.964534" lon="-0.935785">
        <ele>834.75</ele>
      </trkpt>
      <trkpt lat="38.964491" lon="-0.935643">
        <ele>834</ele>
      </trkpt>
      <trkpt lat="38.964458" lon="-0.935585">
        <ele>833.75</ele>
      </trkpt>
      <trkpt lat="38.9644" lon="-0.93552">
        <ele>833.5</ele>
      </trkpt>
      <trkpt lat="38.963927" lon="-0.935053">
        <ele>830.5</ele>
      </trkpt>
      <trkpt lat="38.963812" lon="-0.934973">
        <ele>829.75</ele>
      </trkpt>
      <trkpt lat="38.963752" lon="-0.934947">
        <ele>829.5</ele>
      </trkpt>
      <trkpt lat="38.962214" lon="-0.934645">
        <ele>825</ele>
      </trkpt>
      <trkpt lat="38.962033" lon="-0.93461">
        <ele>824.75</ele>
      </trkpt>
      <trkpt lat="38.961778" lon="-0.934574">
        <ele>824.75</ele>
      </trkpt>
      <trkpt lat="38.961459" lon="-0.934527">
        <ele>824.5</ele>
      </trkpt>
      <trkpt lat="38.961414" lon="-0.934516">
        <ele>824.5</ele>
      </trkpt>
      <trkpt lat="38.961325" lon="-0.934465">
        <ele>824.25</ele>
      </trkpt>
      <trkpt lat="38.961288" lon="-0.934433">
        <ele>824</ele>
      </trkpt>
      <trkpt lat="38.961223" lon="-0.934332">
        <ele>823.75</ele>
      </trkpt>
      <trkpt lat="38.961203" lon="-0.934265">
        <ele>823.5</ele>
      </trkpt>
      <trkpt lat="38.961171" lon="-0.934111">
        <ele>823.5</ele>
      </trkpt>
      <trkpt lat="38.961146" lon="-0.93403">
        <ele>824</ele>
      </trkpt>
      <trkpt lat="38.961098" lon="-0.933916">
        <ele>825</ele>
      </trkpt>
      <trkpt lat="38.961063" lon="-0.933865">
        <ele>825.5</ele>
      </trkpt>
      <trkpt lat="38.960948" lon="-0.933778">
        <ele>826.5</ele>
      </trkpt>
      <trkpt lat="38.960362" lon="-0.933469">
        <ele>828.25</ele>
      </trkpt>
      <trkpt lat="38.960302" lon="-0.933429">
        <ele>828.25</ele>
      </trkpt>
      <trkpt lat="38.96026" lon="-0.933389">
        <ele>828.25</ele>
      </trkpt>
      <trkpt lat="38.960202" lon="-0.933313">
        <ele>828.5</ele>
      </trkpt>
      <trkpt lat="38.960111" lon="-0.933135">
        <ele>829.25</ele>
      </trkpt>
      <trkpt lat="38.96002" lon="-0.93288">
        <ele>830.25</ele>
      </trkpt>
      <trkpt lat="38.959979" lon="-0.932731">
        <ele>830.75</ele>
      </trkpt>
      <trkpt lat="38.959903" lon="-0.932284">
        <ele>833</ele>
      </trkpt>
      <trkpt lat="38.959878" lon="-0.932187">
        <ele>833.5</ele>
      </trkpt>
      <trkpt lat="38.95983" lon="-0.932076">
        <ele>834</ele>
      </trkpt>
      <trkpt lat="38.959768" lon="-0.931955">
        <ele>834.25</ele>
      </trkpt>
      <trkpt lat="38.95938" lon="-0.9313">
        <ele>837</ele>
      </trkpt>
      <trkpt lat="38.958828" lon="-0.930312">
        <ele>842</ele>
      </trkpt>
      <trkpt lat="38.958775" lon="-0.9302">
        <ele>842.75</ele>
      </trkpt>
      <trkpt lat="38.958726" lon="-0.930052">
        <ele>843.5</ele>
      </trkpt>
      <trkpt lat="38.958603" lon="-0.929587">
        <ele>845.25</ele>
      </trkpt>
      <trkpt lat="38.958582" lon="-0.929479">
        <ele>845.5</ele>
      </trkpt>
      <trkpt lat="38.958571" lon="-0.929387">
        <ele>845.75</ele>
      </trkpt>
      <trkpt lat="38.958563" lon="-0.92929">
        <ele>846</ele>
      </trkpt>
      <trkpt lat="38.958563" lon="-0.929158">
        <ele>846.5</ele>
      </trkpt>
      <trkpt lat="38.958687" lon="-0.927109">
        <ele>858.5</ele>
      </trkpt>
      <trkpt lat="38.958717" lon="-0.926908">
        <ele>859.75</ele>
      </trkpt>
      <trkpt lat="38.958799" lon="-0.926535">
        <ele>861.75</ele>
      </trkpt>
      <trkpt lat="38.958864" lon="-0.926199">
        <ele>863.75</ele>
      </trkpt>
      <trkpt lat="38.958883" lon="-0.92606">
        <ele>864.25</ele>
      </trkpt>
      <trkpt lat="38.958893" lon="-0.92591">
        <ele>865</ele>
      </trkpt>
      <trkpt lat="38.9589" lon="-0.925618">
        <ele>866.25</ele>
      </trkpt>
      <trkpt lat="38.958929" lon="-0.924966">
        <ele>868.75</ele>
      </trkpt>
      <trkpt lat="38.958966" lon="-0.924387">
        <ele>868.75</ele>
      </trkpt>
      <trkpt lat="38.959031" lon="-0.923723">
        <ele>868.25</ele>
      </trkpt>
      <trkpt lat="38.959102" lon="-0.922885">
        <ele>868</ele>
      </trkpt>
      <trkpt lat="38.958966" lon="-0.923046">
        <ele>868</ele>
      </trkpt>
      <trkpt lat="38.958824" lon="-0.923169">
        <ele>868.5</ele>
      </trkpt>
      <trkpt lat="38.958721" lon="-0.923247">
        <ele>868.75</ele>
      </trkpt>
      <trkpt lat="38.958628" lon="-0.923283">
        <ele>869</ele>
      </trkpt>
      <trkpt lat="38.958547" lon="-0.923302">
        <ele>869.25</ele>
      </trkpt>
      <trkpt lat="38.958248" lon="-0.92332">
        <ele>869.75</ele>
      </trkpt>
      <trkpt lat="38.958167" lon="-0.923334">
        <ele>869.75</ele>
      </trkpt>
      <trkpt lat="38.958056" lon="-0.923366">
        <ele>869.75</ele>
      </trkpt>
      <trkpt lat="38.957929" lon="-0.92342">
        <ele>869.75</ele>
      </trkpt>
      <trkpt lat="38.957442" lon="-0.923681">
        <ele>871.75</ele>
      </trkpt>
      <trkpt lat="38.957332" lon="-0.923772">
        <ele>872.75</ele>
      </trkpt>
      <trkpt lat="38.957222" lon="-0.923891">
        <ele>873.5</ele>
      </trkpt>
      <trkpt lat="38.957176" lon="-0.924005">
        <ele>874.25</ele>
      </trkpt>
      <trkpt lat="38.95708" lon="-0.924206">
        <ele>875.5</ele>
      </trkpt>
      <trkpt lat="38.957009" lon="-0.924325">
        <ele>876</ele>
      </trkpt>
      <trkpt lat="38.956909" lon="-0.924462">
        <ele>876.75</ele>
      </trkpt>
      <trkpt lat="38.956845" lon="-0.924562">
        <ele>877.5</ele>
      </trkpt>
      <trkpt lat="38.956572" lon="-0.92538">
        <ele>883</ele>
      </trkpt>
      <trkpt lat="38.956405" lon="-0.926033">
        <ele>886.25</ele>
      </trkpt>
      <trkpt lat="38.956351" lon="-0.926165">
        <ele>886.75</ele>
      </trkpt>
      <trkpt lat="38.956284" lon="-0.92628">
        <ele>887</ele>
      </trkpt>
      <trkpt lat="38.956202" lon="-0.926348">
        <ele>887.5</ele>
      </trkpt>
      <trkpt lat="38.956114" lon="-0.926394">
        <ele>887.75</ele>
      </trkpt>
      <trkpt lat="38.956018" lon="-0.926408">
        <ele>888.25</ele>
      </trkpt>
      <trkpt lat="38.955663" lon="-0.926429">
        <ele>889.25</ele>
      </trkpt>
      <trkpt lat="38.955475" lon="-0.926419">
        <ele>889.75</ele>
      </trkpt>
      <trkpt lat="38.955325" lon="-0.926379">
        <ele>890</ele>
      </trkpt>
      <trkpt lat="38.954932" lon="-0.926202">
        <ele>891.5</ele>
      </trkpt>
      <trkpt lat="38.954744" lon="-0.92614">
        <ele>891.5</ele>
      </trkpt>
      <trkpt lat="38.954539" lon="-0.926101">
        <ele>891.25</ele>
      </trkpt>
      <trkpt lat="38.954276" lon="-0.926075">
        <ele>891.25</ele>
      </trkpt>
      <trkpt lat="38.954151" lon="-0.926078">
        <ele>891</ele>
      </trkpt>
      <trkpt lat="38.953538" lon="-0.926184">
        <ele>892.5</ele>
      </trkpt>
      <trkpt lat="38.952995" lon="-0.926302">
        <ele>895</ele>
      </trkpt>
      <trkpt lat="38.952926" lon="-0.926307">
        <ele>895.5</ele>
      </trkpt>
      <trkpt lat="38.952857" lon="-0.926301">
        <ele>896</ele>
      </trkpt>
      <trkpt lat="38.952715" lon="-0.92625">
        <ele>897</ele>
      </trkpt>
      <trkpt lat="38.952195" lon="-0.925955">
        <ele>900.75</ele>
      </trkpt>
      <trkpt lat="38.951801" lon="-0.925764">
        <ele>904.5</ele>
      </trkpt>
      <trkpt lat="38.951713" lon="-0.925711">
        <ele>905.5</ele>
      </trkpt>
      <trkpt lat="38.951236" lon="-0.925369">
        <ele>911</ele>
      </trkpt>
      <trkpt lat="38.951147" lon="-0.925314">
        <ele>911.75</ele>
      </trkpt>
      <trkpt lat="38.951051" lon="-0.925268">
        <ele>912.5</ele>
      </trkpt>
      <trkpt lat="38.950662" lon="-0.925182">
        <ele>915</ele>
      </trkpt>
      <trkpt lat="38.950574" lon="-0.925147">
        <ele>915.5</ele>
      </trkpt>
      <trkpt lat="38.95041" lon="-0.925043">
        <ele>916.75</ele>
      </trkpt>
      <trkpt lat="38.949936" lon="-0.924662">
        <ele>919.75</ele>
      </trkpt>
      <trkpt lat="38.949861" lon="-0.924612">
        <ele>920</ele>
      </trkpt>
      <trkpt lat="38.949689" lon="-0.924515">
        <ele>920.5</ele>
      </trkpt>
      <trkpt lat="38.949756" lon="-0.924354">
        <ele>919.5</ele>
      </trkpt>
      <trkpt lat="38.949846" lon="-0.924174">
        <ele>919.25</ele>
      </trkpt>
      <trkpt lat="38.950031" lon="-0.923892">
        <ele>920.5</ele>
      </trkpt>
      <trkpt lat="38.950382" lon="-0.923332">
        <ele>927.25</ele>
      </trkpt>
      <trkpt lat="38.950528" lon="-0.923112">
        <ele>927.75</ele>
      </trkpt>
      <trkpt lat="38.950601" lon="-0.923045">
        <ele>928.5</ele>
      </trkpt>
      <trkpt lat="38.950763" lon="-0.922937">
        <ele>931</ele>
      </trkpt>
      <trkpt lat="38.950976" lon="-0.922811">
        <ele>931.75</ele>
      </trkpt>
      <trkpt lat="38.951095" lon="-0.922723">
        <ele>931.75</ele>
      </trkpt>
      <trkpt lat="38.951168" lon="-0.922658">
        <ele>931.5</ele>
      </trkpt>
      <trkpt lat="38.95122" lon="-0.922575">
        <ele>931.5</ele>
      </trkpt>
      <trkpt lat="38.951279" lon="-0.922441">
        <ele>931.5</ele>
      </trkpt>
      <trkpt lat="38.951462" lon="-0.921958">
        <ele>933.75</ele>
      </trkpt>
      <trkpt lat="38.951792" lon="-0.920998">
        <ele>940.25</ele>
      </trkpt>
      <trkpt lat="38.951869" lon="-0.920757">
        <ele>939.5</ele>
      </trkpt>
      <trkpt lat="38.951896" lon="-0.920593">
        <ele>938</ele>
      </trkpt>
      <trkpt lat="38.951948" lon="-0.919866">
        <ele>934</ele>
      </trkpt>
      <trkpt lat="38.951977" lon="-0.919713">
        <ele>934.75</ele>
      </trkpt>
      <trkpt lat="38.952069" lon="-0.919359">
        <ele>937.5</ele>
      </trkpt>
      <trkpt lat="38.952121" lon="-0.919206">
        <ele>938.75</ele>
      </trkpt>
      <trkpt lat="38.952199" lon="-0.919043">
        <ele>940.75</ele>
      </trkpt>
      <trkpt lat="38.952486" lon="-0.918512">
        <ele>948</ele>
      </trkpt>
      <trkpt lat="38.952564" lon="-0.918356">
        <ele>948</ele>
      </trkpt>
      <trkpt lat="38.952609" lon="-0.918244">
        <ele>947</ele>
      </trkpt>
      <trkpt lat="38.952647" lon="-0.918088">
        <ele>946</ele>
      </trkpt>
      <trkpt lat="38.95267" lon="-0.917932">
        <ele>945.25</ele>
      </trkpt>
      <trkpt lat="38.952682" lon="-0.917753">
        <ele>944.5</ele>
      </trkpt>
      <trkpt lat="38.952685" lon="-0.91756">
        <ele>944.25</ele>
      </trkpt>
      <trkpt lat="38.952693" lon="-0.917474">
        <ele>944</ele>
      </trkpt>
      <trkpt lat="38.952745" lon="-0.917167">
        <ele>943.25</ele>
      </trkpt>
      <trkpt lat="38.952814" lon="-0.916834">
        <ele>942.75</ele>
      </trkpt>
      <trkpt lat="38.952996" lon="-0.91615">
        <ele>942.75</ele>
      </trkpt>
      <trkpt lat="38.953106" lon="-0.915793">
        <ele>943.25</ele>
      </trkpt>
      <trkpt lat="38.953159" lon="-0.915645">
        <ele>943.5</ele>
      </trkpt>
      <trkpt lat="38.953217" lon="-0.9155">
        <ele>943.5</ele>
      </trkpt>
      <trkpt lat="38.95328" lon="-0.915385">
        <ele>943.75</ele>
      </trkpt>
      <trkpt lat="38.953361" lon="-0.915256">
        <ele>943.75</ele>
      </trkpt>
      <trkpt lat="38.954143" lon="-0.914275">
        <ele>942.5</ele>
      </trkpt>
      <trkpt lat="38.954375" lon="-0.913958">
        <ele>942.75</ele>
      </trkpt>
      <trkpt lat="38.954473" lon="-0.913816">
        <ele>943</ele>
      </trkpt>
      <trkpt lat="38.954564" lon="-0.913668">
        <ele>943.25</ele>
      </trkpt>
      <trkpt lat="38.954656" lon="-0.913505">
        <ele>943.5</ele>
      </trkpt>
      <trkpt lat="38.954725" lon="-0.913357">
        <ele>943.75</ele>
      </trkpt>
      <trkpt lat="38.954781" lon="-0.913212">
        <ele>944</ele>
      </trkpt>
      <trkpt lat="38.954815" lon="-0.913089">
        <ele>944.25</ele>
      </trkpt>
      <trkpt lat="38.954853" lon="-0.912931">
        <ele>944.25</ele>
      </trkpt>
      <trkpt lat="38.954873" lon="-0.912805">
        <ele>944.5</ele>
      </trkpt>
      <trkpt lat="38.954887" lon="-0.912689">
        <ele>944.5</ele>
      </trkpt>
      <trkpt lat="38.954905" lon="-0.912392">
        <ele>945</ele>
      </trkpt>
      <trkpt lat="38.954918" lon="-0.912048">
        <ele>946</ele>
      </trkpt>
      <trkpt lat="38.954936" lon="-0.911759">
        <ele>947.25</ele>
      </trkpt>
      <trkpt lat="38.954954" lon="-0.911544">
        <ele>948</ele>
      </trkpt>
      <trkpt lat="38.954975" lon="-0.911388">
        <ele>948.5</ele>
      </trkpt>
      <trkpt lat="38.95504" lon="-0.9111">
        <ele>949.25</ele>
      </trkpt>
      <trkpt lat="38.955105" lon="-0.910872">
        <ele>950</ele>
      </trkpt>
      <trkpt lat="38.955236" lon="-0.910507">
        <ele>950.5</ele>
      </trkpt>
      <trkpt lat="38.955306" lon="-0.910343">
        <ele>950.75</ele>
      </trkpt>
      <trkpt lat="38.955398" lon="-0.910188">
        <ele>951.25</ele>
      </trkpt>
      <trkpt lat="38.955492" lon="-0.91004">
        <ele>951.5</ele>
      </trkpt>
      <trkpt lat="38.955603" lon="-0.909892">
        <ele>952</ele>
      </trkpt>
      <trkpt lat="38.955772" lon="-0.909718">
        <ele>952.75</ele>
      </trkpt>
      <trkpt lat="38.956047" lon="-0.909453">
        <ele>953.25</ele>
      </trkpt>
      <trkpt lat="38.956144" lon="-0.909349">
        <ele>953.25</ele>
      </trkpt>
      <trkpt lat="38.95624" lon="-0.909231">
        <ele>953.25</ele>
      </trkpt>
      <trkpt lat="38.956408" lon="-0.908977">
        <ele>953.25</ele>
      </trkpt>
      <trkpt lat="38.956458" lon="-0.908883">
        <ele>953.5</ele>
      </trkpt>
      <trkpt lat="38.956499" lon="-0.908785">
        <ele>953.5</ele>
      </trkpt>
      <trkpt lat="38.95655" lon="-0.908613">
        <ele>954</ele>
      </trkpt>
      <trkpt lat="38.956624" lon="-0.908255">
        <ele>954.75</ele>
      </trkpt>
      <trkpt lat="38.956648" lon="-0.908165">
        <ele>955</ele>
      </trkpt>
      <trkpt lat="38.956735" lon="-0.907933">
        <ele>954.25</ele>
      </trkpt>
      <trkpt lat="38.956955" lon="-0.907306">
        <ele>951.75</ele>
      </trkpt>
      <trkpt lat="38.957022" lon="-0.90715">
        <ele>951.25</ele>
      </trkpt>
      <trkpt lat="38.957086" lon="-0.906962">
        <ele>951.5</ele>
      </trkpt>
      <trkpt lat="38.95711" lon="-0.906923">
        <ele>951.5</ele>
      </trkpt>
      <trkpt lat="38.957147" lon="-0.906891">
        <ele>951.75</ele>
      </trkpt>
      <trkpt lat="38.957169" lon="-0.906883">
        <ele>951.75</ele>
      </trkpt>
      <trkpt lat="38.95722" lon="-0.9069">
        <ele>951.75</ele>
      </trkpt>
      <trkpt lat="38.957285" lon="-0.906776">
        <ele>952.75</ele>
      </trkpt>
      <trkpt lat="38.957592" lon="-0.906313">
        <ele>957</ele>
      </trkpt>
      <trkpt lat="38.957651" lon="-0.906224">
        <ele>958</ele>
      </trkpt>
      <trkpt lat="38.957751" lon="-0.906069">
        <ele>960</ele>
      </trkpt>
      <trkpt lat="38.957836" lon="-0.905922">
        <ele>961.75</ele>
      </trkpt>
      <trkpt lat="38.957867" lon="-0.905853">
        <ele>962.5</ele>
      </trkpt>
      <trkpt lat="38.957921" lon="-0.905696">
        <ele>963.75</ele>
      </trkpt>
      <trkpt lat="38.957958" lon="-0.905504">
        <ele>965</ele>
      </trkpt>
      <trkpt lat="38.95801" lon="-0.903565">
        <ele>965.75</ele>
      </trkpt>
      <trkpt lat="38.958" lon="-0.903343">
        <ele>965.25</ele>
      </trkpt>
      <trkpt lat="38.957939" lon="-0.903114">
        <ele>964.75</ele>
      </trkpt>
      <trkpt lat="38.957902" lon="-0.90303">
        <ele>964.5</ele>
      </trkpt>
      <trkpt lat="38.957854" lon="-0.902947">
        <ele>964.25</ele>
      </trkpt>
      <trkpt lat="38.957787" lon="-0.902856">
        <ele>963.75</ele>
      </trkpt>
      <trkpt lat="38.957734" lon="-0.902797">
        <ele>963.5</ele>
      </trkpt>
      <trkpt lat="38.957669" lon="-0.902738">
        <ele>963</ele>
      </trkpt>
      <trkpt lat="38.956933" lon="-0.902253">
        <ele>960.75</ele>
      </trkpt>
      <trkpt lat="38.956861" lon="-0.902199">
        <ele>960.5</ele>
      </trkpt>
      <trkpt lat="38.956731" lon="-0.902087">
        <ele>960.25</ele>
      </trkpt>
      <trkpt lat="38.956694" lon="-0.902046">
        <ele>960</ele>
      </trkpt>
      <trkpt lat="38.956625" lon="-0.901943">
        <ele>960</ele>
      </trkpt>
      <trkpt lat="38.956578" lon="-0.901848">
        <ele>959.75</ele>
      </trkpt>
      <trkpt lat="38.956535" lon="-0.901725">
        <ele>959.75</ele>
      </trkpt>
      <trkpt lat="38.95648" lon="-0.901483">
        <ele>958.75</ele>
      </trkpt>
      <trkpt lat="38.956308" lon="-0.900501">
        <ele>954.25</ele>
      </trkpt>
      <trkpt lat="38.956259" lon="-0.900105">
        <ele>952.75</ele>
      </trkpt>
      <trkpt lat="38.956147" lon="-0.899074">
        <ele>948.75</ele>
      </trkpt>
      <trkpt lat="38.956113" lon="-0.898237">
        <ele>944.25</ele>
      </trkpt>
      <trkpt lat="38.956118" lon="-0.896595">
        <ele>935.25</ele>
      </trkpt>
      <trkpt lat="38.956149" lon="-0.895898">
        <ele>930</ele>
      </trkpt>
      <trkpt lat="38.956074" lon="-0.895372">
        <ele>925</ele>
      </trkpt>
      <trkpt lat="38.955899" lon="-0.894815">
        <ele>919.75</ele>
      </trkpt>
      <trkpt lat="38.955807" lon="-0.89416">
        <ele>913</ele>
      </trkpt>
      <trkpt lat="38.955665" lon="-0.89372">
        <ele>908.75</ele>
      </trkpt>
      <trkpt lat="38.95554" lon="-0.893441">
        <ele>907.25</ele>
      </trkpt>
      <trkpt lat="38.955273" lon="-0.89313">
        <ele>907.75</ele>
      </trkpt>
      <trkpt lat="38.954948" lon="-0.892873">
        <ele>907</ele>
      </trkpt>
      <trkpt lat="38.954706" lon="-0.892529">
        <ele>901.75</ele>
      </trkpt>
      <trkpt lat="38.954431" lon="-0.891671">
        <ele>894.25</ele>
      </trkpt>
      <trkpt lat="38.954172" lon="-0.891092">
        <ele>889.75</ele>
      </trkpt>
      <trkpt lat="38.953871" lon="-0.890555">
        <ele>880</ele>
      </trkpt>
      <trkpt lat="38.953598" lon="-0.88963">
        <ele>872.5</ele>
      </trkpt>
      <trkpt lat="38.953404" lon="-0.888978">
        <ele>871.75</ele>
      </trkpt>
      <trkpt lat="38.953279" lon="-0.888581">
        <ele>871.5</ele>
      </trkpt>
      <trkpt lat="38.952804" lon="-0.887937">
        <ele>867.25</ele>
      </trkpt>
      <trkpt lat="38.952578" lon="-0.887583">
        <ele>869</ele>
      </trkpt>
      <trkpt lat="38.952345" lon="-0.886993">
        <ele>866</ele>
      </trkpt>
      <trkpt lat="38.951494" lon="-0.884362">
        <ele>857.5</ele>
      </trkpt>
      <trkpt lat="38.95139" lon="-0.884019">
        <ele>856.75</ele>
      </trkpt>
      <trkpt lat="38.951322" lon="-0.883736">
        <ele>857</ele>
      </trkpt>
      <trkpt lat="38.951301" lon="-0.883583">
        <ele>857</ele>
      </trkpt>
      <trkpt lat="38.951196" lon="-0.882103">
        <ele>848.75</ele>
      </trkpt>
      <trkpt lat="38.951184" lon="-0.881691">
        <ele>845.75</ele>
      </trkpt>
      <trkpt lat="38.951194" lon="-0.881456">
        <ele>843.75</ele>
      </trkpt>
      <trkpt lat="38.951332" lon="-0.880434">
        <ele>836.25</ele>
      </trkpt>
      <trkpt lat="38.951353" lon="-0.880291">
        <ele>835.75</ele>
      </trkpt>
      <trkpt lat="38.951474" lon="-0.879503">
        <ele>833.5</ele>
      </trkpt>
      <trkpt lat="38.951494" lon="-0.879261">
        <ele>833.25</ele>
      </trkpt>
      <trkpt lat="38.951436" lon="-0.875586">
        <ele>824.25</ele>
      </trkpt>
      <trkpt lat="38.951441" lon="-0.875212">
        <ele>824</ele>
      </trkpt>
      <trkpt lat="38.951512" lon="-0.874618">
        <ele>823.5</ele>
      </trkpt>
      <trkpt lat="38.951638" lon="-0.873575">
        <ele>823</ele>
      </trkpt>
      <trkpt lat="38.951654" lon="-0.873289">
        <ele>822.25</ele>
      </trkpt>
      <trkpt lat="38.951662" lon="-0.872351">
        <ele>816.25</ele>
      </trkpt>
      <trkpt lat="38.951654" lon="-0.870496">
        <ele>808</ele>
      </trkpt>
      <trkpt lat="38.951641" lon="-0.869885">
        <ele>808.5</ele>
      </trkpt>
      <trkpt lat="38.951618" lon="-0.869547">
        <ele>808</ele>
      </trkpt>
      <trkpt lat="38.951441" lon="-0.868036">
        <ele>802.25</ele>
      </trkpt>
      <trkpt lat="38.951411" lon="-0.867865">
        <ele>801.5</ele>
      </trkpt>
      <trkpt lat="38.951367" lon="-0.867682">
        <ele>800.75</ele>
      </trkpt>
      <trkpt lat="38.951072" lon="-0.866649">
        <ele>799</ele>
      </trkpt>
      <trkpt lat="38.950926" lon="-0.866148">
        <ele>798.25</ele>
      </trkpt>
      <trkpt lat="38.950837" lon="-0.865776">
        <ele>797.75</ele>
      </trkpt>
      <trkpt lat="38.950486" lon="-0.863788">
        <ele>792.5</ele>
      </trkpt>
      <trkpt lat="38.950471" lon="-0.863663">
        <ele>792.25</ele>
      </trkpt>
      <trkpt lat="38.95046" lon="-0.863472">
        <ele>792.25</ele>
      </trkpt>
      <trkpt lat="38.950519" lon="-0.862654">
        <ele>790</ele>
      </trkpt>
      <trkpt lat="38.950515" lon="-0.862473">
        <ele>789.5</ele>
      </trkpt>
      <trkpt lat="38.950489" lon="-0.86235">
        <ele>789</ele>
      </trkpt>
      <trkpt lat="38.949982" lon="-0.860633">
        <ele>785.5</ele>
      </trkpt>
      <trkpt lat="38.949905" lon="-0.860256">
        <ele>785.25</ele>
      </trkpt>
      <trkpt lat="38.949863" lon="-0.859874">
        <ele>784.5</ele>
      </trkpt>
      <trkpt lat="38.949847" lon="-0.85977">
        <ele>784</ele>
      </trkpt>
      <trkpt lat="38.949824" lon="-0.85968">
        <ele>783.75</ele>
      </trkpt>
      <trkpt lat="38.949775" lon="-0.859573">
        <ele>783.25</ele>
      </trkpt>
      <trkpt lat="38.949723" lon="-0.859483">
        <ele>783</ele>
      </trkpt>
      <trkpt lat="38.949639" lon="-0.859364">
        <ele>782.5</ele>
      </trkpt>
      <trkpt lat="38.94942" lon="-0.859097">
        <ele>781.75</ele>
      </trkpt>
      <trkpt lat="38.949046" lon="-0.858611">
        <ele>780</ele>
      </trkpt>
      <trkpt lat="38.948984" lon="-0.85852">
        <ele>779.5</ele>
      </trkpt>
      <trkpt lat="38.948931" lon="-0.858417">
        <ele>779.25</ele>
      </trkpt>
      <trkpt lat="38.948893" lon="-0.858324">
        <ele>778.75</ele>
      </trkpt>
      <trkpt lat="38.948865" lon="-0.85824">
        <ele>778.25</ele>
      </trkpt>
      <trkpt lat="38.948849" lon="-0.858167">
        <ele>778</ele>
      </trkpt>
      <trkpt lat="38.948828" lon="-0.857953">
        <ele>776.75</ele>
      </trkpt>
      <trkpt lat="38.948831" lon="-0.857839">
        <ele>776.25</ele>
      </trkpt>
      <trkpt lat="38.948869" lon="-0.857439">
        <ele>774.5</ele>
      </trkpt>
      <trkpt lat="38.948925" lon="-0.857086">
        <ele>774.25</ele>
      </trkpt>
      <trkpt lat="38.949164" lon="-0.855715">
        <ele>773.75</ele>
      </trkpt>
      <trkpt lat="38.949181" lon="-0.855487">
        <ele>773.5</ele>
      </trkpt>
      <trkpt lat="38.949132" lon="-0.854082">
        <ele>770.5</ele>
      </trkpt>
      <trkpt lat="38.949118" lon="-0.853827">
        <ele>770.5</ele>
      </trkpt>
      <trkpt lat="38.949074" lon="-0.853208">
        <ele>769.75</ele>
      </trkpt>
      <trkpt lat="38.948936" lon="-0.851879">
        <ele>763.25</ele>
      </trkpt>
      <trkpt lat="38.948796" lon="-0.850828">
        <ele>756</ele>
      </trkpt>
      <trkpt lat="38.94879" lon="-0.850657">
        <ele>755.5</ele>
      </trkpt>
      <trkpt lat="38.948796" lon="-0.850572">
        <ele>755.25</ele>
      </trkpt>
      <trkpt lat="38.948814" lon="-0.850472">
        <ele>755</ele>
      </trkpt>
      <trkpt lat="38.948981" lon="-0.849894">
        <ele>753.5</ele>
      </trkpt>
      <trkpt lat="38.949036" lon="-0.849669">
        <ele>753.5</ele>
      </trkpt>
      <trkpt lat="38.947864" lon="-0.8493">
        <ele>751.75</ele>
      </trkpt>
      <trkpt lat="38.94777" lon="-0.849257">
        <ele>751.25</ele>
      </trkpt>
      <trkpt lat="38.947665" lon="-0.849189">
        <ele>750.75</ele>
      </trkpt>
      <trkpt lat="38.947567" lon="-0.849109">
        <ele>750</ele>
      </trkpt>
      <trkpt lat="38.947064" lon="-0.848516">
        <ele>744</ele>
      </trkpt>
      <trkpt lat="38.946993" lon="-0.848456">
        <ele>743</ele>
      </trkpt>
      <trkpt lat="38.946924" lon="-0.848447">
        <ele>742.5</ele>
      </trkpt>
      <trkpt lat="38.946846" lon="-0.848456">
        <ele>742</ele>
      </trkpt>
      <trkpt lat="38.946717" lon="-0.84855">
        <ele>742</ele>
      </trkpt>
      <trkpt lat="38.946162" lon="-0.849114">
        <ele>738.25</ele>
      </trkpt>
      <trkpt lat="38.946131" lon="-0.849165">
        <ele>737.75</ele>
      </trkpt>
      <trkpt lat="38.946106" lon="-0.849206">
        <ele>737.25</ele>
      </trkpt>
      <trkpt lat="38.946046" lon="-0.849343">
        <ele>735</ele>
      </trkpt>
      <trkpt lat="38.946013" lon="-0.849495">
        <ele>733</ele>
      </trkpt>
      <trkpt lat="38.946028" lon="-0.849621">
        <ele>732</ele>
      </trkpt>
      <trkpt lat="38.946057" lon="-0.84975">
        <ele>731.75</ele>
      </trkpt>
      <trkpt lat="38.946235" lon="-0.850346">
        <ele>732.75</ele>
      </trkpt>
      <trkpt lat="38.946258" lon="-0.850495">
        <ele>732.75</ele>
      </trkpt>
      <trkpt lat="38.946255" lon="-0.850641">
        <ele>732.25</ele>
      </trkpt>
      <trkpt lat="38.9462" lon="-0.85089">
        <ele>730.75</ele>
      </trkpt>
      <trkpt lat="38.946146" lon="-0.851076">
        <ele>731</ele>
      </trkpt>
      <trkpt lat="38.946079" lon="-0.851208">
        <ele>731</ele>
      </trkpt>
      <trkpt lat="38.945979" lon="-0.851302">
        <ele>729.75</ele>
      </trkpt>
      <trkpt lat="38.945565" lon="-0.851597">
        <ele>724.5</ele>
      </trkpt>
      <trkpt lat="38.945324" lon="-0.851784">
        <ele>721.25</ele>
      </trkpt>
      <trkpt lat="38.945253" lon="-0.851878">
        <ele>720.5</ele>
      </trkpt>
      <trkpt lat="38.945195" lon="-0.852007">
        <ele>720.25</ele>
      </trkpt>
      <trkpt lat="38.944901" lon="-0.852846">
        <ele>716.25</ele>
      </trkpt>
      <trkpt lat="38.944859" lon="-0.853027">
        <ele>714.5</ele>
      </trkpt>
      <trkpt lat="38.944854" lon="-0.853181">
        <ele>713.5</ele>
      </trkpt>
      <trkpt lat="38.944894" lon="-0.853364">
        <ele>713.25</ele>
      </trkpt>
      <trkpt lat="38.945015" lon="-0.853668">
        <ele>710.5</ele>
      </trkpt>
      <trkpt lat="38.945093" lon="-0.853765">
        <ele>709.5</ele>
      </trkpt>
      <trkpt lat="38.945235" lon="-0.853857">
        <ele>709.5</ele>
      </trkpt>
      <trkpt lat="38.945503" lon="-0.853983">
        <ele>710</ele>
      </trkpt>
      <trkpt lat="38.946336" lon="-0.854413">
        <ele>711.25</ele>
      </trkpt>
      <trkpt lat="38.946458" lon="-0.854493">
        <ele>711.5</ele>
      </trkpt>
      <trkpt lat="38.946574" lon="-0.85465">
        <ele>711.25</ele>
      </trkpt>
      <trkpt lat="38.946639" lon="-0.854751">
        <ele>711</ele>
      </trkpt>
      <trkpt lat="38.946659" lon="-0.854837">
        <ele>710.5</ele>
      </trkpt>
      <trkpt lat="38.946643" lon="-0.854917">
        <ele>710.25</ele>
      </trkpt>
      <trkpt lat="38.94659" lon="-0.855008">
        <ele>709.75</ele>
      </trkpt>
      <trkpt lat="38.946507" lon="-0.855112">
        <ele>710.5</ele>
      </trkpt>
      <trkpt lat="38.946436" lon="-0.855163">
        <ele>711</ele>
      </trkpt>
      <trkpt lat="38.946369" lon="-0.855175">
        <ele>711</ele>
      </trkpt>
      <trkpt lat="38.946111" lon="-0.8551">
        <ele>709.25</ele>
      </trkpt>
      <trkpt lat="38.946033" lon="-0.855097">
        <ele>709</ele>
      </trkpt>
      <trkpt lat="38.945855" lon="-0.855132">
        <ele>708.75</ele>
      </trkpt>
      <trkpt lat="38.945534" lon="-0.855243">
        <ele>708.25</ele>
      </trkpt>
      <trkpt lat="38.945315" lon="-0.855341">
        <ele>708.75</ele>
      </trkpt>
      <trkpt lat="38.9452" lon="-0.855366">
        <ele>708.75</ele>
      </trkpt>
      <trkpt lat="38.945106" lon="-0.855372">
        <ele>708.5</ele>
      </trkpt>
      <trkpt lat="38.943914" lon="-0.855197">
        <ele>706.25</ele>
      </trkpt>
      <trkpt lat="38.943743" lon="-0.855195">
        <ele>705.25</ele>
      </trkpt>
      <trkpt lat="38.943574" lon="-0.85522">
        <ele>704.5</ele>
      </trkpt>
      <trkpt lat="38.943495" lon="-0.855255">
        <ele>704.25</ele>
      </trkpt>
      <trkpt lat="38.943438" lon="-0.855326">
        <ele>704.5</ele>
      </trkpt>
      <trkpt lat="38.943395" lon="-0.855429">
        <ele>704.75</ele>
      </trkpt>
      <trkpt lat="38.943373" lon="-0.855544">
        <ele>705</ele>
      </trkpt>
      <trkpt lat="38.943371" lon="-0.855873">
        <ele>706.25</ele>
      </trkpt>
      <trkpt lat="38.943424" lon="-0.857618">
        <ele>696.25</ele>
      </trkpt>
      <trkpt lat="38.943413" lon="-0.857901">
        <ele>695.5</ele>
      </trkpt>
      <trkpt lat="38.943386" lon="-0.85807">
        <ele>694.5</ele>
      </trkpt>
      <trkpt lat="38.943068" lon="-0.859124">
        <ele>685.75</ele>
      </trkpt>
      <trkpt lat="38.943012" lon="-0.859262">
        <ele>685.5</ele>
      </trkpt>
      <trkpt lat="38.942818" lon="-0.859531">
        <ele>684.75</ele>
      </trkpt>
      <trkpt lat="38.941796" lon="-0.860622">
        <ele>681.25</ele>
      </trkpt>
      <trkpt lat="38.941669" lon="-0.860785">
        <ele>680.5</ele>
      </trkpt>
      <trkpt lat="38.941422" lon="-0.861203">
        <ele>679.25</ele>
      </trkpt>
      <trkpt lat="38.941243" lon="-0.861547">
        <ele>679.5</ele>
      </trkpt>
      <trkpt lat="38.941206" lon="-0.861696">
        <ele>680</ele>
      </trkpt>
      <trkpt lat="38.941194" lon="-0.861856">
        <ele>679.75</ele>
      </trkpt>
      <trkpt lat="38.941208" lon="-0.862017">
        <ele>679.75</ele>
      </trkpt>
      <trkpt lat="38.941455" lon="-0.863798">
        <ele>674.25</ele>
      </trkpt>
      <trkpt lat="38.941488" lon="-0.864173">
        <ele>673.25</ele>
      </trkpt>
      <trkpt lat="38.941468" lon="-0.864308">
        <ele>673</ele>
      </trkpt>
      <trkpt lat="38.941364" lon="-0.86452">
        <ele>672.75</ele>
      </trkpt>
      <trkpt lat="38.941261" lon="-0.864677">
        <ele>672.75</ele>
      </trkpt>
      <trkpt lat="38.941168" lon="-0.86476">
        <ele>672.75</ele>
      </trkpt>
      <trkpt lat="38.940925" lon="-0.864849">
        <ele>672.5</ele>
      </trkpt>
      <trkpt lat="38.939778" lon="-0.865233">
        <ele>679</ele>
      </trkpt>
      <trkpt lat="38.939233" lon="-0.865392">
        <ele>681.25</ele>
      </trkpt>
      <trkpt lat="38.939147" lon="-0.865416">
        <ele>681.75</ele>
      </trkpt>
      <trkpt lat="38.938058" lon="-0.865751">
        <ele>680.75</ele>
      </trkpt>
      <trkpt lat="38.937906" lon="-0.865812">
        <ele>679.5</ele>
      </trkpt>
      <trkpt lat="38.937726" lon="-0.865923">
        <ele>679.5</ele>
      </trkpt>
      <trkpt lat="38.937608" lon="-0.866026">
        <ele>680.5</ele>
      </trkpt>
      <trkpt lat="38.936289" lon="-0.867232">
        <ele>684.75</ele>
      </trkpt>
      <trkpt lat="38.936158" lon="-0.867332">
        <ele>684.5</ele>
      </trkpt>
      <trkpt lat="38.936028" lon="-0.867395">
        <ele>684</ele>
      </trkpt>
      <trkpt lat="38.935264" lon="-0.867584">
        <ele>688</ele>
      </trkpt>
      <trkpt lat="38.935117" lon="-0.86761">
        <ele>689.5</ele>
      </trkpt>
      <trkpt lat="38.934986" lon="-0.86761">
        <ele>690.25</ele>
      </trkpt>
      <trkpt lat="38.934638" lon="-0.867521">
        <ele>689.25</ele>
      </trkpt>
      <trkpt lat="38.934326" lon="-0.867427">
        <ele>689.25</ele>
      </trkpt>
      <trkpt lat="38.934182" lon="-0.867401">
        <ele>689.5</ele>
      </trkpt>
      <trkpt lat="38.934066" lon="-0.867407">
        <ele>689.25</ele>
      </trkpt>
      <trkpt lat="38.933928" lon="-0.867453">
        <ele>689</ele>
      </trkpt>
      <trkpt lat="38.933787" lon="-0.867527">
        <ele>689</ele>
      </trkpt>
      <trkpt lat="38.93368" lon="-0.867627">
        <ele>690</ele>
      </trkpt>
      <trkpt lat="38.933228" lon="-0.868186">
        <ele>692.5</ele>
      </trkpt>
      <trkpt lat="38.933143" lon="-0.868323">
        <ele>692.5</ele>
      </trkpt>
      <trkpt lat="38.932798" lon="-0.869117">
        <ele>693.75</ele>
      </trkpt>
      <trkpt lat="38.932745" lon="-0.86922">
        <ele>693</ele>
      </trkpt>
      <trkpt lat="38.932658" lon="-0.869331">
        <ele>691.75</ele>
      </trkpt>
      <trkpt lat="38.931729" lon="-0.870122">
        <ele>695.25</ele>
      </trkpt>
      <trkpt lat="38.931475" lon="-0.870288">
        <ele>696.75</ele>
      </trkpt>
      <trkpt lat="38.931136" lon="-0.870477">
        <ele>697.75</ele>
      </trkpt>
      <trkpt lat="38.930927" lon="-0.870603">
        <ele>698.25</ele>
      </trkpt>
      <trkpt lat="38.930782" lon="-0.870729">
        <ele>698.75</ele>
      </trkpt>
      <trkpt lat="38.930677" lon="-0.870867">
        <ele>699</ele>
      </trkpt>
      <trkpt lat="38.930559" lon="-0.871107">
        <ele>700</ele>
      </trkpt>
      <trkpt lat="38.930167" lon="-0.872018">
        <ele>701.25</ele>
      </trkpt>
      <trkpt lat="38.930027" lon="-0.872488">
        <ele>701.5</ele>
      </trkpt>
      <trkpt lat="38.929688" lon="-0.873673">
        <ele>705.25</ele>
      </trkpt>
      <trkpt lat="38.929603" lon="-0.873948">
        <ele>706</ele>
      </trkpt>
      <trkpt lat="38.929545" lon="-0.8741">
        <ele>706.5</ele>
      </trkpt>
      <trkpt lat="38.929465" lon="-0.87426">
        <ele>706.75</ele>
      </trkpt>
      <trkpt lat="38.928899" lon="-0.875051">
        <ele>707.75</ele>
      </trkpt>
      <trkpt lat="38.928781" lon="-0.875186">
        <ele>709.5</ele>
      </trkpt>
      <trkpt lat="38.928683" lon="-0.875283">
        <ele>710.75</ele>
      </trkpt>
      <trkpt lat="38.92809" lon="-0.875555">
        <ele>712</ele>
      </trkpt>
      <trkpt lat="38.927776" lon="-0.875681">
        <ele>711.25</ele>
      </trkpt>
      <trkpt lat="38.927611" lon="-0.875692">
        <ele>709.75</ele>
      </trkpt>
      <trkpt lat="38.9275" lon="-0.875672">
        <ele>708.5</ele>
      </trkpt>
      <trkpt lat="38.927357" lon="-0.875624">
        <ele>709.75</ele>
      </trkpt>
      <trkpt lat="38.926348" lon="-0.875234">
        <ele>710</ele>
      </trkpt>
      <trkpt lat="38.92625" lon="-0.875226">
        <ele>709.75</ele>
      </trkpt>
      <trkpt lat="38.926218" lon="-0.875231">
        <ele>709.75</ele>
      </trkpt>
      <trkpt lat="38.926156" lon="-0.87524">
        <ele>709.75</ele>
      </trkpt>
      <trkpt lat="38.926058" lon="-0.875277">
        <ele>709.75</ele>
      </trkpt>
      <trkpt lat="38.92555" lon="-0.875533">
        <ele>709.75</ele>
      </trkpt>
      <trkpt lat="38.925296" lon="-0.875661">
        <ele>709.5</ele>
      </trkpt>
      <trkpt lat="38.925214" lon="-0.87573">
        <ele>709.5</ele>
      </trkpt>
      <trkpt lat="38.925163" lon="-0.875816">
        <ele>709.5</ele>
      </trkpt>
      <trkpt lat="38.925147" lon="-0.875887">
        <ele>709.5</ele>
      </trkpt>
      <trkpt lat="38.92514" lon="-0.876013">
        <ele>709.75</ele>
      </trkpt>
      <trkpt lat="38.925147" lon="-0.876454">
        <ele>710.5</ele>
      </trkpt>
      <trkpt lat="38.925116" lon="-0.876692">
        <ele>710.75</ele>
      </trkpt>
      <trkpt lat="38.924835" lon="-0.877961">
        <ele>716.25</ele>
      </trkpt>
      <trkpt lat="38.924748" lon="-0.878284">
        <ele>719</ele>
      </trkpt>
      <trkpt lat="38.924701" lon="-0.878405">
        <ele>720.5</ele>
      </trkpt>
      <trkpt lat="38.924472" lon="-0.878869">
        <ele>726.25</ele>
      </trkpt>
      <trkpt lat="38.9243" lon="-0.879192">
        <ele>729.5</ele>
      </trkpt>
      <trkpt lat="38.924111" lon="-0.879582">
        <ele>726.75</ele>
      </trkpt>
      <trkpt lat="38.923982" lon="-0.87994">
        <ele>725</ele>
      </trkpt>
      <trkpt lat="38.923913" lon="-0.880175">
        <ele>725.25</ele>
      </trkpt>
      <trkpt lat="38.923812" lon="-0.880358">
        <ele>727</ele>
      </trkpt>
      <trkpt lat="38.923623" lon="-0.880633">
        <ele>729.25</ele>
      </trkpt>
      <trkpt lat="38.923362" lon="-0.881011">
        <ele>730.5</ele>
      </trkpt>
      <trkpt lat="38.92324" lon="-0.881163">
        <ele>731.25</ele>
      </trkpt>
      <trkpt lat="38.922908" lon="-0.881395">
        <ele>733.25</ele>
      </trkpt>
      <trkpt lat="38.922607" lon="-0.881549">
        <ele>734.75</ele>
      </trkpt>
      <trkpt lat="38.922516" lon="-0.881572">
        <ele>735.5</ele>
      </trkpt>
      <trkpt lat="38.922404" lon="-0.881561">
        <ele>736.25</ele>
      </trkpt>
      <trkpt lat="38.922331" lon="-0.881535">
        <ele>737</ele>
      </trkpt>
      <trkpt lat="38.921453" lon="-0.880955">
        <ele>742.75</ele>
      </trkpt>
      <trkpt lat="38.920323" lon="-0.880191">
        <ele>745.75</ele>
      </trkpt>
      <trkpt lat="38.920136" lon="-0.880067">
        <ele>746</ele>
      </trkpt>
      <trkpt lat="38.920018" lon="-0.879994">
        <ele>746</ele>
      </trkpt>
      <trkpt lat="38.919943" lon="-0.879963">
        <ele>746.5</ele>
      </trkpt>
      <trkpt lat="38.919829" lon="-0.87992">
        <ele>748</ele>
      </trkpt>
      <trkpt lat="38.919713" lon="-0.879888">
        <ele>749.25</ele>
      </trkpt>
      <trkpt lat="38.919545" lon="-0.879857">
        <ele>751</ele>
      </trkpt>
      <trkpt lat="38.919327" lon="-0.879865">
        <ele>752.75</ele>
      </trkpt>
      <trkpt lat="38.919256" lon="-0.879868">
        <ele>753.25</ele>
      </trkpt>
      <trkpt lat="38.919158" lon="-0.8799">
        <ele>754</ele>
      </trkpt>
      <trkpt lat="38.918863" lon="-0.88002">
        <ele>757.5</ele>
      </trkpt>
      <trkpt lat="38.918496" lon="-0.880201">
        <ele>760.5</ele>
      </trkpt>
      <trkpt lat="38.918329" lon="-0.880264">
        <ele>761.75</ele>
      </trkpt>
      <trkpt lat="38.918141" lon="-0.880304">
        <ele>763.25</ele>
      </trkpt>
      <trkpt lat="38.917564" lon="-0.880364">
        <ele>769.5</ele>
      </trkpt>
      <trkpt lat="38.91746" lon="-0.880407">
        <ele>770.25</ele>
      </trkpt>
      <trkpt lat="38.917295" lon="-0.880584">
        <ele>770.75</ele>
      </trkpt>
      <trkpt lat="38.917228" lon="-0.880613">
        <ele>771.25</ele>
      </trkpt>
      <trkpt lat="38.917161" lon="-0.880607">
        <ele>772</ele>
      </trkpt>
      <trkpt lat="38.917103" lon="-0.880573">
        <ele>772.5</ele>
      </trkpt>
      <trkpt lat="38.91707" lon="-0.880504">
        <ele>773.25</ele>
      </trkpt>
      <trkpt lat="38.917061" lon="-0.880401">
        <ele>773.5</ele>
      </trkpt>
      <trkpt lat="38.917059" lon="-0.880295">
        <ele>774</ele>
      </trkpt>
      <trkpt lat="38.917079" lon="-0.880066">
        <ele>774.75</ele>
      </trkpt>
      <trkpt lat="38.917137" lon="-0.879611">
        <ele>775.5</ele>
      </trkpt>
      <trkpt lat="38.917134" lon="-0.879447">
        <ele>775.75</ele>
      </trkpt>
      <trkpt lat="38.917101" lon="-0.87931">
        <ele>776</ele>
      </trkpt>
      <trkpt lat="38.917061" lon="-0.879204">
        <ele>776.25</ele>
      </trkpt>
      <trkpt lat="38.916989" lon="-0.879101">
        <ele>776.5</ele>
      </trkpt>
      <trkpt lat="38.916432" lon="-0.878545">
        <ele>774</ele>
      </trkpt>
      <trkpt lat="38.916368" lon="-0.878451">
        <ele>773.5</ele>
      </trkpt>
      <trkpt lat="38.916339" lon="-0.878362">
        <ele>773</ele>
      </trkpt>
      <trkpt lat="38.916301" lon="-0.878107">
        <ele>771.5</ele>
      </trkpt>
      <trkpt lat="38.916265" lon="-0.877749">
        <ele>769</ele>
      </trkpt>
      <trkpt lat="38.916158" lon="-0.876938">
        <ele>763.25</ele>
      </trkpt>
      <trkpt lat="38.916116" lon="-0.876721">
        <ele>761.25</ele>
      </trkpt>
      <trkpt lat="38.916083" lon="-0.876595">
        <ele>760</ele>
      </trkpt>
      <trkpt lat="38.915909" lon="-0.876111">
        <ele>754.75</ele>
      </trkpt>
      <trkpt lat="38.915875" lon="-0.875959">
        <ele>753.25</ele>
      </trkpt>
      <trkpt lat="38.915849" lon="-0.875767">
        <ele>752</ele>
      </trkpt>
      <trkpt lat="38.915842" lon="-0.875644">
        <ele>751.25</ele>
      </trkpt>
      <trkpt lat="38.915846" lon="-0.875544">
        <ele>751</ele>
      </trkpt>
      <trkpt lat="38.915875" lon="-0.875435">
        <ele>751.25</ele>
      </trkpt>
      <trkpt lat="38.915969" lon="-0.875157">
        <ele>752</ele>
      </trkpt>
      <trkpt lat="38.91598" lon="-0.875082">
        <ele>752</ele>
      </trkpt>
      <trkpt lat="38.915971" lon="-0.874977">
        <ele>751.25</ele>
      </trkpt>
      <trkpt lat="38.91594" lon="-0.874876">
        <ele>750</ele>
      </trkpt>
      <trkpt lat="38.915828" lon="-0.87467">
        <ele>746.5</ele>
      </trkpt>
      <trkpt lat="38.915768" lon="-0.874521">
        <ele>744.5</ele>
      </trkpt>
      <trkpt lat="38.915737" lon="-0.874418">
        <ele>743.25</ele>
      </trkpt>
      <trkpt lat="38.915733" lon="-0.874269">
        <ele>742.25</ele>
      </trkpt>
      <trkpt lat="38.915739" lon="-0.874117">
        <ele>741</ele>
      </trkpt>
      <trkpt lat="38.915755" lon="-0.873997">
        <ele>739.75</ele>
      </trkpt>
      <trkpt lat="38.915795" lon="-0.87388">
        <ele>739</ele>
      </trkpt>
      <trkpt lat="38.915884" lon="-0.873656">
        <ele>738</ele>
      </trkpt>
      <trkpt lat="38.91598" lon="-0.873439">
        <ele>737.75</ele>
      </trkpt>
      <trkpt lat="38.916004" lon="-0.87337">
        <ele>737.5</ele>
      </trkpt>
      <trkpt lat="38.916009" lon="-0.873301">
        <ele>737</ele>
      </trkpt>
      <trkpt lat="38.915967" lon="-0.873038">
        <ele>734.5</ele>
      </trkpt>
      <trkpt lat="38.915964" lon="-0.872957">
        <ele>733.75</ele>
      </trkpt>
      <trkpt lat="38.915984" lon="-0.872745">
        <ele>733</ele>
      </trkpt>
      <trkpt lat="38.915978" lon="-0.872519">
        <ele>731.5</ele>
      </trkpt>
      <trkpt lat="38.91592" lon="-0.872067">
        <ele>728.75</ele>
      </trkpt>
      <trkpt lat="38.915875" lon="-0.871906">
        <ele>727.25</ele>
      </trkpt>
      <trkpt lat="38.915632" lon="-0.871127">
        <ele>721.5</ele>
      </trkpt>
      <trkpt lat="38.915619" lon="-0.870993">
        <ele>720.75</ele>
      </trkpt>
      <trkpt lat="38.91563" lon="-0.870912">
        <ele>720.25</ele>
      </trkpt>
      <trkpt lat="38.915661" lon="-0.870852">
        <ele>720.25</ele>
      </trkpt>
      <trkpt lat="38.915704" lon="-0.870795">
        <ele>720.25</ele>
      </trkpt>
      <trkpt lat="38.915889" lon="-0.870698">
        <ele>721.25</ele>
      </trkpt>
      <trkpt lat="38.915927" lon="-0.87064">
        <ele>721.25</ele>
      </trkpt>
      <trkpt lat="38.915949" lon="-0.870554">
        <ele>720.75</ele>
      </trkpt>
      <trkpt lat="38.915946" lon="-0.870474">
        <ele>720</ele>
      </trkpt>
      <trkpt lat="38.915913" lon="-0.870374">
        <ele>718.75</ele>
      </trkpt>
      <trkpt lat="38.915853" lon="-0.870257">
        <ele>716.75</ele>
      </trkpt>
      <trkpt lat="38.915808" lon="-0.870119">
        <ele>714.75</ele>
      </trkpt>
      <trkpt lat="38.915808" lon="-0.87003">
        <ele>714</ele>
      </trkpt>
      <trkpt lat="38.915814" lon="-0.869994">
        <ele>713.5</ele>
      </trkpt>
      <trkpt lat="38.915824" lon="-0.869936">
        <ele>713</ele>
      </trkpt>
      <trkpt lat="38.915924" lon="-0.869647">
        <ele>711</ele>
      </trkpt>
      <trkpt lat="38.915996" lon="-0.869466">
        <ele>709.25</ele>
      </trkpt>
      <trkpt lat="38.916078" lon="-0.8693">
        <ele>707.5</ele>
      </trkpt>
      <trkpt lat="38.916145" lon="-0.869197">
        <ele>706</ele>
      </trkpt>
      <trkpt lat="38.916292" lon="-0.869034">
        <ele>705</ele>
      </trkpt>
      <trkpt lat="38.916403" lon="-0.868951">
        <ele>704.5</ele>
      </trkpt>
      <trkpt lat="38.916452" lon="-0.868905">
        <ele>704</ele>
      </trkpt>
      <trkpt lat="38.916484" lon="-0.868847">
        <ele>703.5</ele>
      </trkpt>
      <trkpt lat="38.916499" lon="-0.868784">
        <ele>703</ele>
      </trkpt>
      <trkpt lat="38.916495" lon="-0.868719">
        <ele>702.25</ele>
      </trkpt>
      <trkpt lat="38.916463" lon="-0.86865">
        <ele>701.75</ele>
      </trkpt>
      <trkpt lat="38.916415" lon="-0.868618">
        <ele>701.5</ele>
      </trkpt>
      <trkpt lat="38.916365" lon="-0.868613">
        <ele>701.5</ele>
      </trkpt>
      <trkpt lat="38.916305" lon="-0.86863">
        <ele>702</ele>
      </trkpt>
      <trkpt lat="38.91625" lon="-0.86869">
        <ele>702.5</ele>
      </trkpt>
      <trkpt lat="38.916036" lon="-0.869077">
        <ele>705</ele>
      </trkpt>
      <trkpt lat="38.915973" lon="-0.869148">
        <ele>705</ele>
      </trkpt>
      <trkpt lat="38.915915" lon="-0.869171">
        <ele>705.25</ele>
      </trkpt>
      <trkpt lat="38.915864" lon="-0.869157">
        <ele>705</ele>
      </trkpt>
      <trkpt lat="38.915779" lon="-0.869108">
        <ele>704.75</ele>
      </trkpt>
      <trkpt lat="38.915635" lon="-0.868991">
        <ele>704.5</ele>
      </trkpt>
      <trkpt lat="38.915592" lon="-0.868931">
        <ele>704.5</ele>
      </trkpt>
      <trkpt lat="38.915572" lon="-0.868853">
        <ele>704.5</ele>
      </trkpt>
      <trkpt lat="38.915585" lon="-0.868744">
        <ele>704.5</ele>
      </trkpt>
      <trkpt lat="38.915606" lon="-0.868653">
        <ele>704.5</ele>
      </trkpt>
      <trkpt lat="38.915623" lon="-0.868541">
        <ele>704.25</ele>
      </trkpt>
      <trkpt lat="38.915612" lon="-0.868444">
        <ele>704.25</ele>
      </trkpt>
      <trkpt lat="38.915581" lon="-0.868349">
        <ele>704.5</ele>
      </trkpt>
      <trkpt lat="38.914906" lon="-0.866891">
        <ele>708.25</ele>
      </trkpt>
      <trkpt lat="38.914857" lon="-0.866823">
        <ele>708.5</ele>
      </trkpt>
      <trkpt lat="38.914792" lon="-0.866765">
        <ele>709</ele>
      </trkpt>
      <trkpt lat="38.914703" lon="-0.866717">
        <ele>709.75</ele>
      </trkpt>
      <trkpt lat="38.914612" lon="-0.866688">
        <ele>710.75</ele>
      </trkpt>
      <trkpt lat="38.914284" lon="-0.866659">
        <ele>714.5</ele>
      </trkpt>
      <trkpt lat="38.914215" lon="-0.866636">
        <ele>715.25</ele>
      </trkpt>
      <trkpt lat="38.913618" lon="-0.866364">
        <ele>720</ele>
      </trkpt>
      <trkpt lat="38.913573" lon="-0.866327">
        <ele>720</ele>
      </trkpt>
      <trkpt lat="38.913542" lon="-0.866284">
        <ele>719.75</ele>
      </trkpt>
      <trkpt lat="38.913524" lon="-0.866227">
        <ele>719.5</ele>
      </trkpt>
      <trkpt lat="38.91352" lon="-0.866152">
        <ele>719</ele>
      </trkpt>
      <trkpt lat="38.913526" lon="-0.866075">
        <ele>718.5</ele>
      </trkpt>
      <trkpt lat="38.913551" lon="-0.865989">
        <ele>717.75</ele>
      </trkpt>
      <trkpt lat="38.9136" lon="-0.865926">
        <ele>717.25</ele>
      </trkpt>
      <trkpt lat="38.913676" lon="-0.8659">
        <ele>716.75</ele>
      </trkpt>
      <trkpt lat="38.913776" lon="-0.865903">
        <ele>716.75</ele>
      </trkpt>
      <trkpt lat="38.913856" lon="-0.865923">
        <ele>716.5</ele>
      </trkpt>
      <trkpt lat="38.914173" lon="-0.866066">
        <ele>715.75</ele>
      </trkpt>
      <trkpt lat="38.914228" lon="-0.866064">
        <ele>715.5</ele>
      </trkpt>
      <trkpt lat="38.914273" lon="-0.866044">
        <ele>715.5</ele>
      </trkpt>
      <trkpt lat="38.914322" lon="-0.866009">
        <ele>715.25</ele>
      </trkpt>
      <trkpt lat="38.914362" lon="-0.865949">
        <ele>715.25</ele>
      </trkpt>
      <trkpt lat="38.914389" lon="-0.865877">
        <ele>715.5</ele>
      </trkpt>
      <trkpt lat="38.9144" lon="-0.865763">
        <ele>716.5</ele>
      </trkpt>
      <trkpt lat="38.914358" lon="-0.865597">
        <ele>718.25</ele>
      </trkpt>
      <trkpt lat="38.914081" lon="-0.864995">
        <ele>724.5</ele>
      </trkpt>
      <trkpt lat="38.914028" lon="-0.864852">
        <ele>725.75</ele>
      </trkpt>
      <trkpt lat="38.914006" lon="-0.86472">
        <ele>726.75</ele>
      </trkpt>
      <trkpt lat="38.913999" lon="-0.864623">
        <ele>727.5</ele>
      </trkpt>
      <trkpt lat="38.913999" lon="-0.8645">
        <ele>728.25</ele>
      </trkpt>
      <trkpt lat="38.914012" lon="-0.864374">
        <ele>729</ele>
      </trkpt>
      <trkpt lat="38.914119" lon="-0.863921">
        <ele>732</ele>
      </trkpt>
      <trkpt lat="38.914235" lon="-0.863589">
        <ele>735.75</ele>
      </trkpt>
      <trkpt lat="38.914248" lon="-0.863526">
        <ele>736.5</ele>
      </trkpt>
      <trkpt lat="38.91424" lon="-0.863466">
        <ele>737</ele>
      </trkpt>
      <trkpt lat="38.914217" lon="-0.863412">
        <ele>737.5</ele>
      </trkpt>
      <trkpt lat="38.914179" lon="-0.863369">
        <ele>737.5</ele>
      </trkpt>
      <trkpt lat="38.914124" lon="-0.863349">
        <ele>738.25</ele>
      </trkpt>
      <trkpt lat="38.914072" lon="-0.863346">
        <ele>738.75</ele>
      </trkpt>
      <trkpt lat="38.914026" lon="-0.86338">
        <ele>739</ele>
      </trkpt>
      <trkpt lat="38.913979" lon="-0.86342">
        <ele>739</ele>
      </trkpt>
      <trkpt lat="38.913945" lon="-0.863483">
        <ele>738.75</ele>
      </trkpt>
      <trkpt lat="38.913928" lon="-0.863552">
        <ele>738</ele>
      </trkpt>
      <trkpt lat="38.913905" lon="-0.863704">
        <ele>736.75</ele>
      </trkpt>
      <trkpt lat="38.913881" lon="-0.863764">
        <ele>736.25</ele>
      </trkpt>
      <trkpt lat="38.913832" lon="-0.863821">
        <ele>736.25</ele>
      </trkpt>
      <trkpt lat="38.913763" lon="-0.86387">
        <ele>736.5</ele>
      </trkpt>
      <trkpt lat="38.913649" lon="-0.863916">
        <ele>737.25</ele>
      </trkpt>
      <trkpt lat="38.913562" lon="-0.863913">
        <ele>738.25</ele>
      </trkpt>
      <trkpt lat="38.913484" lon="-0.863878">
        <ele>739.25</ele>
      </trkpt>
      <trkpt lat="38.913362" lon="-0.863807">
        <ele>741.5</ele>
      </trkpt>
      <trkpt lat="38.913277" lon="-0.863732">
        <ele>742</ele>
      </trkpt>
      <trkpt lat="38.91315" lon="-0.863549">
        <ele>743.5</ele>
      </trkpt>
      <trkpt lat="38.912691" lon="-0.862776">
        <ele>749.25</ele>
      </trkpt>
      <trkpt lat="38.912457" lon="-0.862352">
        <ele>752.5</ele>
      </trkpt>
      <trkpt lat="38.912408" lon="-0.86224">
        <ele>753</ele>
      </trkpt>
      <trkpt lat="38.912372" lon="-0.862111">
        <ele>753.5</ele>
      </trkpt>
      <trkpt lat="38.912323" lon="-0.86177">
        <ele>755.25</ele>
      </trkpt>
      <trkpt lat="38.912285" lon="-0.861347">
        <ele>757.75</ele>
      </trkpt>
      <trkpt lat="38.912209" lon="-0.860542">
        <ele>761.5</ele>
      </trkpt>
      <trkpt lat="38.912138" lon="-0.860023">
        <ele>764</ele>
      </trkpt>
      <trkpt lat="38.912069" lon="-0.859703">
        <ele>766.25</ele>
      </trkpt>
      <trkpt lat="38.911955" lon="-0.859287">
        <ele>769.25</ele>
      </trkpt>
      <trkpt lat="38.911891" lon="-0.858849">
        <ele>771</ele>
      </trkpt>
      <trkpt lat="38.911862" lon="-0.858577">
        <ele>772</ele>
      </trkpt>
      <trkpt lat="38.911833" lon="-0.858454">
        <ele>772.5</ele>
      </trkpt>
      <trkpt lat="38.911797" lon="-0.858351">
        <ele>772.75</ele>
      </trkpt>
      <trkpt lat="38.911695" lon="-0.858236">
        <ele>772.75</ele>
      </trkpt>
      <trkpt lat="38.911309" lon="-0.858016">
        <ele>775.25</ele>
      </trkpt>
      <trkpt lat="38.910857" lon="-0.857787">
        <ele>779</ele>
      </trkpt>
      <trkpt lat="38.910687" lon="-0.857663">
        <ele>781</ele>
      </trkpt>
      <trkpt lat="38.910623" lon="-0.857583">
        <ele>781.75</ele>
      </trkpt>
      <trkpt lat="38.910585" lon="-0.857514">
        <ele>782.25</ele>
      </trkpt>
      <trkpt lat="38.910552" lon="-0.857427">
        <ele>782.75</ele>
      </trkpt>
      <trkpt lat="38.910525" lon="-0.857297">
        <ele>783.75</ele>
      </trkpt>
      <trkpt lat="38.910511" lon="-0.857116">
        <ele>784.5</ele>
      </trkpt>
      <trkpt lat="38.91041" lon="-0.855934">
        <ele>791</ele>
      </trkpt>
      <trkpt lat="38.910411" lon="-0.855473">
        <ele>794.25</ele>
      </trkpt>
      <trkpt lat="38.910441" lon="-0.854846">
        <ele>798.5</ele>
      </trkpt>
      <trkpt lat="38.910481" lon="-0.853806">
        <ele>805</ele>
      </trkpt>
      <trkpt lat="38.910516" lon="-0.853652">
        <ele>805.75</ele>
      </trkpt>
      <trkpt lat="38.910565" lon="-0.85352">
        <ele>806</ele>
      </trkpt>
      <trkpt lat="38.910639" lon="-0.853374">
        <ele>806.25</ele>
      </trkpt>
      <trkpt lat="38.910779" lon="-0.85317">
        <ele>807</ele>
      </trkpt>
      <trkpt lat="38.9109" lon="-0.853062">
        <ele>807</ele>
      </trkpt>
      <trkpt lat="38.911111" lon="-0.852904">
        <ele>806.5</ele>
      </trkpt>
      <trkpt lat="38.911211" lon="-0.852815">
        <ele>806.25</ele>
      </trkpt>
      <trkpt lat="38.911305" lon="-0.852712">
        <ele>806.25</ele>
      </trkpt>
      <trkpt lat="38.911379" lon="-0.852549">
        <ele>806.75</ele>
      </trkpt>
      <trkpt lat="38.911421" lon="-0.852305">
        <ele>808.25</ele>
      </trkpt>
      <trkpt lat="38.911431" lon="-0.8522">
        <ele>809</ele>
      </trkpt>
      <trkpt lat="38.911492" lon="-0.851661">
        <ele>813</ele>
      </trkpt>
      <trkpt lat="38.911512" lon="-0.85136">
        <ele>814</ele>
      </trkpt>
      <trkpt lat="38.911521" lon="-0.851111">
        <ele>815</ele>
      </trkpt>
      <trkpt lat="38.911536" lon="-0.851034">
        <ele>815.25</ele>
      </trkpt>
      <trkpt lat="38.911587" lon="-0.850924">
        <ele>815.5</ele>
      </trkpt>
      <trkpt lat="38.911641" lon="-0.85083">
        <ele>816</ele>
      </trkpt>
      <trkpt lat="38.911842" lon="-0.850536">
        <ele>815.25</ele>
      </trkpt>
      <trkpt lat="38.912204" lon="-0.850001">
        <ele>814.75</ele>
      </trkpt>
      <trkpt lat="38.912261" lon="-0.849862">
        <ele>813.75</ele>
      </trkpt>
      <trkpt lat="38.912277" lon="-0.849768">
        <ele>813.25</ele>
      </trkpt>
      <trkpt lat="38.912267" lon="-0.849263">
        <ele>811.25</ele>
      </trkpt>
      <trkpt lat="38.912169" lon="-0.846877">
        <ele>807.25</ele>
      </trkpt>
      <trkpt lat="38.912145" lon="-0.846147">
        <ele>807.75</ele>
      </trkpt>
      <trkpt lat="38.912133" lon="-0.845996">
        <ele>807.75</ele>
      </trkpt>
      <trkpt lat="38.912098" lon="-0.845533">
        <ele>807.75</ele>
      </trkpt>
      <trkpt lat="38.912063" lon="-0.845317">
        <ele>807.5</ele>
      </trkpt>
      <trkpt lat="38.911848" lon="-0.844387">
        <ele>807</ele>
      </trkpt>
      <trkpt lat="38.911346" lon="-0.842183">
        <ele>804</ele>
      </trkpt>
      <trkpt lat="38.911103" lon="-0.841087">
        <ele>802</ele>
      </trkpt>
      <trkpt lat="38.911061" lon="-0.840927">
        <ele>801.75</ele>
      </trkpt>
      <trkpt lat="38.910998" lon="-0.840745">
        <ele>801.5</ele>
      </trkpt>
      <trkpt lat="38.910944" lon="-0.84062">
        <ele>801.75</ele>
      </trkpt>
      <trkpt lat="38.910093" lon="-0.838891">
        <ele>800.75</ele>
      </trkpt>
      <trkpt lat="38.910046" lon="-0.838744">
        <ele>800.75</ele>
      </trkpt>
      <trkpt lat="38.910015" lon="-0.838629">
        <ele>801</ele>
      </trkpt>
      <trkpt lat="38.90999" lon="-0.838496">
        <ele>801.25</ele>
      </trkpt>
      <trkpt lat="38.909914" lon="-0.837709">
        <ele>801</ele>
      </trkpt>
      <trkpt lat="38.909916" lon="-0.837604">
        <ele>801</ele>
      </trkpt>
      <trkpt lat="38.909935" lon="-0.837516">
        <ele>801</ele>
      </trkpt>
      <trkpt lat="38.909955" lon="-0.837471">
        <ele>800.75</ele>
      </trkpt>
      <trkpt lat="38.910018" lon="-0.837377">
        <ele>800.5</ele>
      </trkpt>
      <trkpt lat="38.910114" lon="-0.837285">
        <ele>800.5</ele>
      </trkpt>
      <trkpt lat="38.910329" lon="-0.837146">
        <ele>800.5</ele>
      </trkpt>
      <trkpt lat="38.910537" lon="-0.83698">
        <ele>800</ele>
      </trkpt>
      <trkpt lat="38.910623" lon="-0.836871">
        <ele>799.25</ele>
      </trkpt>
      <trkpt lat="38.910713" lon="-0.836711">
        <ele>798.25</ele>
      </trkpt>
      <trkpt lat="38.910936" lon="-0.836233">
        <ele>795</ele>
      </trkpt>
      <trkpt lat="38.910979" lon="-0.836093">
        <ele>794.25</ele>
      </trkpt>
      <trkpt lat="38.911001" lon="-0.835969">
        <ele>793.25</ele>
      </trkpt>
      <trkpt lat="38.911012" lon="-0.835858">
        <ele>792.5</ele>
      </trkpt>
      <trkpt lat="38.910985" lon="-0.835308">
        <ele>789.75</ele>
      </trkpt>
      <trkpt lat="38.910966" lon="-0.83476">
        <ele>786</ele>
      </trkpt>
      <trkpt lat="38.910977" lon="-0.834586">
        <ele>784.5</ele>
      </trkpt>
      <trkpt lat="38.910997" lon="-0.834495">
        <ele>784</ele>
      </trkpt>
      <trkpt lat="38.91104" lon="-0.834377">
        <ele>783.25</ele>
      </trkpt>
      <trkpt lat="38.911274" lon="-0.833856">
        <ele>779.75</ele>
      </trkpt>
      <trkpt lat="38.911352" lon="-0.833664">
        <ele>778</ele>
      </trkpt>
      <trkpt lat="38.911402" lon="-0.833496">
        <ele>776.5</ele>
      </trkpt>
      <trkpt lat="38.911577" lon="-0.832821">
        <ele>770.25</ele>
      </trkpt>
      <trkpt lat="38.911604" lon="-0.83272">
        <ele>769.25</ele>
      </trkpt>
      <trkpt lat="38.911755" lon="-0.832105">
        <ele>767</ele>
      </trkpt>
      <trkpt lat="38.911796" lon="-0.831887">
        <ele>767.25</ele>
      </trkpt>
      <trkpt lat="38.911804" lon="-0.83176">
        <ele>767.25</ele>
      </trkpt>
      <trkpt lat="38.911795" lon="-0.831649">
        <ele>767</ele>
      </trkpt>
      <trkpt lat="38.911526" lon="-0.830435">
        <ele>765.5</ele>
      </trkpt>
      <trkpt lat="38.911367" lon="-0.82995">
        <ele>764.5</ele>
      </trkpt>
      <trkpt lat="38.911106" lon="-0.829163">
        <ele>761</ele>
      </trkpt>
      <trkpt lat="38.911072" lon="-0.829055">
        <ele>760.5</ele>
      </trkpt>
      <trkpt lat="38.911002" lon="-0.828872">
        <ele>759.25</ele>
      </trkpt>
      <trkpt lat="38.91094" lon="-0.828676">
        <ele>758</ele>
      </trkpt>
      <trkpt lat="38.910926" lon="-0.828574">
        <ele>757.75</ele>
      </trkpt>
      <trkpt lat="38.910923" lon="-0.828463">
        <ele>757.75</ele>
      </trkpt>
      <trkpt lat="38.910941" lon="-0.828354">
        <ele>758</ele>
      </trkpt>
      <trkpt lat="38.910984" lon="-0.828215">
        <ele>758.5</ele>
      </trkpt>
      <trkpt lat="38.911149" lon="-0.827771">
        <ele>759.75</ele>
      </trkpt>
      <trkpt lat="38.911174" lon="-0.827669">
        <ele>760</ele>
      </trkpt>
      <trkpt lat="38.911167" lon="-0.827572">
        <ele>759.5</ele>
      </trkpt>
      <trkpt lat="38.911131" lon="-0.827466">
        <ele>758.5</ele>
      </trkpt>
      <trkpt lat="38.910942" lon="-0.827089">
        <ele>756.25</ele>
      </trkpt>
      <trkpt lat="38.910902" lon="-0.826957">
        <ele>756</ele>
      </trkpt>
      <trkpt lat="38.910869" lon="-0.826637">
        <ele>756.75</ele>
      </trkpt>
      <trkpt lat="38.910847" lon="-0.826267">
        <ele>757.5</ele>
      </trkpt>
      <trkpt lat="38.910829" lon="-0.826129">
        <ele>757.75</ele>
      </trkpt>
      <trkpt lat="38.910811" lon="-0.826055">
        <ele>757.75</ele>
      </trkpt>
      <trkpt lat="38.910758" lon="-0.825952">
        <ele>757.25</ele>
      </trkpt>
      <trkpt lat="38.910722" lon="-0.825902">
        <ele>757</ele>
      </trkpt>
      <trkpt lat="38.910264" lon="-0.825538">
        <ele>752.25</ele>
      </trkpt>
      <trkpt lat="38.910191" lon="-0.825443">
        <ele>751.75</ele>
      </trkpt>
      <trkpt lat="38.910153" lon="-0.82538">
        <ele>751.75</ele>
      </trkpt>
      <trkpt lat="38.910115" lon="-0.825267">
        <ele>751.75</ele>
      </trkpt>
      <trkpt lat="38.910102" lon="-0.825172">
        <ele>752.25</ele>
      </trkpt>
      <trkpt lat="38.910105" lon="-0.825063">
        <ele>753</ele>
      </trkpt>
      <trkpt lat="38.910167" lon="-0.824298">
        <ele>754</ele>
      </trkpt>
      <trkpt lat="38.91017" lon="-0.824115">
        <ele>754</ele>
      </trkpt>
      <trkpt lat="38.910165" lon="-0.823954">
        <ele>754.25</ele>
      </trkpt>
      <trkpt lat="38.910144" lon="-0.823773">
        <ele>754.5</ele>
      </trkpt>
      <trkpt lat="38.910072" lon="-0.823371">
        <ele>755</ele>
      </trkpt>
      <trkpt lat="38.910036" lon="-0.823126">
        <ele>755</ele>
      </trkpt>
      <trkpt lat="38.910019" lon="-0.82298">
        <ele>755</ele>
      </trkpt>
      <trkpt lat="38.910024" lon="-0.822836">
        <ele>755</ele>
      </trkpt>
      <trkpt lat="38.910046" lon="-0.822665">
        <ele>755</ele>
      </trkpt>
      <trkpt lat="38.91016" lon="-0.82216">
        <ele>755</ele>
      </trkpt>
      <trkpt lat="38.910251" lon="-0.821706">
        <ele>754</ele>
      </trkpt>
      <trkpt lat="38.91036" lon="-0.821218">
        <ele>752.25</ele>
      </trkpt>
      <trkpt lat="38.910388" lon="-0.82099">
        <ele>751.75</ele>
      </trkpt>
      <trkpt lat="38.910398" lon="-0.820705">
        <ele>751.25</ele>
      </trkpt>
      <trkpt lat="38.910378" lon="-0.820269">
        <ele>751.75</ele>
      </trkpt>
      <trkpt lat="38.910377" lon="-0.819799">
        <ele>752</ele>
      </trkpt>
      <trkpt lat="38.910416" lon="-0.81943">
        <ele>752</ele>
      </trkpt>
      <trkpt lat="38.910444" lon="-0.819245">
        <ele>751.75</ele>
      </trkpt>
      <trkpt lat="38.910489" lon="-0.818833">
        <ele>750</ele>
      </trkpt>
      <trkpt lat="38.910482" lon="-0.818688">
        <ele>749.75</ele>
      </trkpt>
      <trkpt lat="38.91045" lon="-0.818574">
        <ele>749.75</ele>
      </trkpt>
      <trkpt lat="38.910407" lon="-0.818477">
        <ele>750</ele>
      </trkpt>
      <trkpt lat="38.91032" lon="-0.818341">
        <ele>750.75</ele>
      </trkpt>
      <trkpt lat="38.91023" lon="-0.818199">
        <ele>750.75</ele>
      </trkpt>
      <trkpt lat="38.910161" lon="-0.818073">
        <ele>750.5</ele>
      </trkpt>
      <trkpt lat="38.910138" lon="-0.818015">
        <ele>750.5</ele>
      </trkpt>
      <trkpt lat="38.910114" lon="-0.817925">
        <ele>750</ele>
      </trkpt>
      <trkpt lat="38.910105" lon="-0.817751">
        <ele>748.75</ele>
      </trkpt>
      <trkpt lat="38.91012" lon="-0.817503">
        <ele>746.5</ele>
      </trkpt>
      <trkpt lat="38.910137" lon="-0.817381">
        <ele>746.25</ele>
      </trkpt>
      <trkpt lat="38.910168" lon="-0.817249">
        <ele>745.75</ele>
      </trkpt>
      <trkpt lat="38.910308" lon="-0.8168">
        <ele>742.25</ele>
      </trkpt>
      <trkpt lat="38.910331" lon="-0.816704">
        <ele>741.5</ele>
      </trkpt>
      <trkpt lat="38.910344" lon="-0.81658">
        <ele>740.5</ele>
      </trkpt>
      <trkpt lat="38.910337" lon="-0.816464">
        <ele>740</ele>
      </trkpt>
      <trkpt lat="38.910323" lon="-0.816388">
        <ele>740</ele>
      </trkpt>
      <trkpt lat="38.910033" lon="-0.815714">
        <ele>743.25</ele>
      </trkpt>
      <trkpt lat="38.909899" lon="-0.815475">
        <ele>740.75</ele>
      </trkpt>
      <trkpt lat="38.909829" lon="-0.815412">
        <ele>740</ele>
      </trkpt>
      <trkpt lat="38.909745" lon="-0.815358">
        <ele>739.25</ele>
      </trkpt>
      <trkpt lat="38.909346" lon="-0.815239">
        <ele>739</ele>
      </trkpt>
      <trkpt lat="38.909229" lon="-0.8152">
        <ele>739</ele>
      </trkpt>
      <trkpt lat="38.909124" lon="-0.815138">
        <ele>737.75</ele>
      </trkpt>
      <trkpt lat="38.909077" lon="-0.815097">
        <ele>736.75</ele>
      </trkpt>
      <trkpt lat="38.909044" lon="-0.815056">
        <ele>735.75</ele>
      </trkpt>
      <trkpt lat="38.909013" lon="-0.815012">
        <ele>735</ele>
      </trkpt>
      <trkpt lat="38.908972" lon="-0.814901">
        <ele>733.75</ele>
      </trkpt>
      <trkpt lat="38.908865" lon="-0.814362">
        <ele>730.5</ele>
      </trkpt>
      <trkpt lat="38.908707" lon="-0.813528">
        <ele>731.75</ele>
      </trkpt>
      <trkpt lat="38.908675" lon="-0.813435">
        <ele>732.25</ele>
      </trkpt>
      <trkpt lat="38.908642" lon="-0.813357">
        <ele>732.75</ele>
      </trkpt>
      <trkpt lat="38.908419" lon="-0.813066">
        <ele>737</ele>
      </trkpt>
      <trkpt lat="38.908344" lon="-0.812935">
        <ele>739</ele>
      </trkpt>
      <trkpt lat="38.908188" lon="-0.812551">
        <ele>739.25</ele>
      </trkpt>
      <trkpt lat="38.908123" lon="-0.812405">
        <ele>738.5</ele>
      </trkpt>
      <trkpt lat="38.908033" lon="-0.812243">
        <ele>737</ele>
      </trkpt>
      <trkpt lat="38.907899" lon="-0.81204">
        <ele>734.5</ele>
      </trkpt>
      <trkpt lat="38.907859" lon="-0.811969">
        <ele>734</ele>
      </trkpt>
      <trkpt lat="38.907832" lon="-0.811893">
        <ele>733.75</ele>
      </trkpt>
      <trkpt lat="38.907808" lon="-0.811782">
        <ele>734.5</ele>
      </trkpt>
      <trkpt lat="38.907776" lon="-0.81157">
        <ele>735</ele>
      </trkpt>
      <trkpt lat="38.9077" lon="-0.811159">
        <ele>733.75</ele>
      </trkpt>
      <trkpt lat="38.907642" lon="-0.81096">
        <ele>733</ele>
      </trkpt>
      <trkpt lat="38.907466" lon="-0.810406">
        <ele>729.25</ele>
      </trkpt>
      <trkpt lat="38.907347" lon="-0.810028">
        <ele>727</ele>
      </trkpt>
      <trkpt lat="38.906985" lon="-0.808917">
        <ele>729.75</ele>
      </trkpt>
      <trkpt lat="38.906908" lon="-0.808658">
        <ele>730.75</ele>
      </trkpt>
      <trkpt lat="38.906261" lon="-0.806626">
        <ele>742.75</ele>
      </trkpt>
      <trkpt lat="38.906184" lon="-0.80637">
        <ele>743</ele>
      </trkpt>
      <trkpt lat="38.906145" lon="-0.806268">
        <ele>743.25</ele>
      </trkpt>
      <trkpt lat="38.906101" lon="-0.806174">
        <ele>743.5</ele>
      </trkpt>
      <trkpt lat="38.906031" lon="-0.806062">
        <ele>744</ele>
      </trkpt>
      <trkpt lat="38.905922" lon="-0.805909">
        <ele>745</ele>
      </trkpt>
      <trkpt lat="38.905835" lon="-0.805808">
        <ele>745.75</ele>
      </trkpt>
      <trkpt lat="38.904608" lon="-0.804301">
        <ele>738.75</ele>
      </trkpt>
      <trkpt lat="38.904374" lon="-0.804047">
        <ele>739.25</ele>
      </trkpt>
      <trkpt lat="38.90403" lon="-0.80377">
        <ele>736.25</ele>
      </trkpt>
      <trkpt lat="38.903525" lon="-0.803397">
        <ele>733.75</ele>
      </trkpt>
      <trkpt lat="38.903393" lon="-0.803288">
        <ele>734.25</ele>
      </trkpt>
      <trkpt lat="38.902395" lon="-0.802544">
        <ele>735.75</ele>
      </trkpt>
      <trkpt lat="38.902308" lon="-0.802456">
        <ele>736.5</ele>
      </trkpt>
      <trkpt lat="38.902234" lon="-0.80236">
        <ele>736.25</ele>
      </trkpt>
      <trkpt lat="38.902161" lon="-0.802241">
        <ele>736.25</ele>
      </trkpt>
      <trkpt lat="38.901795" lon="-0.801448">
        <ele>738.75</ele>
      </trkpt>
      <trkpt lat="38.901731" lon="-0.801298">
        <ele>739.5</ele>
      </trkpt>
      <trkpt lat="38.901666" lon="-0.801195">
        <ele>740.5</ele>
      </trkpt>
      <trkpt lat="38.90162" lon="-0.801121">
        <ele>740.5</ele>
      </trkpt>
      <trkpt lat="38.901294" lon="-0.800734">
        <ele>739.75</ele>
      </trkpt>
      <trkpt lat="38.901226" lon="-0.800649">
        <ele>739.25</ele>
      </trkpt>
      <trkpt lat="38.900871" lon="-0.800229">
        <ele>737.5</ele>
      </trkpt>
      <trkpt lat="38.90071" lon="-0.799993">
        <ele>735.25</ele>
      </trkpt>
      <trkpt lat="38.900365" lon="-0.799492">
        <ele>730.5</ele>
      </trkpt>
      <trkpt lat="38.900224" lon="-0.799309">
        <ele>729</ele>
      </trkpt>
      <trkpt lat="38.900039" lon="-0.799031">
        <ele>726.75</ele>
      </trkpt>
      <trkpt lat="38.899931" lon="-0.798853">
        <ele>724.25</ele>
      </trkpt>
      <trkpt lat="38.899869" lon="-0.798721">
        <ele>722.75</ele>
      </trkpt>
      <trkpt lat="38.899492" lon="-0.797662">
        <ele>717.5</ele>
      </trkpt>
      <trkpt lat="38.899322" lon="-0.797159">
        <ele>717.5</ele>
      </trkpt>
      <trkpt lat="38.89916" lon="-0.796706">
        <ele>717.75</ele>
      </trkpt>
      <trkpt lat="38.899069" lon="-0.796483">
        <ele>716</ele>
      </trkpt>
      <trkpt lat="38.898982" lon="-0.796292">
        <ele>714.25</ele>
      </trkpt>
      <trkpt lat="38.898733" lon="-0.795791">
        <ele>709.5</ele>
      </trkpt>
      <trkpt lat="38.89865" lon="-0.795603">
        <ele>708.25</ele>
      </trkpt>
      <trkpt lat="38.898567" lon="-0.795381">
        <ele>707.25</ele>
      </trkpt>
      <trkpt lat="38.898476" lon="-0.79506">
        <ele>706.75</ele>
      </trkpt>
      <trkpt lat="38.898283" lon="-0.794244">
        <ele>703.5</ele>
      </trkpt>
      <trkpt lat="38.898225" lon="-0.793872">
        <ele>702.25</ele>
      </trkpt>
      <trkpt lat="38.898175" lon="-0.793449">
        <ele>702.75</ele>
      </trkpt>
      <trkpt lat="38.898166" lon="-0.793332">
        <ele>703</ele>
      </trkpt>
      <trkpt lat="38.898084" lon="-0.792704">
        <ele>704.75</ele>
      </trkpt>
      <trkpt lat="38.898055" lon="-0.79256">
        <ele>705.25</ele>
      </trkpt>
      <trkpt lat="38.898004" lon="-0.792373">
        <ele>705.5</ele>
      </trkpt>
      <trkpt lat="38.897924" lon="-0.792179">
        <ele>705.75</ele>
      </trkpt>
      <trkpt lat="38.89769" lon="-0.791649">
        <ele>705.5</ele>
      </trkpt>
      <trkpt lat="38.8975" lon="-0.791247">
        <ele>702.75</ele>
      </trkpt>
      <trkpt lat="38.897449" lon="-0.791154">
        <ele>702</ele>
      </trkpt>
      <trkpt lat="38.897396" lon="-0.79108">
        <ele>701.25</ele>
      </trkpt>
      <trkpt lat="38.897344" lon="-0.791028">
        <ele>700.75</ele>
      </trkpt>
      <trkpt lat="38.897103" lon="-0.79086">
        <ele>698.75</ele>
      </trkpt>
      <trkpt lat="38.897045" lon="-0.790808">
        <ele>698</ele>
      </trkpt>
      <trkpt lat="38.896999" lon="-0.790746">
        <ele>697.5</ele>
      </trkpt>
      <trkpt lat="38.896961" lon="-0.790655">
        <ele>696.5</ele>
      </trkpt>
      <trkpt lat="38.896931" lon="-0.790548">
        <ele>695.75</ele>
      </trkpt>
      <trkpt lat="38.8969" lon="-0.79032">
        <ele>693.75</ele>
      </trkpt>
      <trkpt lat="38.896886" lon="-0.790139">
        <ele>692.5</ele>
      </trkpt>
      <trkpt lat="38.896845" lon="-0.789837">
        <ele>689.75</ele>
      </trkpt>
      <trkpt lat="38.896801" lon="-0.789358">
        <ele>685.5</ele>
      </trkpt>
      <trkpt lat="38.896788" lon="-0.789141">
        <ele>683.75</ele>
      </trkpt>
      <trkpt lat="38.89679" lon="-0.788871">
        <ele>682.25</ele>
      </trkpt>
      <trkpt lat="38.896817" lon="-0.788588">
        <ele>680.75</ele>
      </trkpt>
      <trkpt lat="38.89686" lon="-0.788348">
        <ele>679</ele>
      </trkpt>
      <trkpt lat="38.896877" lon="-0.788218">
        <ele>677.5</ele>
      </trkpt>
      <trkpt lat="38.896882" lon="-0.788086">
        <ele>676</ele>
      </trkpt>
      <trkpt lat="38.896874" lon="-0.787948">
        <ele>674.75</ele>
      </trkpt>
      <trkpt lat="38.896855" lon="-0.787796">
        <ele>673.5</ele>
      </trkpt>
      <trkpt lat="38.896497" lon="-0.786167">
        <ele>659.5</ele>
      </trkpt>
      <trkpt lat="38.896481" lon="-0.786065">
        <ele>658.5</ele>
      </trkpt>
      <trkpt lat="38.89647" lon="-0.785931">
        <ele>657.25</ele>
      </trkpt>
      <trkpt lat="38.896462" lon="-0.785758">
        <ele>655.5</ele>
      </trkpt>
      <trkpt lat="38.896483" lon="-0.78431">
        <ele>643.5</ele>
      </trkpt>
      <trkpt lat="38.896479" lon="-0.783134">
        <ele>633.75</ele>
      </trkpt>
      <trkpt lat="38.896461" lon="-0.783074">
        <ele>633.75</ele>
      </trkpt>
      <trkpt lat="38.89642" lon="-0.783005">
        <ele>634</ele>
      </trkpt>
      <trkpt lat="38.89636" lon="-0.78296">
        <ele>634.5</ele>
      </trkpt>
      <trkpt lat="38.896313" lon="-0.78294">
        <ele>635</ele>
      </trkpt>
      <trkpt lat="38.896275" lon="-0.782943">
        <ele>635.5</ele>
      </trkpt>
      <trkpt lat="38.896254" lon="-0.782944">
        <ele>635.75</ele>
      </trkpt>
      <trkpt lat="38.8962" lon="-0.782981">
        <ele>636.5</ele>
      </trkpt>
      <trkpt lat="38.896129" lon="-0.783089">
        <ele>638</ele>
      </trkpt>
      <trkpt lat="38.896052" lon="-0.783223">
        <ele>640</ele>
      </trkpt>
      <trkpt lat="38.89598" lon="-0.7833">
        <ele>641.5</ele>
      </trkpt>
      <trkpt lat="38.895895" lon="-0.783318">
        <ele>642.75</ele>
      </trkpt>
      <trkpt lat="38.895779" lon="-0.783283">
        <ele>644.25</ele>
      </trkpt>
      <trkpt lat="38.895719" lon="-0.783232">
        <ele>644.75</ele>
      </trkpt>
      <trkpt lat="38.895685" lon="-0.783184">
        <ele>645</ele>
      </trkpt>
      <trkpt lat="38.895665" lon="-0.783133">
        <ele>644.75</ele>
      </trkpt>
      <trkpt lat="38.895661" lon="-0.782999">
        <ele>644</ele>
      </trkpt>
      <trkpt lat="38.895703" lon="-0.782289">
        <ele>637</ele>
      </trkpt>
      <trkpt lat="38.895735" lon="-0.78126">
        <ele>626</ele>
      </trkpt>
      <trkpt lat="38.895743" lon="-0.781152">
        <ele>624.75</ele>
      </trkpt>
      <trkpt lat="38.895746" lon="-0.780833">
        <ele>622</ele>
      </trkpt>
      <trkpt lat="38.895723" lon="-0.780684">
        <ele>621</ele>
      </trkpt>
      <trkpt lat="38.895552" lon="-0.78015">
        <ele>618.5</ele>
      </trkpt>
      <trkpt lat="38.895299" lon="-0.779478">
        <ele>613</ele>
      </trkpt>
      <trkpt lat="38.895134" lon="-0.779059">
        <ele>606.5</ele>
      </trkpt>
      <trkpt lat="38.895033" lon="-0.778841">
        <ele>601.5</ele>
      </trkpt>
      <trkpt lat="38.894897" lon="-0.778663">
        <ele>598.75</ele>
      </trkpt>
      <trkpt lat="38.89455" lon="-0.778307">
        <ele>598.25</ele>
      </trkpt>
      <trkpt lat="38.894321" lon="-0.778031">
        <ele>598</ele>
      </trkpt>
      <trkpt lat="38.894221" lon="-0.777873">
        <ele>596</ele>
      </trkpt>
      <trkpt lat="38.894114" lon="-0.777614">
        <ele>591.5</ele>
      </trkpt>
      <trkpt lat="38.893954" lon="-0.777195">
        <ele>586.25</ele>
      </trkpt>
      <trkpt lat="38.893869" lon="-0.77674">
        <ele>580.5</ele>
      </trkpt>
      <trkpt lat="38.893812" lon="-0.776231">
        <ele>574.25</ele>
      </trkpt>
      <trkpt lat="38.893704" lon="-0.775519">
        <ele>563.5</ele>
      </trkpt>
      <trkpt lat="38.893645" lon="-0.775313">
        <ele>559.25</ele>
      </trkpt>
      <trkpt lat="38.893574" lon="-0.775176">
        <ele>557.25</ele>
      </trkpt>
      <trkpt lat="38.893492" lon="-0.775098">
        <ele>556.75</ele>
      </trkpt>
      <trkpt lat="38.893369" lon="-0.775037">
        <ele>557.5</ele>
      </trkpt>
      <trkpt lat="38.892763" lon="-0.774961">
        <ele>555.5</ele>
      </trkpt>
      <trkpt lat="38.892607" lon="-0.774901">
        <ele>553.5</ele>
      </trkpt>
      <trkpt lat="38.892407" lon="-0.774797">
        <ele>547.25</ele>
      </trkpt>
      <trkpt lat="38.892273" lon="-0.774741">
        <ele>542</ele>
      </trkpt>
      <trkpt lat="38.892198" lon="-0.774742">
        <ele>540</ele>
      </trkpt>
      <trkpt lat="38.892142" lon="-0.774786">
        <ele>539.5</ele>
      </trkpt>
      <trkpt lat="38.89212" lon="-0.774882">
        <ele>540.75</ele>
      </trkpt>
      <trkpt lat="38.89212" lon="-0.774988">
        <ele>543</ele>
      </trkpt>
      <trkpt lat="38.892274" lon="-0.7754">
        <ele>554</ele>
      </trkpt>
      <trkpt lat="38.892272" lon="-0.775491">
        <ele>555.25</ele>
      </trkpt>
      <trkpt lat="38.892226" lon="-0.77557">
        <ele>554</ele>
      </trkpt>
      <trkpt lat="38.892158" lon="-0.775598">
        <ele>551.25</ele>
      </trkpt>
      <trkpt lat="38.892077" lon="-0.775595">
        <ele>547.75</ele>
      </trkpt>
      <trkpt lat="38.89203" lon="-0.775545">
        <ele>545</ele>
      </trkpt>
      <trkpt lat="38.891999" lon="-0.775446">
        <ele>542.75</ele>
      </trkpt>
      <trkpt lat="38.891955" lon="-0.77513">
        <ele>538.25</ele>
      </trkpt>
      <trkpt lat="38.891914" lon="-0.77492">
        <ele>534.75</ele>
      </trkpt>
      <trkpt lat="38.891809" lon="-0.774492">
        <ele>527</ele>
      </trkpt>
      <trkpt lat="38.8918" lon="-0.774368">
        <ele>525.75</ele>
      </trkpt>
      <trkpt lat="38.891816" lon="-0.774297">
        <ele>525.25</ele>
      </trkpt>
      <trkpt lat="38.891861" lon="-0.774227">
        <ele>525</ele>
      </trkpt>
      <trkpt lat="38.89193" lon="-0.774191">
        <ele>525</ele>
      </trkpt>
      <trkpt lat="38.89199" lon="-0.774186">
        <ele>525.5</ele>
      </trkpt>
      <trkpt lat="38.892132" lon="-0.774211">
        <ele>527.25</ele>
      </trkpt>
      <trkpt lat="38.892913" lon="-0.774501">
        <ele>537.5</ele>
      </trkpt>
      <trkpt lat="38.893128" lon="-0.774565">
        <ele>538.75</ele>
      </trkpt>
      <trkpt lat="38.893175" lon="-0.774564">
        <ele>538.5</ele>
      </trkpt>
      <trkpt lat="38.893227" lon="-0.774511">
        <ele>535.75</ele>
      </trkpt>
      <trkpt lat="38.893245" lon="-0.77443">
        <ele>532.25</ele>
      </trkpt>
      <trkpt lat="38.893251" lon="-0.774358">
        <ele>529</ele>
      </trkpt>
      <trkpt lat="38.89322" lon="-0.77427">
        <ele>525.5</ele>
      </trkpt>
      <trkpt lat="38.893148" lon="-0.774223">
        <ele>524.25</ele>
      </trkpt>
      <trkpt lat="38.892966" lon="-0.774209">
        <ele>525.5</ele>
      </trkpt>
      <trkpt lat="38.892845" lon="-0.77417">
        <ele>525.25</ele>
      </trkpt>
      <trkpt lat="38.892645" lon="-0.774055">
        <ele>523</ele>
      </trkpt>
      <trkpt lat="38.892367" lon="-0.773876">
        <ele>515.5</ele>
      </trkpt>
      <trkpt lat="38.892" lon="-0.773615">
        <ele>506.5</ele>
      </trkpt>
      <trkpt lat="38.891548" lon="-0.773334">
        <ele>499.5</ele>
      </trkpt>
      <trkpt lat="38.891294" lon="-0.773168">
        <ele>492.75</ele>
      </trkpt>
      <trkpt lat="38.891164" lon="-0.773106">
        <ele>490.5</ele>
      </trkpt>
      <trkpt lat="38.891049" lon="-0.773104">
        <ele>489.75</ele>
      </trkpt>
      <trkpt lat="38.890991" lon="-0.77316">
        <ele>490.25</ele>
      </trkpt>
      <trkpt lat="38.890944" lon="-0.773248">
        <ele>491</ele>
      </trkpt>
      <trkpt lat="38.890941" lon="-0.773368">
        <ele>492.25</ele>
      </trkpt>
      <trkpt lat="38.89105" lon="-0.774359">
        <ele>500.75</ele>
      </trkpt>
      <trkpt lat="38.891066" lon="-0.774412">
        <ele>501.75</ele>
      </trkpt>
      <trkpt lat="38.891203" lon="-0.774593">
        <ele>508.25</ele>
      </trkpt>
      <trkpt lat="38.891215" lon="-0.774653">
        <ele>509.25</ele>
      </trkpt>
      <trkpt lat="38.891202" lon="-0.774727">
        <ele>509.25</ele>
      </trkpt>
      <trkpt lat="38.891165" lon="-0.774771">
        <ele>508.25</ele>
      </trkpt>
      <trkpt lat="38.891109" lon="-0.774778">
        <ele>506.25</ele>
      </trkpt>
      <trkpt lat="38.891047" lon="-0.774756">
        <ele>504</ele>
      </trkpt>
      <trkpt lat="38.891003" lon="-0.774682">
        <ele>501.75</ele>
      </trkpt>
      <trkpt lat="38.890853" lon="-0.774114">
        <ele>491.5</ele>
      </trkpt>
      <trkpt lat="38.890804" lon="-0.773945">
        <ele>490.75</ele>
      </trkpt>
      <trkpt lat="38.890723" lon="-0.77377">
        <ele>490</ele>
      </trkpt>
      <trkpt lat="38.890507" lon="-0.773432">
        <ele>485.75</ele>
      </trkpt>
      <trkpt lat="38.890341" lon="-0.773092">
        <ele>480</ele>
      </trkpt>
      <trkpt lat="38.890126" lon="-0.772598">
        <ele>472.5</ele>
      </trkpt>
      <trkpt lat="38.889647" lon="-0.771922">
        <ele>463.75</ele>
      </trkpt>
      <trkpt lat="38.889293" lon="-0.771526">
        <ele>457.75</ele>
      </trkpt>
      <trkpt lat="38.889176" lon="-0.771383">
        <ele>456.25</ele>
      </trkpt>
      <trkpt lat="38.888977" lon="-0.771076">
        <ele>454.5</ele>
      </trkpt>
      <trkpt lat="38.888866" lon="-0.770875">
        <ele>453.75</ele>
      </trkpt>
      <trkpt lat="38.888783" lon="-0.770724">
        <ele>453</ele>
      </trkpt>
      <trkpt lat="38.888601" lon="-0.770203">
        <ele>450</ele>
      </trkpt>
      <trkpt lat="38.888489" lon="-0.769824">
        <ele>448.25</ele>
      </trkpt>
      <trkpt lat="38.888378" lon="-0.769511">
        <ele>446.5</ele>
      </trkpt>
      <trkpt lat="38.888212" lon="-0.769184">
        <ele>444.5</ele>
      </trkpt>
      <trkpt lat="38.887575" lon="-0.767864">
        <ele>437</ele>
      </trkpt>
      <trkpt lat="38.886733" lon="-0.765911">
        <ele>424.25</ele>
      </trkpt>
      <trkpt lat="38.886688" lon="-0.765806">
        <ele>423.75</ele>
      </trkpt>
      <trkpt lat="38.885644" lon="-0.763401">
        <ele>409.25</ele>
      </trkpt>
      <trkpt lat="38.885099" lon="-0.762167">
        <ele>410.25</ele>
      </trkpt>
      <trkpt lat="38.88453" lon="-0.76105">
        <ele>408.25</ele>
      </trkpt>
      <trkpt lat="38.88424" lon="-0.760529">
        <ele>405.75</ele>
      </trkpt>
      <trkpt lat="38.884042" lon="-0.760127">
        <ele>403.25</ele>
      </trkpt>
      <trkpt lat="38.883993" lon="-0.759998">
        <ele>402.5</ele>
      </trkpt>
      <trkpt lat="38.883781" lon="-0.759188">
        <ele>398.5</ele>
      </trkpt>
      <trkpt lat="38.883728" lon="-0.759051">
        <ele>397.75</ele>
      </trkpt>
      <trkpt lat="38.883666" lon="-0.758962">
        <ele>397</ele>
      </trkpt>
      <trkpt lat="38.883501" lon="-0.758793">
        <ele>395.5</ele>
      </trkpt>
      <trkpt lat="38.883401" lon="-0.758704">
        <ele>394.75</ele>
      </trkpt>
      <trkpt lat="38.883279" lon="-0.758608">
        <ele>393.5</ele>
      </trkpt>
      <trkpt lat="38.883072" lon="-0.758495">
        <ele>390</ele>
      </trkpt>
      <trkpt lat="38.882842" lon="-0.758403">
        <ele>386.25</ele>
      </trkpt>
      <trkpt lat="38.88253" lon="-0.75829">
        <ele>381.25</ele>
      </trkpt>
      <trkpt lat="38.881915" lon="-0.75807">
        <ele>378.5</ele>
      </trkpt>
      <trkpt lat="38.881318" lon="-0.757843">
        <ele>376.5</ele>
      </trkpt>
      <trkpt lat="38.881231" lon="-0.757796">
        <ele>376.5</ele>
      </trkpt>
      <trkpt lat="38.880591" lon="-0.757446">
        <ele>373.75</ele>
      </trkpt>
      <trkpt lat="38.880409" lon="-0.757303">
        <ele>371.25</ele>
      </trkpt>
      <trkpt lat="38.879606" lon="-0.756581">
        <ele>357.5</ele>
      </trkpt>
      <trkpt lat="38.879219" lon="-0.756238">
        <ele>354.75</ele>
      </trkpt>
      <trkpt lat="38.878917" lon="-0.756023">
        <ele>352.25</ele>
      </trkpt>
      <trkpt lat="38.878701" lon="-0.756025">
        <ele>350</ele>
      </trkpt>
      <trkpt lat="38.878696" lon="-0.756032">
        <ele>350</ele>
      </trkpt>
      <trkpt lat="38.878684" lon="-0.756043">
        <ele>349.75</ele>
      </trkpt>
      <trkpt lat="38.878585" lon="-0.756197">
        <ele>348.5</ele>
      </trkpt>
      <trkpt lat="38.87853" lon="-0.756282">
        <ele>347.75</ele>
      </trkpt>
      <trkpt lat="38.878481" lon="-0.756366">
        <ele>347.25</ele>
      </trkpt>
      <trkpt lat="38.878457" lon="-0.756396">
        <ele>346.75</ele>
      </trkpt>
      <trkpt lat="38.878398" lon="-0.756446">
        <ele>346</ele>
      </trkpt>
      <trkpt lat="38.878341" lon="-0.756477">
        <ele>345.5</ele>
      </trkpt>
      <trkpt lat="38.878256" lon="-0.756501">
        <ele>344.5</ele>
      </trkpt>
      <trkpt lat="38.878189" lon="-0.756503">
        <ele>344</ele>
      </trkpt>
      <trkpt lat="38.878082" lon="-0.756472">
        <ele>343.5</ele>
      </trkpt>
      <trkpt lat="38.877976" lon="-0.756423">
        <ele>342.75</ele>
      </trkpt>
      <trkpt lat="38.87779" lon="-0.7563">
        <ele>341.75</ele>
      </trkpt>
      <trkpt lat="38.877638" lon="-0.756173">
        <ele>340.75</ele>
      </trkpt>
      <trkpt lat="38.877531" lon="-0.756042">
        <ele>340.75</ele>
      </trkpt>
      <trkpt lat="38.877484" lon="-0.755964">
        <ele>341</ele>
      </trkpt>
      <trkpt lat="38.877448" lon="-0.755886">
        <ele>341.25</ele>
      </trkpt>
      <trkpt lat="38.877421" lon="-0.7558">
        <ele>341.25</ele>
      </trkpt>
      <trkpt lat="38.877409" lon="-0.755714">
        <ele>341</ele>
      </trkpt>
      <trkpt lat="38.877409" lon="-0.755554">
        <ele>341</ele>
      </trkpt>
      <trkpt lat="38.877428" lon="-0.755442">
        <ele>341.25</ele>
      </trkpt>
      <trkpt lat="38.877454" lon="-0.755358">
        <ele>341.5</ele>
      </trkpt>
      <trkpt lat="38.877469" lon="-0.755287">
        <ele>341.5</ele>
      </trkpt>
      <trkpt lat="38.87748" lon="-0.755177">
        <ele>341.75</ele>
      </trkpt>
      <trkpt lat="38.87748" lon="-0.755124">
        <ele>341.75</ele>
      </trkpt>
      <trkpt lat="38.877446" lon="-0.755012">
        <ele>341.25</ele>
      </trkpt>
      <trkpt lat="38.877349" lon="-0.754936">
        <ele>340.5</ele>
      </trkpt>
      <trkpt lat="38.87723" lon="-0.75484">
        <ele>339.5</ele>
      </trkpt>
      <trkpt lat="38.877199" lon="-0.754816">
        <ele>339.25</ele>
      </trkpt>
      <trkpt lat="38.87705" lon="-0.754792">
        <ele>338</ele>
      </trkpt>
      <trkpt lat="38.87698" lon="-0.754806">
        <ele>337.25</ele>
      </trkpt>
      <trkpt lat="38.876951" lon="-0.754828">
        <ele>337</ele>
      </trkpt>
      <trkpt lat="38.876919" lon="-0.754841">
        <ele>336.75</ele>
      </trkpt>
      <trkpt lat="38.876886" lon="-0.754843">
        <ele>336.5</ele>
      </trkpt>
      <trkpt lat="38.876853" lon="-0.754834">
        <ele>336.25</ele>
      </trkpt>
      <trkpt lat="38.876824" lon="-0.754815">
        <ele>336</ele>
      </trkpt>
      <trkpt lat="38.876798" lon="-0.754787">
        <ele>335.75</ele>
      </trkpt>
      <trkpt lat="38.876704" lon="-0.754761">
        <ele>335</ele>
      </trkpt>
      <trkpt lat="38.876623" lon="-0.754758">
        <ele>334.5</ele>
      </trkpt>
      <trkpt lat="38.876461" lon="-0.754779">
        <ele>333.25</ele>
      </trkpt>
      <trkpt lat="38.8761" lon="-0.754988">
        <ele>330.5</ele>
      </trkpt>
      <trkpt lat="38.876028" lon="-0.755014">
        <ele>330</ele>
      </trkpt>
      <trkpt lat="38.87597" lon="-0.755007">
        <ele>329.75</ele>
      </trkpt>
      <trkpt lat="38.875903" lon="-0.754963">
        <ele>329.25</ele>
      </trkpt>
      <trkpt lat="38.875863" lon="-0.754905">
        <ele>329</ele>
      </trkpt>
      <trkpt lat="38.875838" lon="-0.754831">
        <ele>329</ele>
      </trkpt>
      <trkpt lat="38.875829" lon="-0.754734">
        <ele>328.75</ele>
      </trkpt>
      <trkpt lat="38.875832" lon="-0.754696">
        <ele>328.75</ele>
      </trkpt>
      <trkpt lat="38.875841" lon="-0.754654">
        <ele>329</ele>
      </trkpt>
      <trkpt lat="38.875873" lon="-0.754576">
        <ele>329.25</ele>
      </trkpt>
      <trkpt lat="38.87607" lon="-0.754263">
        <ele>331</ele>
      </trkpt>
      <trkpt lat="38.876103" lon="-0.754192">
        <ele>331.5</ele>
      </trkpt>
      <trkpt lat="38.876113" lon="-0.754138">
        <ele>331.5</ele>
      </trkpt>
      <trkpt lat="38.876104" lon="-0.754065">
        <ele>331.25</ele>
      </trkpt>
      <trkpt lat="38.876079" lon="-0.753994">
        <ele>331</ele>
      </trkpt>
      <trkpt lat="38.87602" lon="-0.753904">
        <ele>330.75</ele>
      </trkpt>
      <trkpt lat="38.875683" lon="-0.753498">
        <ele>329.75</ele>
      </trkpt>
      <trkpt lat="38.875663" lon="-0.753475">
        <ele>329.75</ele>
      </trkpt>
      <trkpt lat="38.875546" lon="-0.753336">
        <ele>330.25</ele>
      </trkpt>
      <trkpt lat="38.875474" lon="-0.753277">
        <ele>330.5</ele>
      </trkpt>
      <trkpt lat="38.875416" lon="-0.753244">
        <ele>330.75</ele>
      </trkpt>
      <trkpt lat="38.875381" lon="-0.753226">
        <ele>330.75</ele>
      </trkpt>
      <trkpt lat="38.875346" lon="-0.753207">
        <ele>331</ele>
      </trkpt>
      <trkpt lat="38.875304" lon="-0.753206">
        <ele>331</ele>
      </trkpt>
      <trkpt lat="38.875286" lon="-0.753193">
        <ele>331</ele>
      </trkpt>
      <trkpt lat="38.875261" lon="-0.75315">
        <ele>331.25</ele>
      </trkpt>
      <trkpt lat="38.875257" lon="-0.753123">
        <ele>331.5</ele>
      </trkpt>
      <trkpt lat="38.875259" lon="-0.7531">
        <ele>331.5</ele>
      </trkpt>
      <trkpt lat="38.875265" lon="-0.753079">
        <ele>331.5</ele>
      </trkpt>
      <trkpt lat="38.875251" lon="-0.753001">
        <ele>332</ele>
      </trkpt>
      <trkpt lat="38.875228" lon="-0.752915">
        <ele>332.25</ele>
      </trkpt>
      <trkpt lat="38.875209" lon="-0.752851">
        <ele>332.75</ele>
      </trkpt>
      <trkpt lat="38.87515" lon="-0.752744">
        <ele>333.25</ele>
      </trkpt>
      <trkpt lat="38.874959" lon="-0.752398">
        <ele>335</ele>
      </trkpt>
      <trkpt lat="38.87492" lon="-0.752322">
        <ele>335.25</ele>
      </trkpt>
      <trkpt lat="38.874902" lon="-0.752301">
        <ele>335.25</ele>
      </trkpt>
      <trkpt lat="38.874859" lon="-0.752274">
        <ele>335.5</ele>
      </trkpt>
      <trkpt lat="38.874558" lon="-0.752079">
        <ele>337</ele>
      </trkpt>
      <trkpt lat="38.874483" lon="-0.752031">
        <ele>337.5</ele>
      </trkpt>
      <trkpt lat="38.874458" lon="-0.75202">
        <ele>337.5</ele>
      </trkpt>
      <trkpt lat="38.874398" lon="-0.751987">
        <ele>338</ele>
      </trkpt>
      <trkpt lat="38.874339" lon="-0.751957">
        <ele>338.25</ele>
      </trkpt>
      <trkpt lat="38.874323" lon="-0.751949">
        <ele>338.5</ele>
      </trkpt>
      <trkpt lat="38.874269" lon="-0.751936">
        <ele>338.75</ele>
      </trkpt>
      <trkpt lat="38.874166" lon="-0.751887">
        <ele>339.25</ele>
      </trkpt>
      <trkpt lat="38.874145" lon="-0.751891">
        <ele>339.5</ele>
      </trkpt>
      <trkpt lat="38.874109" lon="-0.75195">
        <ele>339.5</ele>
      </trkpt>
      <trkpt lat="38.874101" lon="-0.751996">
        <ele>339.25</ele>
      </trkpt>
      <trkpt lat="38.874074" lon="-0.752027">
        <ele>339.25</ele>
      </trkpt>
      <trkpt lat="38.874056" lon="-0.752034">
        <ele>339.25</ele>
      </trkpt>
      <trkpt lat="38.87402" lon="-0.752025">
        <ele>339.5</ele>
      </trkpt>
      <trkpt lat="38.873953" lon="-0.752017">
        <ele>339.75</ele>
      </trkpt>
      <trkpt lat="38.873939" lon="-0.751978">
        <ele>340</ele>
      </trkpt>
      <trkpt lat="38.873675" lon="-0.751753">
        <ele>342.25</ele>
      </trkpt>
      <trkpt lat="38.873626" lon="-0.751704">
        <ele>343</ele>
      </trkpt>
      <trkpt lat="38.873639" lon="-0.751684">
        <ele>343</ele>
      </trkpt>
      <trkpt lat="38.873619" lon="-0.751665">
        <ele>343.25</ele>
      </trkpt>
      <trkpt lat="38.873563" lon="-0.751609">
        <ele>344.25</ele>
      </trkpt>
      <trkpt lat="38.873521" lon="-0.751567">
        <ele>345.25</ele>
      </trkpt>
      <trkpt lat="38.873488" lon="-0.75153">
        <ele>346</ele>
      </trkpt>
      <trkpt lat="38.873489" lon="-0.751443">
        <ele>347.25</ele>
      </trkpt>
      <trkpt lat="38.87349" lon="-0.751385">
        <ele>348</ele>
      </trkpt>
      <trkpt lat="38.873483" lon="-0.751364">
        <ele>348.5</ele>
      </trkpt>
      <trkpt lat="38.873422" lon="-0.751282">
        <ele>350.25</ele>
      </trkpt>
      <trkpt lat="38.873246" lon="-0.751085">
        <ele>355.5</ele>
      </trkpt>
      <trkpt lat="38.873229" lon="-0.751081">
        <ele>355.5</ele>
      </trkpt>
      <trkpt lat="38.873049" lon="-0.751178">
        <ele>355.25</ele>
      </trkpt>
      <trkpt lat="38.872971" lon="-0.751241">
        <ele>354.75</ele>
      </trkpt>
      <trkpt lat="38.872904" lon="-0.75132">
        <ele>353.5</ele>
      </trkpt>
      <trkpt lat="38.872871" lon="-0.751369">
        <ele>352.75</ele>
      </trkpt>
      <trkpt lat="38.872824" lon="-0.751501">
        <ele>350.25</ele>
      </trkpt>
      <trkpt lat="38.872716" lon="-0.751665">
        <ele>347</ele>
      </trkpt>
      <trkpt lat="38.872657" lon="-0.751756">
        <ele>347</ele>
      </trkpt>
      <trkpt lat="38.872623" lon="-0.751781">
        <ele>347</ele>
      </trkpt>
      <trkpt lat="38.872486" lon="-0.751812">
        <ele>347.5</ele>
      </trkpt>
      <trkpt lat="38.872405" lon="-0.75182">
        <ele>347.75</ele>
      </trkpt>
      <trkpt lat="38.872309" lon="-0.751809">
        <ele>348</ele>
      </trkpt>
      <trkpt lat="38.872258" lon="-0.75178">
        <ele>348.25</ele>
      </trkpt>
      <trkpt lat="38.872235" lon="-0.751753">
        <ele>348.25</ele>
      </trkpt>
      <trkpt lat="38.872161" lon="-0.751609">
        <ele>349.75</ele>
      </trkpt>
      <trkpt lat="38.872076" lon="-0.751494">
        <ele>353</ele>
      </trkpt>
      <trkpt lat="38.872014" lon="-0.751439">
        <ele>354.75</ele>
      </trkpt>
      <trkpt lat="38.871963" lon="-0.751404">
        <ele>355.75</ele>
      </trkpt>
      <trkpt lat="38.871898" lon="-0.751375">
        <ele>356.75</ele>
      </trkpt>
      <trkpt lat="38.871817" lon="-0.751359">
        <ele>357.5</ele>
      </trkpt>
      <trkpt lat="38.871784" lon="-0.751364">
        <ele>357.5</ele>
      </trkpt>
      <trkpt lat="38.871716" lon="-0.751407">
        <ele>356.5</ele>
      </trkpt>
      <trkpt lat="38.871693" lon="-0.75143">
        <ele>356</ele>
      </trkpt>
      <trkpt lat="38.871643" lon="-0.751501">
        <ele>353.75</ele>
      </trkpt>
      <trkpt lat="38.871626" lon="-0.751514">
        <ele>353.5</ele>
      </trkpt>
      <trkpt lat="38.871607" lon="-0.751543">
        <ele>352.75</ele>
      </trkpt>
      <trkpt lat="38.871582" lon="-0.751596">
        <ele>351.25</ele>
      </trkpt>
      <trkpt lat="38.871498" lon="-0.751864">
        <ele>351.5</ele>
      </trkpt>
      <trkpt lat="38.871477" lon="-0.751977">
        <ele>352.75</ele>
      </trkpt>
      <trkpt lat="38.871475" lon="-0.75203">
        <ele>353.25</ele>
      </trkpt>
      <trkpt lat="38.871491" lon="-0.752153">
        <ele>354.5</ele>
      </trkpt>
      <trkpt lat="38.871492" lon="-0.752208">
        <ele>355</ele>
      </trkpt>
      <trkpt lat="38.871481" lon="-0.752259">
        <ele>355.75</ele>
      </trkpt>
      <trkpt lat="38.871459" lon="-0.752314">
        <ele>356.5</ele>
      </trkpt>
      <trkpt lat="38.87143" lon="-0.752358">
        <ele>357.25</ele>
      </trkpt>
      <trkpt lat="38.871373" lon="-0.752421">
        <ele>358.5</ele>
      </trkpt>
      <trkpt lat="38.871306" lon="-0.752477">
        <ele>360</ele>
      </trkpt>
      <trkpt lat="38.871251" lon="-0.752508">
        <ele>361</ele>
      </trkpt>
      <trkpt lat="38.871187" lon="-0.752529">
        <ele>362.5</ele>
      </trkpt>
      <trkpt lat="38.871111" lon="-0.752528">
        <ele>363.25</ele>
      </trkpt>
      <trkpt lat="38.871046" lon="-0.7525">
        <ele>363.25</ele>
      </trkpt>
      <trkpt lat="38.870951" lon="-0.75242">
        <ele>363.25</ele>
      </trkpt>
      <trkpt lat="38.870855" lon="-0.752293">
        <ele>362.25</ele>
      </trkpt>
      <trkpt lat="38.87083" lon="-0.752224">
        <ele>361.25</ele>
      </trkpt>
      <trkpt lat="38.870832" lon="-0.752151">
        <ele>360</ele>
      </trkpt>
      <trkpt lat="38.870898" lon="-0.751934">
        <ele>356</ele>
      </trkpt>
      <trkpt lat="38.87096" lon="-0.751596">
        <ele>352.5</ele>
      </trkpt>
      <trkpt lat="38.870953" lon="-0.751497">
        <ele>354</ele>
      </trkpt>
      <trkpt lat="38.870942" lon="-0.751449">
        <ele>354.75</ele>
      </trkpt>
      <trkpt lat="38.870926" lon="-0.751411">
        <ele>355.5</ele>
      </trkpt>
      <trkpt lat="38.870875" lon="-0.751349">
        <ele>356.25</ele>
      </trkpt>
      <trkpt lat="38.870806" lon="-0.751289">
        <ele>357.25</ele>
      </trkpt>
      <trkpt lat="38.870667" lon="-0.751174">
        <ele>360.25</ele>
      </trkpt>
      <trkpt lat="38.870634" lon="-0.751163">
        <ele>360.75</ele>
      </trkpt>
      <trkpt lat="38.870602" lon="-0.751164">
        <ele>361.25</ele>
      </trkpt>
      <trkpt lat="38.870568" lon="-0.751175">
        <ele>361.5</ele>
      </trkpt>
      <trkpt lat="38.87054" lon="-0.751195">
        <ele>361.5</ele>
      </trkpt>
      <trkpt lat="38.870475" lon="-0.751261">
        <ele>361.5</ele>
      </trkpt>
      <trkpt lat="38.870356" lon="-0.75142">
        <ele>361</ele>
      </trkpt>
      <trkpt lat="38.870283" lon="-0.751486">
        <ele>361.25</ele>
      </trkpt>
      <trkpt lat="38.870233" lon="-0.751506">
        <ele>361.75</ele>
      </trkpt>
      <trkpt lat="38.869793" lon="-0.751554">
        <ele>365.5</ele>
      </trkpt>
      <trkpt lat="38.869672" lon="-0.751575">
        <ele>366</ele>
      </trkpt>
      <trkpt lat="38.8696" lon="-0.751605">
        <ele>366</ele>
      </trkpt>
      <trkpt lat="38.869195" lon="-0.75185">
        <ele>367.5</ele>
      </trkpt>
      <trkpt lat="38.869122" lon="-0.751875">
        <ele>367.75</ele>
      </trkpt>
      <trkpt lat="38.869034" lon="-0.751884">
        <ele>368.25</ele>
      </trkpt>
      <trkpt lat="38.868947" lon="-0.751862">
        <ele>368.25</ele>
      </trkpt>
      <trkpt lat="38.86891" lon="-0.751842">
        <ele>368.25</ele>
      </trkpt>
      <trkpt lat="38.868859" lon="-0.751803">
        <ele>368</ele>
      </trkpt>
      <trkpt lat="38.868782" lon="-0.751728">
        <ele>367.5</ele>
      </trkpt>
      <trkpt lat="38.868668" lon="-0.751594">
        <ele>368</ele>
      </trkpt>
      <trkpt lat="38.868399" lon="-0.751237">
        <ele>370.75</ele>
      </trkpt>
      <trkpt lat="38.868321" lon="-0.751093">
        <ele>371</ele>
      </trkpt>
      <trkpt lat="38.868251" lon="-0.750905">
        <ele>372</ele>
      </trkpt>
      <trkpt lat="38.868142" lon="-0.75052">
        <ele>375</ele>
      </trkpt>
      <trkpt lat="38.86807" lon="-0.750376">
        <ele>375.5</ele>
      </trkpt>
      <trkpt lat="38.867991" lon="-0.750257">
        <ele>375.75</ele>
      </trkpt>
      <trkpt lat="38.867899" lon="-0.750158">
        <ele>375.5</ele>
      </trkpt>
      <trkpt lat="38.867796" lon="-0.750089">
        <ele>374.5</ele>
      </trkpt>
      <trkpt lat="38.867717" lon="-0.750058">
        <ele>373.75</ele>
      </trkpt>
      <trkpt lat="38.867633" lon="-0.750047">
        <ele>372.5</ele>
      </trkpt>
      <trkpt lat="38.867507" lon="-0.750063">
        <ele>370.75</ele>
      </trkpt>
      <trkpt lat="38.867194" lon="-0.75015">
        <ele>371.75</ele>
      </trkpt>
      <trkpt lat="38.866955" lon="-0.750195">
        <ele>372.75</ele>
      </trkpt>
      <trkpt lat="38.866876" lon="-0.750195">
        <ele>373</ele>
      </trkpt>
      <trkpt lat="38.866796" lon="-0.750172">
        <ele>373.5</ele>
      </trkpt>
      <trkpt lat="38.866765" lon="-0.750156">
        <ele>373.75</ele>
      </trkpt>
      <trkpt lat="38.866698" lon="-0.750098">
        <ele>374.25</ele>
      </trkpt>
      <trkpt lat="38.866627" lon="-0.749984">
        <ele>375.25</ele>
      </trkpt>
      <trkpt lat="38.866537" lon="-0.749766">
        <ele>378.5</ele>
      </trkpt>
      <trkpt lat="38.866452" lon="-0.749593">
        <ele>380.5</ele>
      </trkpt>
      <trkpt lat="38.866371" lon="-0.749491">
        <ele>381.5</ele>
      </trkpt>
      <trkpt lat="38.866258" lon="-0.749377">
        <ele>381.75</ele>
      </trkpt>
      <trkpt lat="38.866155" lon="-0.749278">
        <ele>381.75</ele>
      </trkpt>
      <trkpt lat="38.866027" lon="-0.749194">
        <ele>381</ele>
      </trkpt>
      <trkpt lat="38.865683" lon="-0.749022">
        <ele>381</ele>
      </trkpt>
      <trkpt lat="38.86554" lon="-0.748924">
        <ele>381.75</ele>
      </trkpt>
      <trkpt lat="38.865445" lon="-0.748824">
        <ele>382.5</ele>
      </trkpt>
      <trkpt lat="38.865376" lon="-0.748727">
        <ele>382.75</ele>
      </trkpt>
      <trkpt lat="38.865302" lon="-0.748606">
        <ele>383</ele>
      </trkpt>
      <trkpt lat="38.865254" lon="-0.748477">
        <ele>383</ele>
      </trkpt>
      <trkpt lat="38.865241" lon="-0.748354">
        <ele>383.5</ele>
      </trkpt>
      <trkpt lat="38.865226" lon="-0.748055">
        <ele>385.25</ele>
      </trkpt>
      <trkpt lat="38.865216" lon="-0.747964">
        <ele>385.75</ele>
      </trkpt>
      <trkpt lat="38.865182" lon="-0.747888">
        <ele>385.5</ele>
      </trkpt>
      <trkpt lat="38.865118" lon="-0.747783">
        <ele>384.75</ele>
      </trkpt>
      <trkpt lat="38.864575" lon="-0.747016">
        <ele>391.75</ele>
      </trkpt>
      <trkpt lat="38.864536" lon="-0.746934">
        <ele>392.25</ele>
      </trkpt>
      <trkpt lat="38.86448" lon="-0.74679">
        <ele>393</ele>
      </trkpt>
      <trkpt lat="38.864283" lon="-0.746258">
        <ele>398.75</ele>
      </trkpt>
      <trkpt lat="38.864145" lon="-0.746001">
        <ele>401.5</ele>
      </trkpt>
      <trkpt lat="38.864041" lon="-0.745832">
        <ele>403.75</ele>
      </trkpt>
      <trkpt lat="38.863961" lon="-0.745736">
        <ele>407</ele>
      </trkpt>
      <trkpt lat="38.863867" lon="-0.745652">
        <ele>409.75</ele>
      </trkpt>
      <trkpt lat="38.863763" lon="-0.745581">
        <ele>412.5</ele>
      </trkpt>
      <trkpt lat="38.863692" lon="-0.745566">
        <ele>413.25</ele>
      </trkpt>
      <trkpt lat="38.863611" lon="-0.745581">
        <ele>413.25</ele>
      </trkpt>
      <trkpt lat="38.863407" lon="-0.745663">
        <ele>412</ele>
      </trkpt>
      <trkpt lat="38.863256" lon="-0.745757">
        <ele>409.75</ele>
      </trkpt>
      <trkpt lat="38.863137" lon="-0.745857">
        <ele>408.25</ele>
      </trkpt>
      <trkpt lat="38.862846" lon="-0.746121">
        <ele>413.75</ele>
      </trkpt>
      <trkpt lat="38.86274" lon="-0.746203">
        <ele>416</ele>
      </trkpt>
      <trkpt lat="38.862659" lon="-0.746237">
        <ele>417.25</ele>
      </trkpt>
      <trkpt lat="38.862581" lon="-0.746254">
        <ele>418</ele>
      </trkpt>
      <trkpt lat="38.862495" lon="-0.746256">
        <ele>418.75</ele>
      </trkpt>
      <trkpt lat="38.862438" lon="-0.746233">
        <ele>420.25</ele>
      </trkpt>
      <trkpt lat="38.862393" lon="-0.746184">
        <ele>420.75</ele>
      </trkpt>
      <trkpt lat="38.862351" lon="-0.746105">
        <ele>420.25</ele>
      </trkpt>
      <trkpt lat="38.862312" lon="-0.745988">
        <ele>418.25</ele>
      </trkpt>
      <trkpt lat="38.862268" lon="-0.745902">
        <ele>417.25</ele>
      </trkpt>
      <trkpt lat="38.862211" lon="-0.74582">
        <ele>417</ele>
      </trkpt>
      <trkpt lat="38.86219" lon="-0.745742">
        <ele>418</ele>
      </trkpt>
      <trkpt lat="38.862196" lon="-0.745658">
        <ele>418.25</ele>
      </trkpt>
      <trkpt lat="38.862231" lon="-0.745491">
        <ele>418.5</ele>
      </trkpt>
      <trkpt lat="38.862272" lon="-0.745364">
        <ele>419</ele>
      </trkpt>
      <trkpt lat="38.862294" lon="-0.745274">
        <ele>419.75</ele>
      </trkpt>
      <trkpt lat="38.862289" lon="-0.74521">
        <ele>420.25</ele>
      </trkpt>
      <trkpt lat="38.862263" lon="-0.745151">
        <ele>421</ele>
      </trkpt>
      <trkpt lat="38.862217" lon="-0.745112">
        <ele>421.25</ele>
      </trkpt>
      <trkpt lat="38.862135" lon="-0.745104">
        <ele>421</ele>
      </trkpt>
      <trkpt lat="38.862013" lon="-0.745123">
        <ele>420.75</ele>
      </trkpt>
      <trkpt lat="38.86194" lon="-0.74512">
        <ele>420.75</ele>
      </trkpt>
      <trkpt lat="38.861893" lon="-0.745098">
        <ele>420.25</ele>
      </trkpt>
      <trkpt lat="38.861805" lon="-0.745004">
        <ele>419</ele>
      </trkpt>
      <trkpt lat="38.861757" lon="-0.744987">
        <ele>418.75</ele>
      </trkpt>
      <trkpt lat="38.861674" lon="-0.744981">
        <ele>418.5</ele>
      </trkpt>
      <trkpt lat="38.861562" lon="-0.744945">
        <ele>422.25</ele>
      </trkpt>
      <trkpt lat="38.861416" lon="-0.744854">
        <ele>427.5</ele>
      </trkpt>
      <trkpt lat="38.861229" lon="-0.744705">
        <ele>432</ele>
      </trkpt>
      <trkpt lat="38.861163" lon="-0.744668">
        <ele>433</ele>
      </trkpt>
      <trkpt lat="38.861046" lon="-0.744677">
        <ele>434.5</ele>
      </trkpt>
      <trkpt lat="38.86099" lon="-0.744674">
        <ele>435.25</ele>
      </trkpt>
      <trkpt lat="38.860956" lon="-0.744644">
        <ele>435.25</ele>
      </trkpt>
      <trkpt lat="38.860885" lon="-0.744539">
        <ele>434</ele>
      </trkpt>
      <trkpt lat="38.860737" lon="-0.744165">
        <ele>426.25</ele>
      </trkpt>
      <trkpt lat="38.860711" lon="-0.744071">
        <ele>426</ele>
      </trkpt>
      <trkpt lat="38.860718" lon="-0.743956">
        <ele>425.5</ele>
      </trkpt>
      <trkpt lat="38.860769" lon="-0.743703">
        <ele>424.5</ele>
      </trkpt>
      <trkpt lat="38.860781" lon="-0.743588">
        <ele>424.25</ele>
      </trkpt>
      <trkpt lat="38.860792" lon="-0.74348">
        <ele>424</ele>
      </trkpt>
      <trkpt lat="38.86079" lon="-0.743398">
        <ele>423.75</ele>
      </trkpt>
      <trkpt lat="38.86077" lon="-0.743341">
        <ele>423.25</ele>
      </trkpt>
      <trkpt lat="38.860726" lon="-0.743281">
        <ele>423</ele>
      </trkpt>
      <trkpt lat="38.859651" lon="-0.742432">
        <ele>417</ele>
      </trkpt>
      <trkpt lat="38.859314" lon="-0.742195">
        <ele>419.75</ele>
      </trkpt>
      <trkpt lat="38.859198" lon="-0.742056">
        <ele>421.25</ele>
      </trkpt>
      <trkpt lat="38.859031" lon="-0.741827">
        <ele>423.75</ele>
      </trkpt>
      <trkpt lat="38.858645" lon="-0.741219">
        <ele>427</ele>
      </trkpt>
      <trkpt lat="38.858595" lon="-0.741127">
        <ele>427</ele>
      </trkpt>
      <trkpt lat="38.858463" lon="-0.740955">
        <ele>426.5</ele>
      </trkpt>
      <trkpt lat="38.857792" lon="-0.740159">
        <ele>429</ele>
      </trkpt>
      <trkpt lat="38.857718" lon="-0.74008">
        <ele>429</ele>
      </trkpt>
      <trkpt lat="38.857645" lon="-0.740026">
        <ele>428.75</ele>
      </trkpt>
      <trkpt lat="38.857363" lon="-0.739846">
        <ele>429</ele>
      </trkpt>
      <trkpt lat="38.857232" lon="-0.739776">
        <ele>430</ele>
      </trkpt>
      <trkpt lat="38.856775" lon="-0.739533">
        <ele>432.25</ele>
      </trkpt>
      <trkpt lat="38.856721" lon="-0.739492">
        <ele>432.5</ele>
      </trkpt>
      <trkpt lat="38.856686" lon="-0.739427">
        <ele>432.5</ele>
      </trkpt>
      <trkpt lat="38.856677" lon="-0.739331">
        <ele>432.25</ele>
      </trkpt>
      <trkpt lat="38.856726" lon="-0.739124">
        <ele>432.25</ele>
      </trkpt>
      <trkpt lat="38.856936" lon="-0.738451">
        <ele>436.75</ele>
      </trkpt>
      <trkpt lat="38.856964" lon="-0.738304">
        <ele>437.5</ele>
      </trkpt>
      <trkpt lat="38.856971" lon="-0.738175">
        <ele>437.75</ele>
      </trkpt>
      <trkpt lat="38.856958" lon="-0.737416">
        <ele>440.25</ele>
      </trkpt>
      <trkpt lat="38.856941" lon="-0.737307">
        <ele>440.75</ele>
      </trkpt>
      <trkpt lat="38.856781" lon="-0.737062">
        <ele>443.75</ele>
      </trkpt>
      <trkpt lat="38.85675" lon="-0.736996">
        <ele>444.5</ele>
      </trkpt>
      <trkpt lat="38.856702" lon="-0.736784">
        <ele>446</ele>
      </trkpt>
      <trkpt lat="38.856528" lon="-0.735931">
        <ele>451.25</ele>
      </trkpt>
      <trkpt lat="38.856522" lon="-0.735828">
        <ele>451.75</ele>
      </trkpt>
      <trkpt lat="38.856545" lon="-0.735734">
        <ele>451.25</ele>
      </trkpt>
      <trkpt lat="38.856647" lon="-0.73553">
        <ele>449.25</ele>
      </trkpt>
      <trkpt lat="38.856661" lon="-0.735474">
        <ele>449</ele>
      </trkpt>
      <trkpt lat="38.856651" lon="-0.735407">
        <ele>449.25</ele>
      </trkpt>
      <trkpt lat="38.856523" lon="-0.735149">
        <ele>453</ele>
      </trkpt>
      <trkpt lat="38.856446" lon="-0.734899">
        <ele>456.25</ele>
      </trkpt>
      <trkpt lat="38.856376" lon="-0.734775">
        <ele>459.25</ele>
      </trkpt>
      <trkpt lat="38.8563" lon="-0.734676">
        <ele>462.75</ele>
      </trkpt>
      <trkpt lat="38.856252" lon="-0.734586">
        <ele>465</ele>
      </trkpt>
      <trkpt lat="38.856237" lon="-0.734445">
        <ele>466.75</ele>
      </trkpt>
      <trkpt lat="38.85626" lon="-0.734273">
        <ele>467.5</ele>
      </trkpt>
      <trkpt lat="38.856293" lon="-0.734169">
        <ele>467.25</ele>
      </trkpt>
      <trkpt lat="38.856335" lon="-0.734091">
        <ele>466.25</ele>
      </trkpt>
      <trkpt lat="38.856479" lon="-0.73394">
        <ele>462</ele>
      </trkpt>
      <trkpt lat="38.856543" lon="-0.733862">
        <ele>460.25</ele>
      </trkpt>
      <trkpt lat="38.856578" lon="-0.733786">
        <ele>459.5</ele>
      </trkpt>
      <trkpt lat="38.856603" lon="-0.733641">
        <ele>459.75</ele>
      </trkpt>
      <trkpt lat="38.856688" lon="-0.732792">
        <ele>464</ele>
      </trkpt>
      <trkpt lat="38.856688" lon="-0.732725">
        <ele>464.5</ele>
      </trkpt>
      <trkpt lat="38.85667" lon="-0.732637">
        <ele>465.75</ele>
      </trkpt>
      <trkpt lat="38.856572" lon="-0.732385">
        <ele>473.25</ele>
      </trkpt>
      <trkpt lat="38.856537" lon="-0.732271">
        <ele>477</ele>
      </trkpt>
      <trkpt lat="38.856527" lon="-0.732156">
        <ele>479.25</ele>
      </trkpt>
      <trkpt lat="38.856564" lon="-0.731968">
        <ele>480.5</ele>
      </trkpt>
      <trkpt lat="38.856604" lon="-0.731853">
        <ele>480.25</ele>
      </trkpt>
      <trkpt lat="38.856657" lon="-0.731761">
        <ele>479</ele>
      </trkpt>
      <trkpt lat="38.856734" lon="-0.731663">
        <ele>478.25</ele>
      </trkpt>
      <trkpt lat="38.856813" lon="-0.731606">
        <ele>477.5</ele>
      </trkpt>
      <trkpt lat="38.856923" lon="-0.731548">
        <ele>476</ele>
      </trkpt>
      <trkpt lat="38.85717" lon="-0.731441">
        <ele>471.5</ele>
      </trkpt>
      <trkpt lat="38.857235" lon="-0.73139">
        <ele>471</ele>
      </trkpt>
      <trkpt lat="38.85727" lon="-0.731346">
        <ele>471</ele>
      </trkpt>
      <trkpt lat="38.857466" lon="-0.731039">
        <ele>471.75</ele>
      </trkpt>
      <trkpt lat="38.857616" lon="-0.730896">
        <ele>471.5</ele>
      </trkpt>
      <trkpt lat="38.857646" lon="-0.730843">
        <ele>472</ele>
      </trkpt>
      <trkpt lat="38.857655" lon="-0.730796">
        <ele>472.25</ele>
      </trkpt>
      <trkpt lat="38.857649" lon="-0.730753">
        <ele>473</ele>
      </trkpt>
      <trkpt lat="38.857634" lon="-0.730718">
        <ele>473.5</ele>
      </trkpt>
      <trkpt lat="38.857607" lon="-0.730691">
        <ele>474.5</ele>
      </trkpt>
      <trkpt lat="38.857577" lon="-0.730689">
        <ele>475</ele>
      </trkpt>
      <trkpt lat="38.857543" lon="-0.730697">
        <ele>475.75</ele>
      </trkpt>
      <trkpt lat="38.857498" lon="-0.730734">
        <ele>476</ele>
      </trkpt>
      <trkpt lat="38.857166" lon="-0.731123">
        <ele>478.75</ele>
      </trkpt>
      <trkpt lat="38.857105" lon="-0.731174">
        <ele>479.5</ele>
      </trkpt>
      <trkpt lat="38.857062" lon="-0.731193">
        <ele>480.25</ele>
      </trkpt>
      <trkpt lat="38.856743" lon="-0.731317">
        <ele>486.5</ele>
      </trkpt>
      <trkpt lat="38.856693" lon="-0.731319">
        <ele>488</ele>
      </trkpt>
      <trkpt lat="38.856648" lon="-0.731299">
        <ele>490</ele>
      </trkpt>
      <trkpt lat="38.856626" lon="-0.731272">
        <ele>491.75</ele>
      </trkpt>
      <trkpt lat="38.856611" lon="-0.731235">
        <ele>493.5</ele>
      </trkpt>
      <trkpt lat="38.856615" lon="-0.731172">
        <ele>494.75</ele>
      </trkpt>
      <trkpt lat="38.856629" lon="-0.731143">
        <ele>494.75</ele>
      </trkpt>
      <trkpt lat="38.856651" lon="-0.731122">
        <ele>494.25</ele>
      </trkpt>
      <trkpt lat="38.856673" lon="-0.731113">
        <ele>493.75</ele>
      </trkpt>
      <trkpt lat="38.856935" lon="-0.731083">
        <ele>486.5</ele>
      </trkpt>
      <trkpt lat="38.856985" lon="-0.731067">
        <ele>485.5</ele>
      </trkpt>
      <trkpt lat="38.857044" lon="-0.731022">
        <ele>484.75</ele>
      </trkpt>
      <trkpt lat="38.857067" lon="-0.730987">
        <ele>484.75</ele>
      </trkpt>
      <trkpt lat="38.857108" lon="-0.730857">
        <ele>486.5</ele>
      </trkpt>
      <trkpt lat="38.857288" lon="-0.730073">
        <ele>489.5</ele>
      </trkpt>
      <trkpt lat="38.857294" lon="-0.729995">
        <ele>490</ele>
      </trkpt>
      <trkpt lat="38.857286" lon="-0.729946">
        <ele>490</ele>
      </trkpt>
      <trkpt lat="38.857267" lon="-0.729882">
        <ele>490</ele>
      </trkpt>
      <trkpt lat="38.857244" lon="-0.729849">
        <ele>490.25</ele>
      </trkpt>
      <trkpt lat="38.857214" lon="-0.729818">
        <ele>490.75</ele>
      </trkpt>
      <trkpt lat="38.856975" lon="-0.729657">
        <ele>496</ele>
      </trkpt>
      <trkpt lat="38.856897" lon="-0.72958">
        <ele>497.5</ele>
      </trkpt>
      <trkpt lat="38.856822" lon="-0.72947">
        <ele>498.75</ele>
      </trkpt>
      <trkpt lat="38.856783" lon="-0.729394">
        <ele>499.25</ele>
      </trkpt>
      <trkpt lat="38.856753" lon="-0.729303">
        <ele>499.5</ele>
      </trkpt>
      <trkpt lat="38.856746" lon="-0.72923">
        <ele>499.25</ele>
      </trkpt>
      <trkpt lat="38.85675" lon="-0.729176">
        <ele>498.75</ele>
      </trkpt>
      <trkpt lat="38.856767" lon="-0.729121">
        <ele>498.75</ele>
      </trkpt>
      <trkpt lat="38.856796" lon="-0.729074">
        <ele>498.5</ele>
      </trkpt>
      <trkpt lat="38.856855" lon="-0.729031">
        <ele>497.25</ele>
      </trkpt>
      <trkpt lat="38.856966" lon="-0.728981">
        <ele>494.5</ele>
      </trkpt>
      <trkpt lat="38.85702" lon="-0.728924">
        <ele>493.5</ele>
      </trkpt>
      <trkpt lat="38.857069" lon="-0.72884">
        <ele>492.75</ele>
      </trkpt>
      <trkpt lat="38.857093" lon="-0.728768">
        <ele>492.5</ele>
      </trkpt>
      <trkpt lat="38.857116" lon="-0.728668">
        <ele>492.5</ele>
      </trkpt>
      <trkpt lat="38.857137" lon="-0.72843">
        <ele>493.25</ele>
      </trkpt>
      <trkpt lat="38.857157" lon="-0.727923">
        <ele>496</ele>
      </trkpt>
      <trkpt lat="38.857152" lon="-0.727629">
        <ele>498.25</ele>
      </trkpt>
      <trkpt lat="38.857121" lon="-0.727162">
        <ele>502.5</ele>
      </trkpt>
      <trkpt lat="38.857119" lon="-0.727039">
        <ele>503.5</ele>
      </trkpt>
      <trkpt lat="38.857148" lon="-0.726651">
        <ele>504</ele>
      </trkpt>
      <trkpt lat="38.857183" lon="-0.726413">
        <ele>503.25</ele>
      </trkpt>
      <trkpt lat="38.857242" lon="-0.726127">
        <ele>501.25</ele>
      </trkpt>
      <trkpt lat="38.857363" lon="-0.725736">
        <ele>496.75</ele>
      </trkpt>
      <trkpt lat="38.857415" lon="-0.725409">
        <ele>497.75</ele>
      </trkpt>
      <trkpt lat="38.857457" lon="-0.725038">
        <ele>500.5</ele>
      </trkpt>
      <trkpt lat="38.857457" lon="-0.724955">
        <ele>501.75</ele>
      </trkpt>
      <trkpt lat="38.857442" lon="-0.724903">
        <ele>503.5</ele>
      </trkpt>
      <trkpt lat="38.857412" lon="-0.724856">
        <ele>505.75</ele>
      </trkpt>
      <trkpt lat="38.857395" lon="-0.724811">
        <ele>507.25</ele>
      </trkpt>
      <trkpt lat="38.857398" lon="-0.724758">
        <ele>508</ele>
      </trkpt>
      <trkpt lat="38.857416" lon="-0.724713">
        <ele>507.75</ele>
      </trkpt>
      <trkpt lat="38.85753" lon="-0.724564">
        <ele>505</ele>
      </trkpt>
      <trkpt lat="38.857571" lon="-0.724484">
        <ele>505.25</ele>
      </trkpt>
      <trkpt lat="38.857623" lon="-0.724353">
        <ele>505.75</ele>
      </trkpt>
      <trkpt lat="38.857846" lon="-0.723609">
        <ele>507.75</ele>
      </trkpt>
      <trkpt lat="38.857876" lon="-0.723475">
        <ele>508.25</ele>
      </trkpt>
      <trkpt lat="38.857897" lon="-0.723347">
        <ele>509</ele>
      </trkpt>
      <trkpt lat="38.857902" lon="-0.723246">
        <ele>510</ele>
      </trkpt>
      <trkpt lat="38.857882" lon="-0.723034">
        <ele>513.25</ele>
      </trkpt>
      <trkpt lat="38.857896" lon="-0.722978">
        <ele>513.5</ele>
      </trkpt>
      <trkpt lat="38.857925" lon="-0.722921">
        <ele>513.25</ele>
      </trkpt>
      <trkpt lat="38.857968" lon="-0.722894">
        <ele>512.5</ele>
      </trkpt>
      <trkpt lat="38.858028" lon="-0.72289">
        <ele>511</ele>
      </trkpt>
      <trkpt lat="38.858342" lon="-0.722886">
        <ele>503.25</ele>
      </trkpt>
      <trkpt lat="38.858393" lon="-0.722911">
        <ele>504.5</ele>
      </trkpt>
      <trkpt lat="38.858443" lon="-0.722954">
        <ele>505.25</ele>
      </trkpt>
      <trkpt lat="38.858536" lon="-0.723054">
        <ele>506.25</ele>
      </trkpt>
      <trkpt lat="38.858657" lon="-0.723218">
        <ele>507</ele>
      </trkpt>
      <trkpt lat="38.858676" lon="-0.723287">
        <ele>506.25</ele>
      </trkpt>
      <trkpt lat="38.858687" lon="-0.723371">
        <ele>505.25</ele>
      </trkpt>
      <trkpt lat="38.858659" lon="-0.723643">
        <ele>501.75</ele>
      </trkpt>
      <trkpt lat="38.858661" lon="-0.723713">
        <ele>501</ele>
      </trkpt>
      <trkpt lat="38.85869" lon="-0.723911">
        <ele>499.75</ele>
      </trkpt>
      <trkpt lat="38.858685" lon="-0.724014">
        <ele>498.5</ele>
      </trkpt>
      <trkpt lat="38.858653" lon="-0.724171">
        <ele>496</ele>
      </trkpt>
      <trkpt lat="38.858597" lon="-0.724386">
        <ele>494</ele>
      </trkpt>
      <trkpt lat="38.858588" lon="-0.724453">
        <ele>493.75</ele>
      </trkpt>
      <trkpt lat="38.858592" lon="-0.724509">
        <ele>493.5</ele>
      </trkpt>
      <trkpt lat="38.858613" lon="-0.72457">
        <ele>494</ele>
      </trkpt>
      <trkpt lat="38.858659" lon="-0.724631">
        <ele>494.75</ele>
      </trkpt>
      <trkpt lat="38.858708" lon="-0.724652">
        <ele>495.75</ele>
      </trkpt>
      <trkpt lat="38.858769" lon="-0.724662">
        <ele>497</ele>
      </trkpt>
      <trkpt lat="38.859623" lon="-0.724413">
        <ele>511.25</ele>
      </trkpt>
      <trkpt lat="38.859701" lon="-0.724402">
        <ele>512</ele>
      </trkpt>
      <trkpt lat="38.859818" lon="-0.724402">
        <ele>513</ele>
      </trkpt>
      <trkpt lat="38.860035" lon="-0.724431">
        <ele>513.75</ele>
      </trkpt>
      <trkpt lat="38.860336" lon="-0.724502">
        <ele>513.25</ele>
      </trkpt>
      <trkpt lat="38.860423" lon="-0.724502">
        <ele>513.5</ele>
      </trkpt>
      <trkpt lat="38.860519" lon="-0.724476">
        <ele>514</ele>
      </trkpt>
      <trkpt lat="38.860656" lon="-0.7244">
        <ele>515.5</ele>
      </trkpt>
      <trkpt lat="38.861066" lon="-0.724087">
        <ele>516.5</ele>
      </trkpt>
      <trkpt lat="38.861172" lon="-0.723969">
        <ele>517.25</ele>
      </trkpt>
      <trkpt lat="38.861265" lon="-0.723829">
        <ele>518.75</ele>
      </trkpt>
      <trkpt lat="38.861698" lon="-0.723046">
        <ele>527.75</ele>
      </trkpt>
      <trkpt lat="38.861751" lon="-0.722925">
        <ele>529.5</ele>
      </trkpt>
      <trkpt lat="38.861803" lon="-0.72277">
        <ele>532</ele>
      </trkpt>
      <trkpt lat="38.862085" lon="-0.721788">
        <ele>541.25</ele>
      </trkpt>
      <trkpt lat="38.862102" lon="-0.721653">
        <ele>542.75</ele>
      </trkpt>
      <trkpt lat="38.862103" lon="-0.721407">
        <ele>544.75</ele>
      </trkpt>
      <trkpt lat="38.862076" lon="-0.720448">
        <ele>552.5</ele>
      </trkpt>
      <trkpt lat="38.862022" lon="-0.720151">
        <ele>555.75</ele>
      </trkpt>
      <trkpt lat="38.862027" lon="-0.720061">
        <ele>556</ele>
      </trkpt>
      <trkpt lat="38.86226" lon="-0.719635">
        <ele>549.75</ele>
      </trkpt>
      <trkpt lat="38.862313" lon="-0.719503">
        <ele>548.5</ele>
      </trkpt>
      <trkpt lat="38.862327" lon="-0.719365">
        <ele>548.5</ele>
      </trkpt>
      <trkpt lat="38.862306" lon="-0.718471">
        <ele>554.25</ele>
      </trkpt>
      <trkpt lat="38.862297" lon="-0.718248">
        <ele>556.25</ele>
      </trkpt>
      <trkpt lat="38.862269" lon="-0.718089">
        <ele>558.75</ele>
      </trkpt>
      <trkpt lat="38.862124" lon="-0.717512">
        <ele>567.25</ele>
      </trkpt>
      <trkpt lat="38.862079" lon="-0.717248">
        <ele>568.75</ele>
      </trkpt>
      <trkpt lat="38.861999" lon="-0.71667">
        <ele>570</ele>
      </trkpt>
      <trkpt lat="38.861961" lon="-0.716423">
        <ele>570.75</ele>
      </trkpt>
      <trkpt lat="38.861928" lon="-0.71625">
        <ele>571</ele>
      </trkpt>
      <trkpt lat="38.861459" lon="-0.714331">
        <ele>572.25</ele>
      </trkpt>
      <trkpt lat="38.861384" lon="-0.713965">
        <ele>574.75</ele>
      </trkpt>
      <trkpt lat="38.861384" lon="-0.713881">
        <ele>575.5</ele>
      </trkpt>
      <trkpt lat="38.861413" lon="-0.713508">
        <ele>578</ele>
      </trkpt>
      <trkpt lat="38.861462" lon="-0.71322">
        <ele>580.5</ele>
      </trkpt>
      <trkpt lat="38.861523" lon="-0.713048">
        <ele>581.75</ele>
      </trkpt>
      <trkpt lat="38.86183" lon="-0.712524">
        <ele>584</ele>
      </trkpt>
      <trkpt lat="38.861891" lon="-0.712387">
        <ele>586</ele>
      </trkpt>
      <trkpt lat="38.861934" lon="-0.71226">
        <ele>588.25</ele>
      </trkpt>
      <trkpt lat="38.861967" lon="-0.712195">
        <ele>589</ele>
      </trkpt>
      <trkpt lat="38.862115" lon="-0.712043">
        <ele>589.5</ele>
      </trkpt>
      <trkpt lat="38.862166" lon="-0.711959">
        <ele>590.25</ele>
      </trkpt>
      <trkpt lat="38.862402" lon="-0.711452">
        <ele>594</ele>
      </trkpt>
      <trkpt lat="38.86258" lon="-0.711205">
        <ele>596.25</ele>
      </trkpt>
      <trkpt lat="38.862629" lon="-0.711127">
        <ele>597.75</ele>
      </trkpt>
      <trkpt lat="38.862664" lon="-0.711039">
        <ele>599</ele>
      </trkpt>
      <trkpt lat="38.862728" lon="-0.71082">
        <ele>602</ele>
      </trkpt>
      <trkpt lat="38.862792" lon="-0.71055">
        <ele>603.5</ele>
      </trkpt>
      <trkpt lat="38.86288" lon="-0.710317">
        <ele>604.25</ele>
      </trkpt>
      <trkpt lat="38.862929" lon="-0.710122">
        <ele>605</ele>
      </trkpt>
      <trkpt lat="38.862976" lon="-0.709973">
        <ele>605.25</ele>
      </trkpt>
      <trkpt lat="38.86306" lon="-0.709836">
        <ele>605</ele>
      </trkpt>
      <trkpt lat="38.863205" lon="-0.709636">
        <ele>603.75</ele>
      </trkpt>
      <trkpt lat="38.863337" lon="-0.709423">
        <ele>602</ele>
      </trkpt>
      <trkpt lat="38.863387" lon="-0.709284">
        <ele>602.5</ele>
      </trkpt>
      <trkpt lat="38.863437" lon="-0.709106">
        <ele>604</ele>
      </trkpt>
      <trkpt lat="38.863492" lon="-0.708958">
        <ele>606</ele>
      </trkpt>
      <trkpt lat="38.864066" lon="-0.707868">
        <ele>614.75</ele>
      </trkpt>
      <trkpt lat="38.86412" lon="-0.707725">
        <ele>614.25</ele>
      </trkpt>
      <trkpt lat="38.864141" lon="-0.707596">
        <ele>614.25</ele>
      </trkpt>
      <trkpt lat="38.864201" lon="-0.707082">
        <ele>615.75</ele>
      </trkpt>
      <trkpt lat="38.86424" lon="-0.70696">
        <ele>616.75</ele>
      </trkpt>
      <trkpt lat="38.864316" lon="-0.70681">
        <ele>618.5</ele>
      </trkpt>
      <trkpt lat="38.864411" lon="-0.706685">
        <ele>620.5</ele>
      </trkpt>
      <trkpt lat="38.864458" lon="-0.706593">
        <ele>622.25</ele>
      </trkpt>
      <trkpt lat="38.86449" lon="-0.706485">
        <ele>624</ele>
      </trkpt>
      <trkpt lat="38.864505" lon="-0.706383">
        <ele>625.25</ele>
      </trkpt>
      <trkpt lat="38.864511" lon="-0.706252">
        <ele>626.5</ele>
      </trkpt>
      <trkpt lat="38.864533" lon="-0.706029">
        <ele>628.75</ele>
      </trkpt>
      <trkpt lat="38.86456" lon="-0.7059">
        <ele>630</ele>
      </trkpt>
      <trkpt lat="38.864606" lon="-0.705765">
        <ele>630.5</ele>
      </trkpt>
      <trkpt lat="38.864711" lon="-0.705495">
        <ele>630.5</ele>
      </trkpt>
      <trkpt lat="38.864724" lon="-0.705398">
        <ele>630.75</ele>
      </trkpt>
      <trkpt lat="38.864718" lon="-0.705208">
        <ele>631.25</ele>
      </trkpt>
      <trkpt lat="38.864702" lon="-0.705045">
        <ele>632</ele>
      </trkpt>
      <trkpt lat="38.864715" lon="-0.70486">
        <ele>631.75</ele>
      </trkpt>
      <trkpt lat="38.86492" lon="-0.70408">
        <ele>627</ele>
      </trkpt>
      <trkpt lat="38.865026" lon="-0.703676">
        <ele>624.75</ele>
      </trkpt>
      <trkpt lat="38.865239" lon="-0.702508">
        <ele>626.25</ele>
      </trkpt>
      <trkpt lat="38.865294" lon="-0.702244">
        <ele>628.25</ele>
      </trkpt>
      <trkpt lat="38.865344" lon="-0.702133">
        <ele>628.75</ele>
      </trkpt>
      <trkpt lat="38.865411" lon="-0.702023">
        <ele>628.75</ele>
      </trkpt>
      <trkpt lat="38.865588" lon="-0.70182">
        <ele>627.25</ele>
      </trkpt>
      <trkpt lat="38.865678" lon="-0.701693">
        <ele>625.75</ele>
      </trkpt>
      <trkpt lat="38.86577" lon="-0.701527">
        <ele>625.75</ele>
      </trkpt>
      <trkpt lat="38.865716" lon="-0.701485">
        <ele>627.25</ele>
      </trkpt>
      <trkpt lat="38.865687" lon="-0.701477">
        <ele>628</ele>
      </trkpt>
      <trkpt lat="38.865663" lon="-0.701484">
        <ele>628.25</ele>
      </trkpt>
      <trkpt lat="38.865337" lon="-0.701682">
        <ele>631.75</ele>
      </trkpt>
      <trkpt lat="38.865145" lon="-0.701854">
        <ele>633.25</ele>
      </trkpt>
      <trkpt lat="38.864953" lon="-0.702103">
        <ele>632.25</ele>
      </trkpt>
      <trkpt lat="38.864828" lon="-0.702176">
        <ele>633</ele>
      </trkpt>
      <trkpt lat="38.864665" lon="-0.702213">
        <ele>634.75</ele>
      </trkpt>
      <trkpt lat="38.864448" lon="-0.702202">
        <ele>638</ele>
      </trkpt>
      <trkpt lat="38.864243" lon="-0.702149">
        <ele>641.75</ele>
      </trkpt>
      <trkpt lat="38.864051" lon="-0.702015">
        <ele>648</ele>
      </trkpt>
      <trkpt lat="38.86398" lon="-0.701934">
        <ele>650.75</ele>
      </trkpt>
      <trkpt lat="38.863913" lon="-0.701936">
        <ele>652.25</ele>
      </trkpt>
      <trkpt lat="38.86388" lon="-0.70199">
        <ele>652.75</ele>
      </trkpt>
      <trkpt lat="38.863867" lon="-0.702079">
        <ele>652.25</ele>
      </trkpt>
      <trkpt lat="38.863963" lon="-0.702736">
        <ele>643.75</ele>
      </trkpt>
      <trkpt lat="38.863968" lon="-0.702934">
        <ele>642.75</ele>
      </trkpt>
      <trkpt lat="38.863934" lon="-0.703104">
        <ele>643</ele>
      </trkpt>
      <trkpt lat="38.863884" lon="-0.703243">
        <ele>643.75</ele>
      </trkpt>
      <trkpt lat="38.863516" lon="-0.703801">
        <ele>652.75</ele>
      </trkpt>
      <trkpt lat="38.863099" lon="-0.704295">
        <ele>656.5</ele>
      </trkpt>
      <trkpt lat="38.863019" lon="-0.704359">
        <ele>657.25</ele>
      </trkpt>
      <trkpt lat="38.862952" lon="-0.704375">
        <ele>657.5</ele>
      </trkpt>
      <trkpt lat="38.862681" lon="-0.704316">
        <ele>659</ele>
      </trkpt>
      <trkpt lat="38.862405" lon="-0.704241">
        <ele>661</ele>
      </trkpt>
      <trkpt lat="38.862276" lon="-0.704118">
        <ele>663</ele>
      </trkpt>
      <trkpt lat="38.862037" lon="-0.703951">
        <ele>667</ele>
      </trkpt>
      <trkpt lat="38.861808" lon="-0.703678">
        <ele>671</ele>
      </trkpt>
      <trkpt lat="38.861599" lon="-0.703549">
        <ele>673.25</ele>
      </trkpt>
      <trkpt lat="38.861403" lon="-0.70346">
        <ele>676</ele>
      </trkpt>
      <trkpt lat="38.861127" lon="-0.703474">
        <ele>679.25</ele>
      </trkpt>
      <trkpt lat="38.860998" lon="-0.703567">
        <ele>680.25</ele>
      </trkpt>
      <trkpt lat="38.860914" lon="-0.703688">
        <ele>681</ele>
      </trkpt>
      <trkpt lat="38.860856" lon="-0.703846">
        <ele>681.25</ele>
      </trkpt>
      <trkpt lat="38.86073" lon="-0.704354">
        <ele>683.5</ele>
      </trkpt>
      <trkpt lat="38.86063" lon="-0.704579">
        <ele>685.5</ele>
      </trkpt>
      <trkpt lat="38.86055" lon="-0.704729">
        <ele>686.5</ele>
      </trkpt>
      <trkpt lat="38.860479" lon="-0.704783">
        <ele>687.25</ele>
      </trkpt>
      <trkpt lat="38.860058" lon="-0.704976">
        <ele>690.5</ele>
      </trkpt>
      <trkpt lat="38.859974" lon="-0.705029">
        <ele>691.75</ele>
      </trkpt>
      <trkpt lat="38.859891" lon="-0.70511">
        <ele>693.75</ele>
      </trkpt>
      <trkpt lat="38.85959" lon="-0.705502">
        <ele>700.25</ele>
      </trkpt>
      <trkpt lat="38.85949" lon="-0.705577">
        <ele>701.25</ele>
      </trkpt>
      <trkpt lat="38.859364" lon="-0.705689">
        <ele>702.25</ele>
      </trkpt>
      <trkpt lat="38.859256" lon="-0.705716">
        <ele>702.75</ele>
      </trkpt>
      <trkpt lat="38.859009" lon="-0.7057">
        <ele>703.25</ele>
      </trkpt>
      <trkpt lat="38.858884" lon="-0.705743">
        <ele>703</ele>
      </trkpt>
      <trkpt lat="38.858755" lon="-0.705804">
        <ele>702.25</ele>
      </trkpt>
      <trkpt lat="38.858654" lon="-0.705877">
        <ele>702</ele>
      </trkpt>
      <trkpt lat="38.857187" lon="-0.70736">
        <ele>691.25</ele>
      </trkpt>
      <trkpt lat="38.856962" lon="-0.707588">
        <ele>689.75</ele>
      </trkpt>
      <trkpt lat="38.856737" lon="-0.707926">
        <ele>687</ele>
      </trkpt>
      <trkpt lat="38.856311" lon="-0.708431">
        <ele>681.5</ele>
      </trkpt>
      <trkpt lat="38.856213" lon="-0.708569">
        <ele>679.75</ele>
      </trkpt>
      <trkpt lat="38.856077" lon="-0.708677">
        <ele>677.5</ele>
      </trkpt>
      <trkpt lat="38.855893" lon="-0.708768">
        <ele>674.5</ele>
      </trkpt>
      <trkpt lat="38.855692" lon="-0.708844">
        <ele>674.25</ele>
      </trkpt>
      <trkpt lat="38.855513" lon="-0.709005">
        <ele>673.25</ele>
      </trkpt>
      <trkpt lat="38.855145" lon="-0.709235">
        <ele>670.75</ele>
      </trkpt>
      <trkpt lat="38.85489" lon="-0.709321">
        <ele>671</ele>
      </trkpt>
      <trkpt lat="38.854794" lon="-0.709401">
        <ele>671</ele>
      </trkpt>
      <trkpt lat="38.854681" lon="-0.709589">
        <ele>669.25</ele>
      </trkpt>
      <trkpt lat="38.854564" lon="-0.709718">
        <ele>668.25</ele>
      </trkpt>
      <trkpt lat="38.854464" lon="-0.709804">
        <ele>667.5</ele>
      </trkpt>
      <trkpt lat="38.854376" lon="-0.709831">
        <ele>667.75</ele>
      </trkpt>
      <trkpt lat="38.854088" lon="-0.709879">
        <ele>668</ele>
      </trkpt>
      <trkpt lat="38.85395" lon="-0.709949">
        <ele>666.5</ele>
      </trkpt>
      <trkpt lat="38.853833" lon="-0.710018">
        <ele>665.25</ele>
      </trkpt>
      <trkpt lat="38.853741" lon="-0.710002">
        <ele>665.25</ele>
      </trkpt>
      <trkpt lat="38.853127" lon="-0.709841">
        <ele>670.75</ele>
      </trkpt>
      <trkpt lat="38.853061" lon="-0.709852">
        <ele>671</ele>
      </trkpt>
      <trkpt lat="38.852994" lon="-0.709895">
        <ele>670.5</ele>
      </trkpt>
      <trkpt lat="38.852726" lon="-0.710185">
        <ele>667</ele>
      </trkpt>
      <trkpt lat="38.852643" lon="-0.71019">
        <ele>667.5</ele>
      </trkpt>
      <trkpt lat="38.852551" lon="-0.710174">
        <ele>668.5</ele>
      </trkpt>
      <trkpt lat="38.852384" lon="-0.710101">
        <ele>671</ele>
      </trkpt>
      <trkpt lat="38.85197" lon="-0.710045">
        <ele>675</ele>
      </trkpt>
      <trkpt lat="38.851782" lon="-0.710002">
        <ele>677</ele>
      </trkpt>
      <trkpt lat="38.851703" lon="-0.710013">
        <ele>677.5</ele>
      </trkpt>
      <trkpt lat="38.851632" lon="-0.710056">
        <ele>677.75</ele>
      </trkpt>
      <trkpt lat="38.851561" lon="-0.710158">
        <ele>677.5</ele>
      </trkpt>
      <trkpt lat="38.851511" lon="-0.710249">
        <ele>677</ele>
      </trkpt>
      <trkpt lat="38.851498" lon="-0.710474">
        <ele>674</ele>
      </trkpt>
      <trkpt lat="38.851586" lon="-0.710791">
        <ele>669.5</ele>
      </trkpt>
      <trkpt lat="38.851586" lon="-0.710909">
        <ele>667.75</ele>
      </trkpt>
      <trkpt lat="38.851544" lon="-0.710979">
        <ele>666.75</ele>
      </trkpt>
      <trkpt lat="38.851452" lon="-0.711">
        <ele>666.25</ele>
      </trkpt>
      <trkpt lat="38.851352" lon="-0.710963">
        <ele>667.25</ele>
      </trkpt>
      <trkpt lat="38.851248" lon="-0.710852">
        <ele>669.5</ele>
      </trkpt>
      <trkpt lat="38.851156" lon="-0.710678">
        <ele>673</ele>
      </trkpt>
      <trkpt lat="38.85088" lon="-0.710362">
        <ele>681.75</ele>
      </trkpt>
      <trkpt lat="38.850425" lon="-0.710069">
        <ele>692.75</ele>
      </trkpt>
      <trkpt lat="38.850224" lon="-0.709949">
        <ele>697.5</ele>
      </trkpt>
      <trkpt lat="38.850103" lon="-0.709916">
        <ele>699.5</ele>
      </trkpt>
      <trkpt lat="38.850036" lon="-0.709916">
        <ele>700</ele>
      </trkpt>
      <trkpt lat="38.849952" lon="-0.709949">
        <ele>700</ele>
      </trkpt>
      <trkpt lat="38.849397" lon="-0.710351">
        <ele>698.25</ele>
      </trkpt>
      <trkpt lat="38.849321" lon="-0.710383">
        <ele>698.25</ele>
      </trkpt>
      <trkpt lat="38.849234" lon="-0.710394">
        <ele>699</ele>
      </trkpt>
      <trkpt lat="38.849155" lon="-0.710337">
        <ele>701.25</ele>
      </trkpt>
      <trkpt lat="38.848795" lon="-0.709992">
        <ele>712.5</ele>
      </trkpt>
      <trkpt lat="38.848707" lon="-0.709916">
        <ele>715.25</ele>
      </trkpt>
      <trkpt lat="38.848624" lon="-0.709927">
        <ele>715.75</ele>
      </trkpt>
      <trkpt lat="38.848214" lon="-0.710276">
        <ele>714.75</ele>
      </trkpt>
      <trkpt lat="38.847943" lon="-0.710442">
        <ele>716.75</ele>
      </trkpt>
      <trkpt lat="38.847817" lon="-0.710539">
        <ele>717.5</ele>
      </trkpt>
      <trkpt lat="38.847734" lon="-0.710726">
        <ele>716.75</ele>
      </trkpt>
      <trkpt lat="38.847705" lon="-0.710936">
        <ele>716.25</ele>
      </trkpt>
      <trkpt lat="38.847709" lon="-0.711118">
        <ele>716.25</ele>
      </trkpt>
      <trkpt lat="38.8477" lon="-0.711247">
        <ele>716.5</ele>
      </trkpt>
      <trkpt lat="38.847659" lon="-0.711386">
        <ele>717</ele>
      </trkpt>
      <trkpt lat="38.8476" lon="-0.711451">
        <ele>717.75</ele>
      </trkpt>
      <trkpt lat="38.847529" lon="-0.711426">
        <ele>718.75</ele>
      </trkpt>
      <trkpt lat="38.847454" lon="-0.711381">
        <ele>719.25</ele>
      </trkpt>
      <trkpt lat="38.847145" lon="-0.710952">
        <ele>719.25</ele>
      </trkpt>
      <trkpt lat="38.84709" lon="-0.71092">
        <ele>719.25</ele>
      </trkpt>
      <trkpt lat="38.847032" lon="-0.71093">
        <ele>719.25</ele>
      </trkpt>
      <trkpt lat="38.846957" lon="-0.711032">
        <ele>719.25</ele>
      </trkpt>
      <trkpt lat="38.846472" lon="-0.711826">
        <ele>712</ele>
      </trkpt>
      <trkpt lat="38.846401" lon="-0.711901">
        <ele>709.5</ele>
      </trkpt>
      <trkpt lat="38.846351" lon="-0.711853">
        <ele>707.75</ele>
      </trkpt>
      <trkpt lat="38.846351" lon="-0.711759">
        <ele>707.75</ele>
      </trkpt>
      <trkpt lat="38.846368" lon="-0.711569">
        <ele>708.5</ele>
      </trkpt>
      <trkpt lat="38.846451" lon="-0.711177">
        <ele>711.25</ele>
      </trkpt>
      <trkpt lat="38.846476" lon="-0.711032">
        <ele>712.25</ele>
      </trkpt>
      <trkpt lat="38.84643" lon="-0.710887">
        <ele>710.75</ele>
      </trkpt>
      <trkpt lat="38.846288" lon="-0.710646">
        <ele>707</ele>
      </trkpt>
      <trkpt lat="38.84618" lon="-0.710401">
        <ele>705.5</ele>
      </trkpt>
      <trkpt lat="38.846079" lon="-0.710147">
        <ele>704.25</ele>
      </trkpt>
      <trkpt lat="38.846017" lon="-0.710051">
        <ele>703.25</ele>
      </trkpt>
      <trkpt lat="38.845766" lon="-0.709849">
        <ele>697</ele>
      </trkpt>
      <trkpt lat="38.845699" lon="-0.70975">
        <ele>696.25</ele>
      </trkpt>
      <trkpt lat="38.845666" lon="-0.709638">
        <ele>695.75</ele>
      </trkpt>
      <trkpt lat="38.845653" lon="-0.709527">
        <ele>696</ele>
      </trkpt>
      <trkpt lat="38.845666" lon="-0.709377">
        <ele>696.75</ele>
      </trkpt>
      <trkpt lat="38.845728" lon="-0.709112">
        <ele>698.5</ele>
      </trkpt>
      <trkpt lat="38.84575" lon="-0.708889">
        <ele>698.5</ele>
      </trkpt>
      <trkpt lat="38.845729" lon="-0.708712">
        <ele>697.75</ele>
      </trkpt>
      <trkpt lat="38.845683" lon="-0.708559">
        <ele>697.25</ele>
      </trkpt>
      <trkpt lat="38.845632" lon="-0.708532">
        <ele>697</ele>
      </trkpt>
      <trkpt lat="38.845565" lon="-0.708559">
        <ele>696.75</ele>
      </trkpt>
      <trkpt lat="38.845515" lon="-0.708683">
        <ele>696</ele>
      </trkpt>
      <trkpt lat="38.845428" lon="-0.708972">
        <ele>693.75</ele>
      </trkpt>
      <trkpt lat="38.845382" lon="-0.709042">
        <ele>692.5</ele>
      </trkpt>
      <trkpt lat="38.845319" lon="-0.709074">
        <ele>691.25</ele>
      </trkpt>
      <trkpt lat="38.845223" lon="-0.709074">
        <ele>689.5</ele>
      </trkpt>
      <trkpt lat="38.844947" lon="-0.709005">
        <ele>687.75</ele>
      </trkpt>
      <trkpt lat="38.844885" lon="-0.709015">
        <ele>688.75</ele>
      </trkpt>
      <trkpt lat="38.844822" lon="-0.709047">
        <ele>689.5</ele>
      </trkpt>
      <trkpt lat="38.844767" lon="-0.709123">
        <ele>689.5</ele>
      </trkpt>
      <trkpt lat="38.844738" lon="-0.70923">
        <ele>689.5</ele>
      </trkpt>
      <trkpt lat="38.844721" lon="-0.709391">
        <ele>690.25</ele>
      </trkpt>
      <trkpt lat="38.844767" lon="-0.70975">
        <ele>689.5</ele>
      </trkpt>
      <trkpt lat="38.844759" lon="-0.709847">
        <ele>689.75</ele>
      </trkpt>
      <trkpt lat="38.844709" lon="-0.709954">
        <ele>691.5</ele>
      </trkpt>
      <trkpt lat="38.84463" lon="-0.710099">
        <ele>694.5</ele>
      </trkpt>
      <trkpt lat="38.844467" lon="-0.710984">
        <ele>700.75</ele>
      </trkpt>
      <trkpt lat="38.844429" lon="-0.711134">
        <ele>701.25</ele>
      </trkpt>
      <trkpt lat="38.844333" lon="-0.711359">
        <ele>703.5</ele>
      </trkpt>
      <trkpt lat="38.844258" lon="-0.711708">
        <ele>703.75</ele>
      </trkpt>
      <trkpt lat="38.844203" lon="-0.711869">
        <ele>704.25</ele>
      </trkpt>
      <trkpt lat="38.844128" lon="-0.712003">
        <ele>705.25</ele>
      </trkpt>
      <trkpt lat="38.843982" lon="-0.712191">
        <ele>707.5</ele>
      </trkpt>
      <trkpt lat="38.84379" lon="-0.71233">
        <ele>711.75</ele>
      </trkpt>
      <trkpt lat="38.843694" lon="-0.712481">
        <ele>713.75</ele>
      </trkpt>
      <trkpt lat="38.842971" lon="-0.713183">
        <ele>723.5</ele>
      </trkpt>
      <trkpt lat="38.842936" lon="-0.713198">
        <ele>723.75</ele>
      </trkpt>
      <trkpt lat="38.842892" lon="-0.713183">
        <ele>723.75</ele>
      </trkpt>
      <trkpt lat="38.84211" lon="-0.712815">
        <ele>722</ele>
      </trkpt>
      <trkpt lat="38.841989" lon="-0.712711">
        <ele>721.25</ele>
      </trkpt>
      <trkpt lat="38.841935" lon="-0.712615">
        <ele>721</ele>
      </trkpt>
      <trkpt lat="38.841868" lon="-0.71244">
        <ele>720.75</ele>
      </trkpt>
      <trkpt lat="38.841805" lon="-0.712172">
        <ele>720.75</ele>
      </trkpt>
      <trkpt lat="38.841763" lon="-0.712046">
        <ele>720.5</ele>
      </trkpt>
      <trkpt lat="38.841676" lon="-0.712019">
        <ele>720</ele>
      </trkpt>
      <trkpt lat="38.841174" lon="-0.71196">
        <ele>724</ele>
      </trkpt>
      <trkpt lat="38.841103" lon="-0.711987">
        <ele>724.5</ele>
      </trkpt>
      <trkpt lat="38.84102" lon="-0.712057">
        <ele>725</ele>
      </trkpt>
      <trkpt lat="38.840635" lon="-0.712459">
        <ele>728.5</ele>
      </trkpt>
      <trkpt lat="38.840585" lon="-0.712556">
        <ele>729</ele>
      </trkpt>
      <trkpt lat="38.840539" lon="-0.712706">
        <ele>729.5</ele>
      </trkpt>
      <trkpt lat="38.840339" lon="-0.71314">
        <ele>730.5</ele>
      </trkpt>
      <trkpt lat="38.839887" lon="-0.71358">
        <ele>731.75</ele>
      </trkpt>
      <trkpt lat="38.839683" lon="-0.713752">
        <ele>731.75</ele>
      </trkpt>
      <trkpt lat="38.839542" lon="-0.713832">
        <ele>732.25</ele>
      </trkpt>
      <trkpt lat="38.839394" lon="-0.713891">
        <ele>732.75</ele>
      </trkpt>
      <trkpt lat="38.83916" lon="-0.71409">
        <ele>733.25</ele>
      </trkpt>
      <trkpt lat="38.838939" lon="-0.71439">
        <ele>733</ele>
      </trkpt>
      <trkpt lat="38.838738" lon="-0.714535">
        <ele>732.75</ele>
      </trkpt>
      <trkpt lat="38.838593" lon="-0.714587">
        <ele>733</ele>
      </trkpt>
      <trkpt lat="38.838479" lon="-0.714605">
        <ele>733</ele>
      </trkpt>
      <trkpt lat="38.838334" lon="-0.714603">
        <ele>733.25</ele>
      </trkpt>
      <trkpt lat="38.838225" lon="-0.714584">
        <ele>733.25</ele>
      </trkpt>
      <trkpt lat="38.838154" lon="-0.714592">
        <ele>733.25</ele>
      </trkpt>
      <trkpt lat="38.838103" lon="-0.714621">
        <ele>733</ele>
      </trkpt>
      <trkpt lat="38.838024" lon="-0.714702">
        <ele>732.5</ele>
      </trkpt>
      <trkpt lat="38.837932" lon="-0.714846">
        <ele>731.5</ele>
      </trkpt>
      <trkpt lat="38.837886" lon="-0.71497">
        <ele>730.5</ele>
      </trkpt>
      <trkpt lat="38.837882" lon="-0.715152">
        <ele>729</ele>
      </trkpt>
      <trkpt lat="38.837868" lon="-0.715244">
        <ele>728.25</ele>
      </trkpt>
      <trkpt lat="38.837836" lon="-0.715335">
        <ele>727.5</ele>
      </trkpt>
      <trkpt lat="38.837694" lon="-0.715528">
        <ele>724.75</ele>
      </trkpt>
      <trkpt lat="38.837251" lon="-0.716">
        <ele>720.5</ele>
      </trkpt>
      <trkpt lat="38.837209" lon="-0.716032">
        <ele>720.75</ele>
      </trkpt>
      <trkpt lat="38.837167" lon="-0.71601">
        <ele>721</ele>
      </trkpt>
      <trkpt lat="38.83685" lon="-0.715796">
        <ele>722.5</ele>
      </trkpt>
      <trkpt lat="38.836662" lon="-0.715581">
        <ele>724.5</ele>
      </trkpt>
      <trkpt lat="38.836461" lon="-0.715243">
        <ele>727.5</ele>
      </trkpt>
      <trkpt lat="38.836382" lon="-0.715093">
        <ele>728.25</ele>
      </trkpt>
      <trkpt lat="38.83634" lon="-0.71505">
        <ele>728.5</ele>
      </trkpt>
      <trkpt lat="38.836194" lon="-0.715002">
        <ele>729</ele>
      </trkpt>
      <trkpt lat="38.835976" lon="-0.714986">
        <ele>729.5</ele>
      </trkpt>
      <trkpt lat="38.835859" lon="-0.714895">
        <ele>730.25</ele>
      </trkpt>
      <trkpt lat="38.835759" lon="-0.714761">
        <ele>731.75</ele>
      </trkpt>
      <trkpt lat="38.83568" lon="-0.71461">
        <ele>733</ele>
      </trkpt>
      <trkpt lat="38.8356" lon="-0.714551">
        <ele>734</ele>
      </trkpt>
      <trkpt lat="38.835517" lon="-0.714519">
        <ele>734.75</ele>
      </trkpt>
      <trkpt lat="38.8354" lon="-0.71453">
        <ele>735.75</ele>
      </trkpt>
      <trkpt lat="38.835228" lon="-0.714594">
        <ele>737</ele>
      </trkpt>
      <trkpt lat="38.835049" lon="-0.714589">
        <ele>738.5</ele>
      </trkpt>
      <trkpt lat="38.834886" lon="-0.714562">
        <ele>740</ele>
      </trkpt>
      <trkpt lat="38.834443" lon="-0.7146">
        <ele>743.75</ele>
      </trkpt>
      <trkpt lat="38.833967" lon="-0.714806">
        <ele>746.25</ele>
      </trkpt>
      <trkpt lat="38.833873" lon="-0.714865">
        <ele>746.5</ele>
      </trkpt>
      <trkpt lat="38.833794" lon="-0.71494">
        <ele>746.5</ele>
      </trkpt>
      <trkpt lat="38.83359" lon="-0.715222">
        <ele>747.5</ele>
      </trkpt>
      <trkpt lat="38.833545" lon="-0.715256">
        <ele>747.75</ele>
      </trkpt>
      <trkpt lat="38.832813" lon="-0.715453">
        <ele>750.75</ele>
      </trkpt>
      <trkpt lat="38.832744" lon="-0.715064">
        <ele>750.25</ele>
      </trkpt>
      <trkpt lat="38.832716" lon="-0.714902">
        <ele>750.25</ele>
      </trkpt>
      <trkpt lat="38.832673" lon="-0.71461">
        <ele>751</ele>
      </trkpt>
      <trkpt lat="38.832637" lon="-0.714431">
        <ele>751.5</ele>
      </trkpt>
      <trkpt lat="38.832648" lon="-0.714272">
        <ele>751.75</ele>
      </trkpt>
      <trkpt lat="38.832662" lon="-0.714199">
        <ele>751.75</ele>
      </trkpt>
      <trkpt lat="38.832698" lon="-0.714139">
        <ele>752</ele>
      </trkpt>
      <trkpt lat="38.832744" lon="-0.714098">
        <ele>752.25</ele>
      </trkpt>
      <trkpt lat="38.832805" lon="-0.714071">
        <ele>752.5</ele>
      </trkpt>
      <trkpt lat="38.832876" lon="-0.714052">
        <ele>752.75</ele>
      </trkpt>
      <trkpt lat="38.833498" lon="-0.713961">
        <ele>753.25</ele>
      </trkpt>
      <trkpt lat="38.833662" lon="-0.713911">
        <ele>753</ele>
      </trkpt>
      <trkpt lat="38.833829" lon="-0.713847">
        <ele>753</ele>
      </trkpt>
      <trkpt lat="38.833961" lon="-0.713769">
        <ele>753.25</ele>
      </trkpt>
      <trkpt lat="38.834075" lon="-0.713682">
        <ele>753.5</ele>
      </trkpt>
      <trkpt lat="38.83415" lon="-0.7136">
        <ele>754</ele>
      </trkpt>
      <trkpt lat="38.834274" lon="-0.713417">
        <ele>754.5</ele>
      </trkpt>
      <trkpt lat="38.834623" lon="-0.712764">
        <ele>754.25</ele>
      </trkpt>
      <trkpt lat="38.83474" lon="-0.712458">
        <ele>754.75</ele>
      </trkpt>
      <trkpt lat="38.834972" lon="-0.711746">
        <ele>755.75</ele>
      </trkpt>
      <trkpt lat="38.835018" lon="-0.711536">
        <ele>755.75</ele>
      </trkpt>
      <trkpt lat="38.835107" lon="-0.710919">
        <ele>756.25</ele>
      </trkpt>
      <trkpt lat="38.835139" lon="-0.710791">
        <ele>756.25</ele>
      </trkpt>
      <trkpt lat="38.835193" lon="-0.710674">
        <ele>756</ele>
      </trkpt>
      <trkpt lat="38.835217" lon="-0.710636">
        <ele>756</ele>
      </trkpt>
      <trkpt lat="38.835281" lon="-0.710576">
        <ele>755.75</ele>
      </trkpt>
      <trkpt lat="38.836818" lon="-0.709384">
        <ele>767</ele>
      </trkpt>
      <trkpt lat="38.838622" lon="-0.707922">
        <ele>782.5</ele>
      </trkpt>
      <trkpt lat="38.839696" lon="-0.706954">
        <ele>791.5</ele>
      </trkpt>
      <trkpt lat="38.839849" lon="-0.70684">
        <ele>793.25</ele>
      </trkpt>
      <trkpt lat="38.839981" lon="-0.706771">
        <ele>794.75</ele>
      </trkpt>
      <trkpt lat="38.841273" lon="-0.706287">
        <ele>806.75</ele>
      </trkpt>
      <trkpt lat="38.841315" lon="-0.70626">
        <ele>807.5</ele>
      </trkpt>
      <trkpt lat="38.841322" lon="-0.706214">
        <ele>808.75</ele>
      </trkpt>
      <trkpt lat="38.841312" lon="-0.706164">
        <ele>810</ele>
      </trkpt>
      <trkpt lat="38.841273" lon="-0.706137">
        <ele>810.75</ele>
      </trkpt>
      <trkpt lat="38.84118" lon="-0.706109">
        <ele>811.5</ele>
      </trkpt>
      <trkpt lat="38.841095" lon="-0.706095">
        <ele>812</ele>
      </trkpt>
      <trkpt lat="38.840981" lon="-0.706027">
        <ele>813.5</ele>
      </trkpt>
      <trkpt lat="38.840885" lon="-0.705949">
        <ele>815.25</ele>
      </trkpt>
      <trkpt lat="38.84071" lon="-0.705735">
        <ele>818.5</ele>
      </trkpt>
      <trkpt lat="38.84055" lon="-0.705524">
        <ele>820.75</ele>
      </trkpt>
      <trkpt lat="38.840472" lon="-0.705365">
        <ele>822.75</ele>
      </trkpt>
      <trkpt lat="38.840419" lon="-0.705232">
        <ele>824.75</ele>
      </trkpt>
      <trkpt lat="38.840255" lon="-0.704625">
        <ele>831.75</ele>
      </trkpt>
      <trkpt lat="38.840198" lon="-0.704492">
        <ele>832.75</ele>
      </trkpt>
      <trkpt lat="38.840041" lon="-0.704259">
        <ele>834</ele>
      </trkpt>
      <trkpt lat="38.84001" lon="-0.704195">
        <ele>834.5</ele>
      </trkpt>
      <trkpt lat="38.839999" lon="-0.704118">
        <ele>834.75</ele>
      </trkpt>
      <trkpt lat="38.840002" lon="-0.704049">
        <ele>834.5</ele>
      </trkpt>
      <trkpt lat="38.84002" lon="-0.70399">
        <ele>834.5</ele>
      </trkpt>
      <trkpt lat="38.840056" lon="-0.703926">
        <ele>834.75</ele>
      </trkpt>
      <trkpt lat="38.840123" lon="-0.703871">
        <ele>835.5</ele>
      </trkpt>
      <trkpt lat="38.840458" lon="-0.70356">
        <ele>839.25</ele>
      </trkpt>
      <trkpt lat="38.840625" lon="-0.703378">
        <ele>841</ele>
      </trkpt>
      <trkpt lat="38.840757" lon="-0.703222">
        <ele>842.5</ele>
      </trkpt>
      <trkpt lat="38.840817" lon="-0.703122">
        <ele>843</ele>
      </trkpt>
      <trkpt lat="38.840863" lon="-0.702994">
        <ele>843.75</ele>
      </trkpt>
      <trkpt lat="38.840881" lon="-0.702839">
        <ele>843.75</ele>
      </trkpt>
      <trkpt lat="38.840885" lon="-0.702697">
        <ele>843.25</ele>
      </trkpt>
      <trkpt lat="38.840899" lon="-0.702523">
        <ele>843.25</ele>
      </trkpt>
      <trkpt lat="38.840885" lon="-0.702377">
        <ele>842.75</ele>
      </trkpt>
      <trkpt lat="38.840849" lon="-0.702112">
        <ele>841.75</ele>
      </trkpt>
      <trkpt lat="38.840846" lon="-0.70198">
        <ele>841.5</ele>
      </trkpt>
      <trkpt lat="38.840867" lon="-0.701825">
        <ele>841.5</ele>
      </trkpt>
      <trkpt lat="38.84105" lon="-0.700833">
        <ele>836.75</ele>
      </trkpt>
      <trkpt lat="38.841323" lon="-0.699295">
        <ele>838</ele>
      </trkpt>
      <trkpt lat="38.841426" lon="-0.698851">
        <ele>837.25</ele>
      </trkpt>
      <trkpt lat="38.841473" lon="-0.698737">
        <ele>837</ele>
      </trkpt>
      <trkpt lat="38.841532" lon="-0.698689">
        <ele>837.5</ele>
      </trkpt>
      <trkpt lat="38.841599" lon="-0.698668">
        <ele>838.25</ele>
      </trkpt>
      <trkpt lat="38.841858" lon="-0.698695">
        <ele>842</ele>
      </trkpt>
      <trkpt lat="38.841937" lon="-0.698684">
        <ele>843</ele>
      </trkpt>
      <trkpt lat="38.842004" lon="-0.698657">
        <ele>843.75</ele>
      </trkpt>
      <trkpt lat="38.842078" lon="-0.698607">
        <ele>844.5</ele>
      </trkpt>
      <trkpt lat="38.842121" lon="-0.698544">
        <ele>845</ele>
      </trkpt>
      <trkpt lat="38.842162" lon="-0.698452">
        <ele>845</ele>
      </trkpt>
      <trkpt lat="38.842199" lon="-0.698348">
        <ele>845.25</ele>
      </trkpt>
      <trkpt lat="38.842235" lon="-0.698207">
        <ele>845.25</ele>
      </trkpt>
      <trkpt lat="38.842297" lon="-0.697823">
        <ele>844.75</ele>
      </trkpt>
      <trkpt lat="38.842311" lon="-0.697676">
        <ele>844.5</ele>
      </trkpt>
      <trkpt lat="38.842325" lon="-0.697595">
        <ele>844.5</ele>
      </trkpt>
      <trkpt lat="38.842333" lon="-0.697546">
        <ele>844.5</ele>
      </trkpt>
      <trkpt lat="38.842366" lon="-0.697488">
        <ele>844.75</ele>
      </trkpt>
      <trkpt lat="38.842413" lon="-0.697423">
        <ele>844.75</ele>
      </trkpt>
      <trkpt lat="38.842564" lon="-0.697262">
        <ele>844.5</ele>
      </trkpt>
      <trkpt lat="38.842631" lon="-0.697209">
        <ele>844</ele>
      </trkpt>
      <trkpt lat="38.842714" lon="-0.69716">
        <ele>843.75</ele>
      </trkpt>
      <trkpt lat="38.842819" lon="-0.697128">
        <ele>844</ele>
      </trkpt>
      <trkpt lat="38.842919" lon="-0.697123">
        <ele>844.25</ele>
      </trkpt>
      <trkpt lat="38.843011" lon="-0.697133">
        <ele>845</ele>
      </trkpt>
      <trkpt lat="38.84327" lon="-0.697214">
        <ele>847.75</ele>
      </trkpt>
      <trkpt lat="38.843934" lon="-0.697568">
        <ele>854</ele>
      </trkpt>
      <trkpt lat="38.844327" lon="-0.697868">
        <ele>860</ele>
      </trkpt>
      <trkpt lat="38.844406" lon="-0.697906">
        <ele>861.25</ele>
      </trkpt>
      <trkpt lat="38.844482" lon="-0.697906">
        <ele>862</ele>
      </trkpt>
      <trkpt lat="38.844615" lon="-0.697858">
        <ele>862.5</ele>
      </trkpt>
      <trkpt lat="38.844695" lon="-0.697809">
        <ele>863</ele>
      </trkpt>
      <trkpt lat="38.844745" lon="-0.69775">
        <ele>863</ele>
      </trkpt>
      <trkpt lat="38.844787" lon="-0.697681">
        <ele>863</ele>
      </trkpt>
      <trkpt lat="38.844837" lon="-0.697514">
        <ele>862.5</ele>
      </trkpt>
      <trkpt lat="38.844858" lon="-0.697402">
        <ele>863</ele>
      </trkpt>
      <trkpt lat="38.84487" lon="-0.697294">
        <ele>863.25</ele>
      </trkpt>
      <trkpt lat="38.844883" lon="-0.696238">
        <ele>863.75</ele>
      </trkpt>
      <trkpt lat="38.844887" lon="-0.696157">
        <ele>864</ele>
      </trkpt>
      <trkpt lat="38.844908" lon="-0.696087">
        <ele>864.25</ele>
      </trkpt>
      <trkpt lat="38.844954" lon="-0.696018">
        <ele>865.25</ele>
      </trkpt>
      <trkpt lat="38.845614" lon="-0.695712">
        <ele>865.5</ele>
      </trkpt>
      <trkpt lat="38.845718" lon="-0.69569">
        <ele>865.25</ele>
      </trkpt>
      <trkpt lat="38.845806" lon="-0.695696">
        <ele>865.5</ele>
      </trkpt>
      <trkpt lat="38.845956" lon="-0.695739">
        <ele>865.5</ele>
      </trkpt>
      <trkpt lat="38.846078" lon="-0.695723">
        <ele>865</ele>
      </trkpt>
      <trkpt lat="38.846132" lon="-0.69569">
        <ele>864.75</ele>
      </trkpt>
      <trkpt lat="38.846182" lon="-0.695631">
        <ele>864</ele>
      </trkpt>
      <trkpt lat="38.846926" lon="-0.694204">
        <ele>859.25</ele>
      </trkpt>
      <trkpt lat="38.84769" lon="-0.692933">
        <ele>870.5</ele>
      </trkpt>
      <trkpt lat="38.847912" lon="-0.692638">
        <ele>872.25</ele>
      </trkpt>
      <trkpt lat="38.848509" lon="-0.691976">
        <ele>870.5</ele>
      </trkpt>
      <trkpt lat="38.848789" lon="-0.691656">
        <ele>868.75</ele>
      </trkpt>
      <trkpt lat="38.848931" lon="-0.691565">
        <ele>868.75</ele>
      </trkpt>
      <trkpt lat="38.849186" lon="-0.691512">
        <ele>868.5</ele>
      </trkpt>
      <trkpt lat="38.849253" lon="-0.691538">
        <ele>868.5</ele>
      </trkpt>
      <trkpt lat="38.849324" lon="-0.691544">
        <ele>868.75</ele>
      </trkpt>
      <trkpt lat="38.849374" lon="-0.691538">
        <ele>869</ele>
      </trkpt>
      <trkpt lat="38.849453" lon="-0.691506">
        <ele>869.25</ele>
      </trkpt>
      <trkpt lat="38.849691" lon="-0.69134">
        <ele>870</ele>
      </trkpt>
      <trkpt lat="38.8498" lon="-0.691249">
        <ele>870.25</ele>
      </trkpt>
      <trkpt lat="38.849854" lon="-0.691179">
        <ele>870.25</ele>
      </trkpt>
      <trkpt lat="38.849884" lon="-0.691109">
        <ele>870.25</ele>
      </trkpt>
      <trkpt lat="38.849913" lon="-0.691018">
        <ele>870</ele>
      </trkpt>
      <trkpt lat="38.849963" lon="-0.690916">
        <ele>870</ele>
      </trkpt>
      <trkpt lat="38.850017" lon="-0.690852">
        <ele>869.75</ele>
      </trkpt>
      <trkpt lat="38.850594" lon="-0.690272">
        <ele>863.75</ele>
      </trkpt>
      <trkpt lat="38.850715" lon="-0.690138">
        <ele>862.25</ele>
      </trkpt>
      <trkpt lat="38.850786" lon="-0.690026">
        <ele>861.25</ele>
      </trkpt>
      <trkpt lat="38.850911" lon="-0.689763">
        <ele>859.5</ele>
      </trkpt>
      <trkpt lat="38.851041" lon="-0.689419">
        <ele>857</ele>
      </trkpt>
      <trkpt lat="38.851567" lon="-0.687697">
        <ele>850.25</ele>
      </trkpt>
      <trkpt lat="38.851663" lon="-0.687429">
        <ele>849.75</ele>
      </trkpt>
      <trkpt lat="38.851734" lon="-0.687252">
        <ele>848.5</ele>
      </trkpt>
      <trkpt lat="38.852449" lon="-0.685841">
        <ele>841.5</ele>
      </trkpt>
      <trkpt lat="38.852557" lon="-0.685691">
        <ele>841</ele>
      </trkpt>
      <trkpt lat="38.852674" lon="-0.685562">
        <ele>840.75</ele>
      </trkpt>
      <trkpt lat="38.852913" lon="-0.685329">
        <ele>840.25</ele>
      </trkpt>
      <trkpt lat="38.853256" lon="-0.684924">
        <ele>841</ele>
      </trkpt>
      <trkpt lat="38.853705" lon="-0.684377">
        <ele>842</ele>
      </trkpt>
      <trkpt lat="38.853797" lon="-0.684225">
        <ele>842.75</ele>
      </trkpt>
      <trkpt lat="38.854099" lon="-0.68376">
        <ele>845</ele>
      </trkpt>
      <trkpt lat="38.854345" lon="-0.683438">
        <ele>846.5</ele>
      </trkpt>
      <trkpt lat="38.85521" lon="-0.682521">
        <ele>846.5</ele>
      </trkpt>
      <trkpt lat="38.855452" lon="-0.682338">
        <ele>846</ele>
      </trkpt>
      <trkpt lat="38.855611" lon="-0.682233">
        <ele>845.5</ele>
      </trkpt>
      <trkpt lat="38.855745" lon="-0.682143">
        <ele>844.75</ele>
      </trkpt>
      <trkpt lat="38.856225" lon="-0.681781">
        <ele>841.25</ele>
      </trkpt>
      <trkpt lat="38.856455" lon="-0.681555">
        <ele>838.25</ele>
      </trkpt>
      <trkpt lat="38.856664" lon="-0.681303">
        <ele>834.25</ele>
      </trkpt>
      <trkpt lat="38.856868" lon="-0.681019">
        <ele>830.75</ele>
      </trkpt>
      <trkpt lat="38.857428" lon="-0.680289">
        <ele>820.75</ele>
      </trkpt>
      <trkpt lat="38.857934" lon="-0.679501">
        <ele>813.75</ele>
      </trkpt>
      <trkpt lat="38.85798" lon="-0.679377">
        <ele>813.75</ele>
      </trkpt>
      <trkpt lat="38.858051" lon="-0.679147">
        <ele>813.5</ele>
      </trkpt>
      <trkpt lat="38.858109" lon="-0.678996">
        <ele>813.75</ele>
      </trkpt>
      <trkpt lat="38.858205" lon="-0.678846">
        <ele>813.5</ele>
      </trkpt>
      <trkpt lat="38.858381" lon="-0.678616">
        <ele>813.25</ele>
      </trkpt>
      <trkpt lat="38.858456" lon="-0.678573">
        <ele>813.5</ele>
      </trkpt>
      <trkpt lat="38.859155" lon="-0.67846">
        <ele>814</ele>
      </trkpt>
      <trkpt lat="38.859138" lon="-0.678404">
        <ele>814</ele>
      </trkpt>
      <trkpt lat="38.859138" lon="-0.678237">
        <ele>814</ele>
      </trkpt>
      <trkpt lat="38.859127" lon="-0.678176">
        <ele>814</ele>
      </trkpt>
      <trkpt lat="38.85909" lon="-0.678055">
        <ele>814.25</ele>
      </trkpt>
      <trkpt lat="38.858994" lon="-0.677902">
        <ele>814.75</ele>
      </trkpt>
      <trkpt lat="38.858835" lon="-0.677687">
        <ele>815.5</ele>
      </trkpt>
      <trkpt lat="38.858785" lon="-0.677604">
        <ele>816</ele>
      </trkpt>
      <trkpt lat="38.858362" lon="-0.676827">
        <ele>822.75</ele>
      </trkpt>
      <trkpt lat="38.858785" lon="-0.677604">
        <ele>816</ele>
      </trkpt>
      <trkpt lat="38.858835" lon="-0.677687">
        <ele>815.5</ele>
      </trkpt>
      <trkpt lat="38.858994" lon="-0.677902">
        <ele>814.75</ele>
      </trkpt>
      <trkpt lat="38.85909" lon="-0.678055">
        <ele>814.25</ele>
      </trkpt>
      <trkpt lat="38.859127" lon="-0.678176">
        <ele>814</ele>
      </trkpt>
      <trkpt lat="38.859138" lon="-0.678237">
        <ele>814</ele>
      </trkpt>
      <trkpt lat="38.859138" lon="-0.678404">
        <ele>814</ele>
      </trkpt>
      <trkpt lat="38.859155" lon="-0.67846">
        <ele>814</ele>
      </trkpt>
      <trkpt lat="38.858456" lon="-0.678573">
        <ele>813.5</ele>
      </trkpt>
      <trkpt lat="38.858381" lon="-0.678616">
        <ele>813.25</ele>
      </trkpt>
      <trkpt lat="38.858205" lon="-0.678846">
        <ele>813.5</ele>
      </trkpt>
      <trkpt lat="38.858109" lon="-0.678996">
        <ele>813.75</ele>
      </trkpt>
      <trkpt lat="38.858051" lon="-0.679147">
        <ele>813.5</ele>
      </trkpt>
      <trkpt lat="38.85798" lon="-0.679377">
        <ele>813.75</ele>
      </trkpt>
      <trkpt lat="38.857934" lon="-0.679501">
        <ele>813.75</ele>
      </trkpt>
      <trkpt lat="38.857485" lon="-0.67954">
        <ele>817.75</ele>
      </trkpt>
      <trkpt lat="38.856951" lon="-0.679192">
        <ele>829.25</ele>
      </trkpt>
      <trkpt lat="38.856894" lon="-0.67896">
        <ele>832</ele>
      </trkpt>
      <trkpt lat="38.856713" lon="-0.67877">
        <ele>837.5</ele>
      </trkpt>
      <trkpt lat="38.856508" lon="-0.678191">
        <ele>845.5</ele>
      </trkpt>
      <trkpt lat="38.856385" lon="-0.677938">
        <ele>848.5</ele>
      </trkpt>
      <trkpt lat="38.856172" lon="-0.67779">
        <ele>853</ele>
      </trkpt>
      <trkpt lat="38.855999" lon="-0.67758">
        <ele>856.75</ele>
      </trkpt>
      <trkpt lat="38.855745" lon="-0.677643">
        <ele>860.75</ele>
      </trkpt>
      <trkpt lat="38.855356" lon="-0.677606">
        <ele>864.5</ele>
      </trkpt>
      <trkpt lat="38.855306" lon="-0.677617">
        <ele>865</ele>
      </trkpt>
      <trkpt lat="38.85512" lon="-0.677617">
        <ele>866.75</ele>
      </trkpt>
      <trkpt lat="38.854828" lon="-0.677646">
        <ele>868.25</ele>
      </trkpt>
      <trkpt lat="38.854613" lon="-0.677635">
        <ele>868.25</ele>
      </trkpt>
      <trkpt lat="38.854574" lon="-0.677645">
        <ele>868.25</ele>
      </trkpt>
      <trkpt lat="38.854539" lon="-0.677665">
        <ele>868.5</ele>
      </trkpt>
      <trkpt lat="38.854389" lon="-0.677826">
        <ele>870</ele>
      </trkpt>
      <trkpt lat="38.85435" lon="-0.677845">
        <ele>870.25</ele>
      </trkpt>
      <trkpt lat="38.854186" lon="-0.677843">
        <ele>870.25</ele>
      </trkpt>
      <trkpt lat="38.854151" lon="-0.677849">
        <ele>870</ele>
      </trkpt>
      <trkpt lat="38.854093" lon="-0.677871">
        <ele>869.75</ele>
      </trkpt>
      <trkpt lat="38.853979" lon="-0.677929">
        <ele>869</ele>
      </trkpt>
      <trkpt lat="38.853783" lon="-0.678073">
        <ele>868.25</ele>
      </trkpt>
      <trkpt lat="38.853717" lon="-0.67818">
        <ele>868.25</ele>
      </trkpt>
      <trkpt lat="38.853623" lon="-0.678294">
        <ele>868</ele>
      </trkpt>
      <trkpt lat="38.853554" lon="-0.678361">
        <ele>867.75</ele>
      </trkpt>
      <trkpt lat="38.853511" lon="-0.678393">
        <ele>867.25</ele>
      </trkpt>
      <trkpt lat="38.853473" lon="-0.678408">
        <ele>867</ele>
      </trkpt>
      <trkpt lat="38.853436" lon="-0.678413">
        <ele>866.5</ele>
      </trkpt>
      <trkpt lat="38.853404" lon="-0.678408">
        <ele>866</ele>
      </trkpt>
      <trkpt lat="38.853355" lon="-0.678378">
        <ele>865.25</ele>
      </trkpt>
      <trkpt lat="38.85331" lon="-0.67829">
        <ele>864.5</ele>
      </trkpt>
      <trkpt lat="38.853267" lon="-0.678155">
        <ele>863.5</ele>
      </trkpt>
      <trkpt lat="38.853066" lon="-0.677517">
        <ele>861.5</ele>
      </trkpt>
      <trkpt lat="38.85227" lon="-0.675433">
        <ele>855</ele>
      </trkpt>
      <trkpt lat="38.852239" lon="-0.67528">
        <ele>853.75</ele>
      </trkpt>
      <trkpt lat="38.852237" lon="-0.675092">
        <ele>851.75</ele>
      </trkpt>
      <trkpt lat="38.852208" lon="-0.674913">
        <ele>850</ele>
      </trkpt>
      <trkpt lat="38.852181" lon="-0.674835">
        <ele>849.25</ele>
      </trkpt>
      <trkpt lat="38.852055" lon="-0.674594">
        <ele>847.75</ele>
      </trkpt>
      <trkpt lat="38.851995" lon="-0.674449">
        <ele>846.75</ele>
      </trkpt>
      <trkpt lat="38.851965" lon="-0.674363">
        <ele>846</ele>
      </trkpt>
      <trkpt lat="38.851894" lon="-0.674084">
        <ele>843.5</ele>
      </trkpt>
      <trkpt lat="38.851602" lon="-0.673293">
        <ele>838.75</ele>
      </trkpt>
      <trkpt lat="38.85151" lon="-0.673006">
        <ele>836.25</ele>
      </trkpt>
      <trkpt lat="38.851464" lon="-0.67289">
        <ele>835.25</ele>
      </trkpt>
      <trkpt lat="38.851301" lon="-0.67267">
        <ele>833.5</ele>
      </trkpt>
      <trkpt lat="38.850827" lon="-0.672003">
        <ele>828.25</ele>
      </trkpt>
      <trkpt lat="38.850525" lon="-0.671537">
        <ele>822.25</ele>
      </trkpt>
      <trkpt lat="38.850104" lon="-0.670954">
        <ele>815.5</ele>
      </trkpt>
      <trkpt lat="38.849764" lon="-0.670509">
        <ele>814.75</ele>
      </trkpt>
      <trkpt lat="38.849461" lon="-0.670036">
        <ele>816.75</ele>
      </trkpt>
      <trkpt lat="38.849294" lon="-0.669728">
        <ele>816.25</ele>
      </trkpt>
      <trkpt lat="38.849156" lon="-0.669551">
        <ele>817.75</ele>
      </trkpt>
      <trkpt lat="38.849091" lon="-0.669489">
        <ele>817</ele>
      </trkpt>
      <trkpt lat="38.849035" lon="-0.669446">
        <ele>816.25</ele>
      </trkpt>
      <trkpt lat="38.848968" lon="-0.669406">
        <ele>816</ele>
      </trkpt>
      <trkpt lat="38.848734" lon="-0.669288">
        <ele>815</ele>
      </trkpt>
      <trkpt lat="38.847633" lon="-0.668738">
        <ele>813.75</ele>
      </trkpt>
      <trkpt lat="38.84732" lon="-0.668599">
        <ele>816</ele>
      </trkpt>
      <trkpt lat="38.847242" lon="-0.668569">
        <ele>816.25</ele>
      </trkpt>
      <trkpt lat="38.847153" lon="-0.668545">
        <ele>816.5</ele>
      </trkpt>
      <trkpt lat="38.847025" lon="-0.668548">
        <ele>816.5</ele>
      </trkpt>
      <trkpt lat="38.846902" lon="-0.66858">
        <ele>816</ele>
      </trkpt>
      <trkpt lat="38.846229" lon="-0.66884">
        <ele>810.25</ele>
      </trkpt>
      <trkpt lat="38.846179" lon="-0.66887">
        <ele>809.75</ele>
      </trkpt>
      <trkpt lat="38.846129" lon="-0.668918">
        <ele>809.25</ele>
      </trkpt>
      <trkpt lat="38.845903" lon="-0.669178">
        <ele>806.75</ele>
      </trkpt>
      <trkpt lat="38.845803" lon="-0.669267">
        <ele>803</ele>
      </trkpt>
      <trkpt lat="38.845749" lon="-0.669293">
        <ele>801.25</ele>
      </trkpt>
      <trkpt lat="38.845602" lon="-0.669326">
        <ele>798</ele>
      </trkpt>
      <trkpt lat="38.845192" lon="-0.669339">
        <ele>792</ele>
      </trkpt>
      <trkpt lat="38.845131" lon="-0.669334">
        <ele>791.25</ele>
      </trkpt>
      <trkpt lat="38.844793" lon="-0.669242">
        <ele>788.25</ele>
      </trkpt>
      <trkpt lat="38.844706" lon="-0.669226">
        <ele>787.25</ele>
      </trkpt>
      <trkpt lat="38.844627" lon="-0.669191">
        <ele>787</ele>
      </trkpt>
      <trkpt lat="38.844355" lon="-0.669031">
        <ele>781</ele>
      </trkpt>
      <trkpt lat="38.84418" lon="-0.668956">
        <ele>776.25</ele>
      </trkpt>
      <trkpt lat="38.844172" lon="-0.669007">
        <ele>777</ele>
      </trkpt>
      <trkpt lat="38.844155" lon="-0.669034">
        <ele>777.5</ele>
      </trkpt>
      <trkpt lat="38.844123" lon="-0.669049">
        <ele>777.25</ele>
      </trkpt>
      <trkpt lat="38.843729" lon="-0.669127">
        <ele>774.25</ele>
      </trkpt>
      <trkpt lat="38.843459" lon="-0.669154">
        <ele>771.25</ele>
      </trkpt>
      <trkpt lat="38.84312" lon="-0.669147">
        <ele>764</ele>
      </trkpt>
      <trkpt lat="38.842922" lon="-0.669151">
        <ele>758.5</ele>
      </trkpt>
      <trkpt lat="38.842889" lon="-0.669143">
        <ele>757.75</ele>
      </trkpt>
      <trkpt lat="38.84283" lon="-0.669112">
        <ele>756.25</ele>
      </trkpt>
      <trkpt lat="38.842789" lon="-0.669064">
        <ele>755.5</ele>
      </trkpt>
      <trkpt lat="38.842773" lon="-0.66903">
        <ele>755.5</ele>
      </trkpt>
      <trkpt lat="38.842676" lon="-0.668727">
        <ele>755.75</ele>
      </trkpt>
      <trkpt lat="38.842539" lon="-0.668338">
        <ele>757.25</ele>
      </trkpt>
      <trkpt lat="38.842495" lon="-0.668233">
        <ele>754.5</ele>
      </trkpt>
      <trkpt lat="38.842393" lon="-0.668046">
        <ele>747.25</ele>
      </trkpt>
      <trkpt lat="38.842255" lon="-0.667877">
        <ele>741</ele>
      </trkpt>
      <trkpt lat="38.842186" lon="-0.667812">
        <ele>739</ele>
      </trkpt>
      <trkpt lat="38.842088" lon="-0.667748">
        <ele>736.75</ele>
      </trkpt>
      <trkpt lat="38.841912" lon="-0.667634">
        <ele>734.25</ele>
      </trkpt>
      <trkpt lat="38.841336" lon="-0.667374">
        <ele>725.75</ele>
      </trkpt>
      <trkpt lat="38.841287" lon="-0.66734">
        <ele>724.75</ele>
      </trkpt>
      <trkpt lat="38.841243" lon="-0.667299">
        <ele>724</ele>
      </trkpt>
      <trkpt lat="38.841176" lon="-0.667205">
        <ele>723</ele>
      </trkpt>
      <trkpt lat="38.84116" lon="-0.667167">
        <ele>723</ele>
      </trkpt>
      <trkpt lat="38.841114" lon="-0.667024">
        <ele>723</ele>
      </trkpt>
      <trkpt lat="38.841074" lon="-0.66683">
        <ele>724</ele>
      </trkpt>
      <trkpt lat="38.841032" lon="-0.666708">
        <ele>725.25</ele>
      </trkpt>
      <trkpt lat="38.841009" lon="-0.666662">
        <ele>725.75</ele>
      </trkpt>
      <trkpt lat="38.840985" lon="-0.66663">
        <ele>725.25</ele>
      </trkpt>
      <trkpt lat="38.840933" lon="-0.66658">
        <ele>725.25</ele>
      </trkpt>
      <trkpt lat="38.840851" lon="-0.666533">
        <ele>725.5</ele>
      </trkpt>
      <trkpt lat="38.840806" lon="-0.666522">
        <ele>725.25</ele>
      </trkpt>
      <trkpt lat="38.840734" lon="-0.666526">
        <ele>724.75</ele>
      </trkpt>
      <trkpt lat="38.840417" lon="-0.666631">
        <ele>722.5</ele>
      </trkpt>
      <trkpt lat="38.840291" lon="-0.666622">
        <ele>721.25</ele>
      </trkpt>
      <trkpt lat="38.840239" lon="-0.666585">
        <ele>720.5</ele>
      </trkpt>
      <trkpt lat="38.840206" lon="-0.666546">
        <ele>720</ele>
      </trkpt>
      <trkpt lat="38.840092" lon="-0.66638">
        <ele>718.5</ele>
      </trkpt>
      <trkpt lat="38.839994" lon="-0.666259">
        <ele>717.75</ele>
      </trkpt>
      <trkpt lat="38.839925" lon="-0.66618">
        <ele>715.75</ele>
      </trkpt>
      <trkpt lat="38.839801" lon="-0.666058">
        <ele>712.75</ele>
      </trkpt>
      <trkpt lat="38.839775" lon="-0.666023">
        <ele>712.25</ele>
      </trkpt>
      <trkpt lat="38.839762" lon="-0.66599">
        <ele>712</ele>
      </trkpt>
      <trkpt lat="38.839757" lon="-0.665952">
        <ele>712</ele>
      </trkpt>
      <trkpt lat="38.839771" lon="-0.665884">
        <ele>712.5</ele>
      </trkpt>
      <trkpt lat="38.839787" lon="-0.665858">
        <ele>713</ele>
      </trkpt>
      <trkpt lat="38.839819" lon="-0.665836">
        <ele>713.75</ele>
      </trkpt>
      <trkpt lat="38.839865" lon="-0.665813">
        <ele>714.25</ele>
      </trkpt>
      <trkpt lat="38.840036" lon="-0.665771">
        <ele>715.5</ele>
      </trkpt>
      <trkpt lat="38.840162" lon="-0.665751">
        <ele>714.5</ele>
      </trkpt>
      <trkpt lat="38.840255" lon="-0.665747">
        <ele>714.25</ele>
      </trkpt>
      <trkpt lat="38.840484" lon="-0.665752">
        <ele>713.75</ele>
      </trkpt>
      <trkpt lat="38.840591" lon="-0.665744">
        <ele>713.25</ele>
      </trkpt>
      <trkpt lat="38.840876" lon="-0.665763">
        <ele>711.75</ele>
      </trkpt>
      <trkpt lat="38.840948" lon="-0.665776">
        <ele>709.75</ele>
      </trkpt>
      <trkpt lat="38.84102" lon="-0.665801">
        <ele>708.25</ele>
      </trkpt>
      <trkpt lat="38.841113" lon="-0.66585">
        <ele>706.5</ele>
      </trkpt>
      <trkpt lat="38.841399" lon="-0.666038">
        <ele>703</ele>
      </trkpt>
      <trkpt lat="38.841478" lon="-0.666102">
        <ele>703</ele>
      </trkpt>
      <trkpt lat="38.841634" lon="-0.666299">
        <ele>705.75</ele>
      </trkpt>
      <trkpt lat="38.841657" lon="-0.666326">
        <ele>706.25</ele>
      </trkpt>
      <trkpt lat="38.841687" lon="-0.666348">
        <ele>706.25</ele>
      </trkpt>
      <trkpt lat="38.841712" lon="-0.666359">
        <ele>706</ele>
      </trkpt>
      <trkpt lat="38.841735" lon="-0.666348">
        <ele>705</ele>
      </trkpt>
      <trkpt lat="38.841755" lon="-0.666331">
        <ele>704</ele>
      </trkpt>
      <trkpt lat="38.841764" lon="-0.666303">
        <ele>702.75</ele>
      </trkpt>
      <trkpt lat="38.841763" lon="-0.666267">
        <ele>701.5</ele>
      </trkpt>
      <trkpt lat="38.841743" lon="-0.666221">
        <ele>700.5</ele>
      </trkpt>
      <trkpt lat="38.841531" lon="-0.665829">
        <ele>693</ele>
      </trkpt>
      <trkpt lat="38.841463" lon="-0.665681">
        <ele>691.75</ele>
      </trkpt>
      <trkpt lat="38.841275" lon="-0.665205">
        <ele>685.75</ele>
      </trkpt>
      <trkpt lat="38.841176" lon="-0.66506">
        <ele>685</ele>
      </trkpt>
      <trkpt lat="38.840915" lon="-0.664754">
        <ele>684.5</ele>
      </trkpt>
      <trkpt lat="38.840852" lon="-0.664663">
        <ele>684</ele>
      </trkpt>
      <trkpt lat="38.840794" lon="-0.664553">
        <ele>681.25</ele>
      </trkpt>
      <trkpt lat="38.840754" lon="-0.664446">
        <ele>678</ele>
      </trkpt>
      <trkpt lat="38.840713" lon="-0.664285">
        <ele>673.5</ele>
      </trkpt>
      <trkpt lat="38.840687" lon="-0.664084">
        <ele>668.75</ele>
      </trkpt>
      <trkpt lat="38.84069" lon="-0.66388">
        <ele>665.5</ele>
      </trkpt>
      <trkpt lat="38.840706" lon="-0.663679">
        <ele>662.5</ele>
      </trkpt>
      <trkpt lat="38.840704" lon="-0.663287">
        <ele>656.75</ele>
      </trkpt>
      <trkpt lat="38.840665" lon="-0.662917">
        <ele>652</ele>
      </trkpt>
      <trkpt lat="38.840637" lon="-0.662541">
        <ele>647.25</ele>
      </trkpt>
      <trkpt lat="38.840575" lon="-0.662158">
        <ele>642.75</ele>
      </trkpt>
      <trkpt lat="38.840522" lon="-0.661965">
        <ele>639.75</ele>
      </trkpt>
      <trkpt lat="38.840514" lon="-0.661855">
        <ele>639</ele>
      </trkpt>
      <trkpt lat="38.840514" lon="-0.661621">
        <ele>638</ele>
      </trkpt>
      <trkpt lat="38.840506" lon="-0.661549">
        <ele>638</ele>
      </trkpt>
      <trkpt lat="38.840447" lon="-0.661321">
        <ele>637</ele>
      </trkpt>
      <trkpt lat="38.840376" lon="-0.661149">
        <ele>635</ele>
      </trkpt>
      <trkpt lat="38.840324" lon="-0.661056">
        <ele>633.75</ele>
      </trkpt>
      <trkpt lat="38.840293" lon="-0.661005">
        <ele>632.75</ele>
      </trkpt>
      <trkpt lat="38.839852" lon="-0.66042">
        <ele>619.75</ele>
      </trkpt>
      <trkpt lat="38.839766" lon="-0.660275">
        <ele>616.75</ele>
      </trkpt>
      <trkpt lat="38.839743" lon="-0.660227">
        <ele>616</ele>
      </trkpt>
      <trkpt lat="38.839724" lon="-0.660165">
        <ele>615.5</ele>
      </trkpt>
      <trkpt lat="38.839706" lon="-0.660017">
        <ele>615.5</ele>
      </trkpt>
      <trkpt lat="38.839691" lon="-0.659789">
        <ele>613.5</ele>
      </trkpt>
      <trkpt lat="38.839693" lon="-0.659712">
        <ele>613</ele>
      </trkpt>
      <trkpt lat="38.839722" lon="-0.659422">
        <ele>612.25</ele>
      </trkpt>
      <trkpt lat="38.839848" lon="-0.658583">
        <ele>608</ele>
      </trkpt>
      <trkpt lat="38.839871" lon="-0.6584">
        <ele>606.5</ele>
      </trkpt>
      <trkpt lat="38.839864" lon="-0.658207">
        <ele>603.75</ele>
      </trkpt>
      <trkpt lat="38.839846" lon="-0.658022">
        <ele>600.75</ele>
      </trkpt>
      <trkpt lat="38.839829" lon="-0.657896">
        <ele>598.75</ele>
      </trkpt>
      <trkpt lat="38.839762" lon="-0.657534">
        <ele>594</ele>
      </trkpt>
      <trkpt lat="38.839726" lon="-0.657424">
        <ele>592.75</ele>
      </trkpt>
      <trkpt lat="38.839674" lon="-0.657319">
        <ele>591.75</ele>
      </trkpt>
      <trkpt lat="38.83962" lon="-0.657255">
        <ele>591.25</ele>
      </trkpt>
      <trkpt lat="38.83958" lon="-0.657223">
        <ele>591.25</ele>
      </trkpt>
      <trkpt lat="38.839484" lon="-0.657172">
        <ele>591.5</ele>
      </trkpt>
      <trkpt lat="38.839386" lon="-0.657137">
        <ele>592.25</ele>
      </trkpt>
      <trkpt lat="38.839271" lon="-0.657145">
        <ele>593.25</ele>
      </trkpt>
      <trkpt lat="38.839014" lon="-0.657201">
        <ele>590.75</ele>
      </trkpt>
      <trkpt lat="38.838832" lon="-0.657207">
        <ele>586.75</ele>
      </trkpt>
      <trkpt lat="38.838674" lon="-0.657161">
        <ele>583.75</ele>
      </trkpt>
      <trkpt lat="38.838592" lon="-0.657121">
        <ele>582.25</ele>
      </trkpt>
      <trkpt lat="38.838552" lon="-0.657091">
        <ele>581.75</ele>
      </trkpt>
      <trkpt lat="38.838477" lon="-0.65703">
        <ele>580.75</ele>
      </trkpt>
      <trkpt lat="38.838442" lon="-0.656981">
        <ele>580.5</ele>
      </trkpt>
      <trkpt lat="38.838402" lon="-0.656895">
        <ele>580.75</ele>
      </trkpt>
      <trkpt lat="38.838383" lon="-0.656748">
        <ele>581.75</ele>
      </trkpt>
      <trkpt lat="38.838383" lon="-0.656544">
        <ele>581.25</ele>
      </trkpt>
      <trkpt lat="38.838391" lon="-0.656386">
        <ele>579.25</ele>
      </trkpt>
      <trkpt lat="38.8384" lon="-0.656324">
        <ele>578.75</ele>
      </trkpt>
      <trkpt lat="38.838414" lon="-0.656275">
        <ele>578.25</ele>
      </trkpt>
      <trkpt lat="38.838429" lon="-0.656206">
        <ele>577.5</ele>
      </trkpt>
      <trkpt lat="38.838655" lon="-0.655675">
        <ele>572.5</ele>
      </trkpt>
      <trkpt lat="38.838705" lon="-0.655584">
        <ele>571.5</ele>
      </trkpt>
      <trkpt lat="38.838736" lon="-0.655511">
        <ele>570.5</ele>
      </trkpt>
      <trkpt lat="38.838784" lon="-0.655434">
        <ele>569.25</ele>
      </trkpt>
      <trkpt lat="38.838836" lon="-0.655308">
        <ele>567.25</ele>
      </trkpt>
      <trkpt lat="38.838864" lon="-0.6552">
        <ele>565.5</ele>
      </trkpt>
      <trkpt lat="38.838855" lon="-0.655077">
        <ele>563.25</ele>
      </trkpt>
      <trkpt lat="38.838784" lon="-0.654771">
        <ele>559.5</ele>
      </trkpt>
      <trkpt lat="38.838728" lon="-0.654463">
        <ele>556.5</ele>
      </trkpt>
      <trkpt lat="38.838715" lon="-0.654353">
        <ele>555.25</ele>
      </trkpt>
      <trkpt lat="38.838596" lon="-0.653891">
        <ele>551.75</ele>
      </trkpt>
      <trkpt lat="38.838496" lon="-0.653419">
        <ele>548.75</ele>
      </trkpt>
      <trkpt lat="38.838458" lon="-0.653285">
        <ele>548.5</ele>
      </trkpt>
      <trkpt lat="38.838341" lon="-0.652985">
        <ele>550</ele>
      </trkpt>
      <trkpt lat="38.838191" lon="-0.652749">
        <ele>548.5</ele>
      </trkpt>
      <trkpt lat="38.838053" lon="-0.652523">
        <ele>547</ele>
      </trkpt>
      <trkpt lat="38.838011" lon="-0.652443">
        <ele>545.75</ele>
      </trkpt>
      <trkpt lat="38.83799" lon="-0.652368">
        <ele>544.5</ele>
      </trkpt>
      <trkpt lat="38.837982" lon="-0.652298">
        <ele>543.5</ele>
      </trkpt>
      <trkpt lat="38.837982" lon="-0.652244">
        <ele>542.75</ele>
      </trkpt>
      <trkpt lat="38.83799" lon="-0.652196">
        <ele>542.25</ele>
      </trkpt>
      <trkpt lat="38.838011" lon="-0.652153">
        <ele>542</ele>
      </trkpt>
      <trkpt lat="38.83807" lon="-0.652067">
        <ele>542</ele>
      </trkpt>
      <trkpt lat="38.83843" lon="-0.651891">
        <ele>541</ele>
      </trkpt>
      <trkpt lat="38.838651" lon="-0.651783">
        <ele>540.5</ele>
      </trkpt>
      <trkpt lat="38.838822" lon="-0.651719">
        <ele>539</ele>
      </trkpt>
      <trkpt lat="38.83906" lon="-0.651617">
        <ele>536.5</ele>
      </trkpt>
      <trkpt lat="38.839273" lon="-0.651499">
        <ele>533.5</ele>
      </trkpt>
      <trkpt lat="38.839365" lon="-0.651456">
        <ele>532.25</ele>
      </trkpt>
      <trkpt lat="38.839457" lon="-0.651375">
        <ele>530.5</ele>
      </trkpt>
      <trkpt lat="38.839545" lon="-0.651273">
        <ele>528.75</ele>
      </trkpt>
      <trkpt lat="38.839683" lon="-0.651091">
        <ele>526.5</ele>
      </trkpt>
      <trkpt lat="38.839791" lon="-0.650936">
        <ele>524.75</ele>
      </trkpt>
      <trkpt lat="38.839829" lon="-0.65086">
        <ele>524.25</ele>
      </trkpt>
      <trkpt lat="38.839871" lon="-0.650737">
        <ele>523.25</ele>
      </trkpt>
      <trkpt lat="38.83988" lon="-0.650666">
        <ele>522.75</ele>
      </trkpt>
      <trkpt lat="38.839866" lon="-0.650546">
        <ele>521.75</ele>
      </trkpt>
      <trkpt lat="38.839836" lon="-0.650423">
        <ele>520.75</ele>
      </trkpt>
      <trkpt lat="38.839791" lon="-0.650317">
        <ele>519.75</ele>
      </trkpt>
      <trkpt lat="38.83976" lon="-0.650269">
        <ele>519.25</ele>
      </trkpt>
      <trkpt lat="38.839683" lon="-0.650204">
        <ele>518.25</ele>
      </trkpt>
      <trkpt lat="38.839644" lon="-0.650188">
        <ele>518</ele>
      </trkpt>
      <trkpt lat="38.839555" lon="-0.650161">
        <ele>517.5</ele>
      </trkpt>
      <trkpt lat="38.839466" lon="-0.650153">
        <ele>517</ele>
      </trkpt>
      <trkpt lat="38.839037" lon="-0.650198">
        <ele>516</ele>
      </trkpt>
      <trkpt lat="38.838947" lon="-0.650198">
        <ele>515.75</ele>
      </trkpt>
      <trkpt lat="38.838877" lon="-0.650171">
        <ele>515</ele>
      </trkpt>
      <trkpt lat="38.838699" lon="-0.650055">
        <ele>512.5</ele>
      </trkpt>
      <trkpt lat="38.838621" lon="-0.650019">
        <ele>511.5</ele>
      </trkpt>
      <trkpt lat="38.838577" lon="-0.650007">
        <ele>511.25</ele>
      </trkpt>
      <trkpt lat="38.838156" lon="-0.649956">
        <ele>508.75</ele>
      </trkpt>
      <trkpt lat="38.83807" lon="-0.64993">
        <ele>508.25</ele>
      </trkpt>
      <trkpt lat="38.838025" lon="-0.649903">
        <ele>508</ele>
      </trkpt>
      <trkpt lat="38.837946" lon="-0.649839">
        <ele>507</ele>
      </trkpt>
      <trkpt lat="38.837882" lon="-0.649746">
        <ele>506.25</ele>
      </trkpt>
      <trkpt lat="38.837857" lon="-0.649695">
        <ele>505.75</ele>
      </trkpt>
      <trkpt lat="38.837823" lon="-0.64958">
        <ele>504.75</ele>
      </trkpt>
      <trkpt lat="38.837791" lon="-0.649443">
        <ele>503.5</ele>
      </trkpt>
      <trkpt lat="38.837685" lon="-0.649069">
        <ele>501.25</ele>
      </trkpt>
      <trkpt lat="38.837644" lon="-0.648902">
        <ele>501.75</ele>
      </trkpt>
      <trkpt lat="38.837481" lon="-0.648441">
        <ele>503</ele>
      </trkpt>
      <trkpt lat="38.83741" lon="-0.648286">
        <ele>502.25</ele>
      </trkpt>
      <trkpt lat="38.837301" lon="-0.64799">
        <ele>500.25</ele>
      </trkpt>
      <trkpt lat="38.837263" lon="-0.647808">
        <ele>499.5</ele>
      </trkpt>
      <trkpt lat="38.837213" lon="-0.647465">
        <ele>498</ele>
      </trkpt>
      <trkpt lat="38.837192" lon="-0.647298">
        <ele>496.25</ele>
      </trkpt>
      <trkpt lat="38.83718" lon="-0.647105">
        <ele>494.5</ele>
      </trkpt>
      <trkpt lat="38.837134" lon="-0.646778">
        <ele>491.25</ele>
      </trkpt>
      <trkpt lat="38.8371" lon="-0.646628">
        <ele>489.75</ele>
      </trkpt>
      <trkpt lat="38.836937" lon="-0.646059">
        <ele>485.5</ele>
      </trkpt>
      <trkpt lat="38.836875" lon="-0.645872">
        <ele>484.25</ele>
      </trkpt>
      <trkpt lat="38.836816" lon="-0.645721">
        <ele>483.75</ele>
      </trkpt>
      <trkpt lat="38.836795" lon="-0.645625">
        <ele>483.5</ele>
      </trkpt>
      <trkpt lat="38.836758" lon="-0.645507">
        <ele>483.25</ele>
      </trkpt>
      <trkpt lat="38.836682" lon="-0.645131">
        <ele>483</ele>
      </trkpt>
      <trkpt lat="38.836653" lon="-0.644965">
        <ele>482.5</ele>
      </trkpt>
      <trkpt lat="38.83662" lon="-0.644681">
        <ele>481.25</ele>
      </trkpt>
      <trkpt lat="38.836586" lon="-0.644289">
        <ele>479.5</ele>
      </trkpt>
      <trkpt lat="38.836591" lon="-0.644091">
        <ele>478.25</ele>
      </trkpt>
      <trkpt lat="38.836582" lon="-0.643994">
        <ele>477.5</ele>
      </trkpt>
      <trkpt lat="38.83657" lon="-0.643924">
        <ele>477</ele>
      </trkpt>
      <trkpt lat="38.836528" lon="-0.643822">
        <ele>476.25</ele>
      </trkpt>
      <trkpt lat="38.83634" lon="-0.643463">
        <ele>474.25</ele>
      </trkpt>
      <trkpt lat="38.836198" lon="-0.643152">
        <ele>473</ele>
      </trkpt>
      <trkpt lat="38.836135" lon="-0.643055">
        <ele>473</ele>
      </trkpt>
      <trkpt lat="38.836085" lon="-0.642964">
        <ele>472.75</ele>
      </trkpt>
      <trkpt lat="38.836018" lon="-0.642867">
        <ele>472.75</ele>
      </trkpt>
      <trkpt lat="38.835872" lon="-0.642696">
        <ele>473.5</ele>
      </trkpt>
      <trkpt lat="38.835788" lon="-0.642621">
        <ele>473.25</ele>
      </trkpt>
      <trkpt lat="38.835642" lon="-0.642508">
        <ele>472.25</ele>
      </trkpt>
      <trkpt lat="38.835567" lon="-0.64247">
        <ele>471.75</ele>
      </trkpt>
      <trkpt lat="38.835487" lon="-0.64246">
        <ele>471.25</ele>
      </trkpt>
      <trkpt lat="38.835408" lon="-0.642476">
        <ele>471.25</ele>
      </trkpt>
      <trkpt lat="38.835324" lon="-0.642476">
        <ele>470.75</ele>
      </trkpt>
      <trkpt lat="38.835212" lon="-0.642465">
        <ele>470.25</ele>
      </trkpt>
      <trkpt lat="38.83512" lon="-0.642428">
        <ele>469.75</ele>
      </trkpt>
      <trkpt lat="38.834957" lon="-0.64231">
        <ele>468</ele>
      </trkpt>
      <trkpt lat="38.83489" lon="-0.642245">
        <ele>467.25</ele>
      </trkpt>
      <trkpt lat="38.83481" lon="-0.642181">
        <ele>466.75</ele>
      </trkpt>
      <trkpt lat="38.834731" lon="-0.6421">
        <ele>465.75</ele>
      </trkpt>
      <trkpt lat="38.834631" lon="-0.642036">
        <ele>465.25</ele>
      </trkpt>
      <trkpt lat="38.834434" lon="-0.641955">
        <ele>464.25</ele>
      </trkpt>
      <trkpt lat="38.834259" lon="-0.64187">
        <ele>463.75</ele>
      </trkpt>
      <trkpt lat="38.834154" lon="-0.641827">
        <ele>463.25</ele>
      </trkpt>
      <trkpt lat="38.834067" lon="-0.641773">
        <ele>462.5</ele>
      </trkpt>
      <trkpt lat="38.83397" lon="-0.641698">
        <ele>461.25</ele>
      </trkpt>
      <trkpt lat="38.833895" lon="-0.641618">
        <ele>460.5</ele>
      </trkpt>
      <trkpt lat="38.833778" lon="-0.641441">
        <ele>459</ele>
      </trkpt>
      <trkpt lat="38.833724" lon="-0.641333">
        <ele>458.5</ele>
      </trkpt>
      <trkpt lat="38.833682" lon="-0.641215">
        <ele>458</ele>
      </trkpt>
      <trkpt lat="38.83362" lon="-0.641001">
        <ele>457.5</ele>
      </trkpt>
      <trkpt lat="38.833569" lon="-0.640888">
        <ele>457.25</ele>
      </trkpt>
      <trkpt lat="38.833419" lon="-0.640636">
        <ele>457</ele>
      </trkpt>
      <trkpt lat="38.83339" lon="-0.640555">
        <ele>457.25</ele>
      </trkpt>
      <trkpt lat="38.833394" lon="-0.640486">
        <ele>457.25</ele>
      </trkpt>
      <trkpt lat="38.833419" lon="-0.640421">
        <ele>457.25</ele>
      </trkpt>
      <trkpt lat="38.833461" lon="-0.640384">
        <ele>457.25</ele>
      </trkpt>
      <trkpt lat="38.833582" lon="-0.64018">
        <ele>456.75</ele>
      </trkpt>
      <trkpt lat="38.833632" lon="-0.640073">
        <ele>456.5</ele>
      </trkpt>
      <trkpt lat="38.83367" lon="-0.63996">
        <ele>456</ele>
      </trkpt>
      <trkpt lat="38.833699" lon="-0.639847">
        <ele>455.5</ele>
      </trkpt>
      <trkpt lat="38.833716" lon="-0.639713">
        <ele>454.75</ele>
      </trkpt>
      <trkpt lat="38.833728" lon="-0.639488">
        <ele>453.75</ele>
      </trkpt>
      <trkpt lat="38.83372" lon="-0.639354">
        <ele>453.25</ele>
      </trkpt>
      <trkpt lat="38.833582" lon="-0.638436">
        <ele>451.75</ele>
      </trkpt>
      <trkpt lat="38.833269" lon="-0.636773">
        <ele>449</ele>
      </trkpt>
      <trkpt lat="38.833122" lon="-0.635926">
        <ele>444.5</ele>
      </trkpt>
      <trkpt lat="38.833072" lon="-0.635668">
        <ele>443.25</ele>
      </trkpt>
      <trkpt lat="38.833043" lon="-0.635379">
        <ele>442.25</ele>
      </trkpt>
      <trkpt lat="38.83304" lon="-0.63504">
        <ele>441</ele>
      </trkpt>
      <trkpt lat="38.833039" lon="-0.63481">
        <ele>440</ele>
      </trkpt>
      <trkpt lat="38.832963" lon="-0.634771">
        <ele>440</ele>
      </trkpt>
      <trkpt lat="38.83263" lon="-0.634187">
        <ele>437.75</ele>
      </trkpt>
      <trkpt lat="38.832059" lon="-0.633137">
        <ele>434.75</ele>
      </trkpt>
      <trkpt lat="38.830704" lon="-0.631101">
        <ele>426</ele>
      </trkpt>
      <trkpt lat="38.830325" lon="-0.630562">
        <ele>424.25</ele>
      </trkpt>
      <trkpt lat="38.829412" lon="-0.629462">
        <ele>415</ele>
      </trkpt>
      <trkpt lat="38.829347" lon="-0.629436">
        <ele>414.75</ele>
      </trkpt>
      <trkpt lat="38.829353" lon="-0.629367">
        <ele>414.5</ele>
      </trkpt>
      <trkpt lat="38.829362" lon="-0.629266">
        <ele>414</ele>
      </trkpt>
      <trkpt lat="38.829375" lon="-0.629143">
        <ele>413.5</ele>
      </trkpt>
      <trkpt lat="38.829387" lon="-0.628929">
        <ele>413.75</ele>
      </trkpt>
      <trkpt lat="38.829386" lon="-0.628753">
        <ele>413.75</ele>
      </trkpt>
      <trkpt lat="38.829374" lon="-0.628658">
        <ele>413.5</ele>
      </trkpt>
      <trkpt lat="38.829335" lon="-0.628504">
        <ele>413.75</ele>
      </trkpt>
      <trkpt lat="38.829305" lon="-0.628422">
        <ele>413.75</ele>
      </trkpt>
      <trkpt lat="38.829268" lon="-0.628344">
        <ele>413.75</ele>
      </trkpt>
      <trkpt lat="38.829227" lon="-0.628278">
        <ele>413.75</ele>
      </trkpt>
      <trkpt lat="38.829175" lon="-0.628213">
        <ele>413.5</ele>
      </trkpt>
      <trkpt lat="38.829134" lon="-0.628171">
        <ele>413.5</ele>
      </trkpt>
      <trkpt lat="38.828914" lon="-0.627984">
        <ele>413.5</ele>
      </trkpt>
      <trkpt lat="38.828874" lon="-0.628015">
        <ele>413.5</ele>
      </trkpt>
      <trkpt lat="38.82885" lon="-0.628017">
        <ele>413.5</ele>
      </trkpt>
      <trkpt lat="38.828811" lon="-0.627997">
        <ele>413.5</ele>
      </trkpt>
      <trkpt lat="38.828786" lon="-0.627953">
        <ele>413.5</ele>
      </trkpt>
      <trkpt lat="38.828781" lon="-0.627923">
        <ele>413.5</ele>
      </trkpt>
      <trkpt lat="38.828794" lon="-0.627865">
        <ele>413.5</ele>
      </trkpt>
      <trkpt lat="38.828832" lon="-0.627828">
        <ele>413.5</ele>
      </trkpt>
      <trkpt lat="38.828855" lon="-0.627822">
        <ele>413.25</ele>
      </trkpt>
      <trkpt lat="38.828879" lon="-0.627826">
        <ele>413.25</ele>
      </trkpt>
      <trkpt lat="38.828991" lon="-0.627625">
        <ele>412.75</ele>
      </trkpt>
      <trkpt lat="38.829068" lon="-0.627451">
        <ele>412</ele>
      </trkpt>
      <trkpt lat="38.82907" lon="-0.627434">
        <ele>412</ele>
      </trkpt>
      <trkpt lat="38.829064" lon="-0.627372">
        <ele>411.75</ele>
      </trkpt>
      <trkpt lat="38.829041" lon="-0.627284">
        <ele>411.75</ele>
      </trkpt>
      <trkpt lat="38.828968" lon="-0.627149">
        <ele>411.5</ele>
      </trkpt>
      <trkpt lat="38.828736" lon="-0.626859">
        <ele>412</ele>
      </trkpt>
      <trkpt lat="38.82828" lon="-0.626252">
        <ele>411.75</ele>
      </trkpt>
      <trkpt lat="38.828106" lon="-0.626024">
        <ele>410.5</ele>
      </trkpt>
      <trkpt lat="38.82813" lon="-0.62598">
        <ele>410.5</ele>
      </trkpt>
      <trkpt lat="38.82822" lon="-0.625005">
        <ele>409.5</ele>
      </trkpt>
      <trkpt lat="38.828245" lon="-0.624638">
        <ele>409.25</ele>
      </trkpt>
      <trkpt lat="38.828244" lon="-0.624388">
        <ele>409</ele>
      </trkpt>
      <trkpt lat="38.828239" lon="-0.624236">
        <ele>409</ele>
      </trkpt>
      <trkpt lat="38.828216" lon="-0.624041">
        <ele>409</ele>
      </trkpt>
      <trkpt lat="38.828129" lon="-0.623405">
        <ele>408.5</ele>
      </trkpt>
      <trkpt lat="38.828107" lon="-0.623308">
        <ele>408.5</ele>
      </trkpt>
      <trkpt lat="38.827961" lon="-0.622869">
        <ele>407.75</ele>
      </trkpt>
      <trkpt lat="38.827704" lon="-0.622098">
        <ele>405</ele>
      </trkpt>
      <trkpt lat="38.826694" lon="-0.619067">
        <ele>387.5</ele>
      </trkpt>
      <trkpt lat="38.826646" lon="-0.618886">
        <ele>386.25</ele>
      </trkpt>
      <trkpt lat="38.82662" lon="-0.618749">
        <ele>385.25</ele>
      </trkpt>
      <trkpt lat="38.826417" lon="-0.617479">
        <ele>378.5</ele>
      </trkpt>
      <trkpt lat="38.826324" lon="-0.61687">
        <ele>376.5</ele>
      </trkpt>
      <trkpt lat="38.826313" lon="-0.616759">
        <ele>376.25</ele>
      </trkpt>
      <trkpt lat="38.826303" lon="-0.61654">
        <ele>375.5</ele>
      </trkpt>
      <trkpt lat="38.826294" lon="-0.615873">
        <ele>373.75</ele>
      </trkpt>
      <trkpt lat="38.826281" lon="-0.615619">
        <ele>372.75</ele>
      </trkpt>
      <trkpt lat="38.826267" lon="-0.615496">
        <ele>372.5</ele>
      </trkpt>
      <trkpt lat="38.826094" lon="-0.614636">
        <ele>367.75</ele>
      </trkpt>
      <trkpt lat="38.825958" lon="-0.613987">
        <ele>363.75</ele>
      </trkpt>
      <trkpt lat="38.825907" lon="-0.613722">
        <ele>363</ele>
      </trkpt>
      <trkpt lat="38.825891" lon="-0.613653">
        <ele>362.75</ele>
      </trkpt>
      <trkpt lat="38.825777" lon="-0.613134">
        <ele>361.5</ele>
      </trkpt>
      <trkpt lat="38.825744" lon="-0.612999">
        <ele>361</ele>
      </trkpt>
      <trkpt lat="38.825651" lon="-0.612599">
        <ele>360</ele>
      </trkpt>
      <trkpt lat="38.82562" lon="-0.612517">
        <ele>360</ele>
      </trkpt>
      <trkpt lat="38.825612" lon="-0.612256">
        <ele>359.25</ele>
      </trkpt>
      <trkpt lat="38.825571" lon="-0.612195">
        <ele>359.25</ele>
      </trkpt>
      <trkpt lat="38.825547" lon="-0.61212">
        <ele>359.25</ele>
      </trkpt>
      <trkpt lat="38.825543" lon="-0.61204">
        <ele>359</ele>
      </trkpt>
      <trkpt lat="38.825553" lon="-0.611987">
        <ele>358.75</ele>
      </trkpt>
      <trkpt lat="38.825558" lon="-0.611962">
        <ele>358.75</ele>
      </trkpt>
      <trkpt lat="38.825521" lon="-0.611692">
        <ele>358</ele>
      </trkpt>
      <trkpt lat="38.825505" lon="-0.611647">
        <ele>358</ele>
      </trkpt>
      <trkpt lat="38.825433" lon="-0.611455">
        <ele>357.75</ele>
      </trkpt>
      <trkpt lat="38.825367" lon="-0.611302">
        <ele>357.5</ele>
      </trkpt>
      <trkpt lat="38.825301" lon="-0.611148">
        <ele>357</ele>
      </trkpt>
      <trkpt lat="38.825274" lon="-0.611079">
        <ele>356.75</ele>
      </trkpt>
      <trkpt lat="38.825337" lon="-0.611025">
        <ele>356.5</ele>
      </trkpt>
      <trkpt lat="38.825588" lon="-0.610556">
        <ele>353</ele>
      </trkpt>
    </trkseg>
  </trk>
</gpx>
